id,name,obsoleteReason
plpindekhdcaapipejgmopjipellkkde,JsJobs Redirector,
ngejelfdalbinmhkmlafffeeeknjjhel,DickHead,
ebahojhefjjjadnalohcidjibbepcinl,הרחבת מבט למרוץ,
afbcjojgpfbbblimegohoifbnfolhnjc,NextWord Translate,
jmialeeomccikgekgbbcnbekhnoofnal,MTPEXPRESS,
epkmidfakebmmhlobmlcnjcejhhkegne,Twitch.tv HTML5 Playback Controls,
degmoeploiddfcgeoeobihjbchfnjlmp,EzURL2QR,
kjigkcahelnbncmkfhkcdfpbfodbplfn,Hundreds Chart,
ehfljgbbpjgcfondpjcmbfmmpnhchfkg,Feed Proxy,
jnjpgagcbhkomjfkfimifpddphbiilkh,Reddit Slideshow,
eihlofapoahdelmmdphpobogokfmdmbl,LinkTips,
gmbniglhocommhclbapaebjofodkgjni,Marx-Mode,
bidggighgeapfnoagdpjjniolldibdfa,Compliance Deputy V6,
alniefhcemcjhgabfhdnmbgknfpjchom,Gadget Buzz,
eimafbopadiepgmnmmjgmedblhlljlad,BuddyTixx - TTM Helper 4.3,
ifbjmoekdanaoejlofellkadfpeanfla,Công Cụ Đặt Hàng Của Click Order,
mgpebdmhfkgdemnnkkhhhcjjdniflkmo,CR Requester,
ejcbnfgeiphhnkmpjggnkkhnbefihelh,Raccoony WebExtension,
llgnjenjokhagmagnoaikpnndbfjhlpj,SQDC Back in Stock Notification,
offphobpedohkenckinejacpjodchgmn,Browser Stealth Mode,
hojeljpilmhieiaecibmdmdjhfijecgd,Evercuts,
dkbbalplflfmcnpeomlmabkgcobkcgfd,Khóa Học Bartender - HPCViet,
mbokkmfanncjglpmncfimndgohnajplp,Envato Authors: No Author Fee,
obanalcjjhlhikmhfkeifieifjbpnchg,Kluk,
cgkjfohooamppcndhnmamboiipnmeaak,VAA,
dbkgkbgeebgdfihcneopgbdaicefeooo,AMP cache,
aghibgjhknbmkfmijmkmckaadnjbhgho,Parks and Rec Speak,
kgfjafdahhkoiabgaappgdnojpgjbahi,Talkify,
bfcohnmjbpeilfcijkjkeggbdmehhnbk,Chrome DevTools Dark Theme,
ldiempnpimnpcajlbggpabagnocfbfpj,Auto play next slide for Flyco,
jeehkhpiepgmjpbcckdglnfmogadopkj,My Episode Guide,
comgdpdblghhphamnlfjdmcpfekanbke,Bookmark Lock,
opikagfakjgbfjigiicjnafldahmjjkd,SEO THÀNH CÔNG,
fcapdibcekhbdhagckmlcdjnhhoakmbo,旦影科技,
kclcheeeodgkddfbhjjfnofifkjbieof,XRP | Simple Ticker,
paejaglkembmdkckapaicgoagggimeco,XI New Tab,
idiomkjpboogdmkpndeepnkldhbpnnpb,Switch Tabs,
epjkiemeljepjchlfoihkfjglnlfojna,Integrity VPN Checker,
lbjllijchokifdbfadedpeeaefkedkfp,PR++,
gmlmmapnnkcddlmacbhkpcecmnpdpfkh,なぞってショッピングバー,
kbmipnjdeifmobkhgogdnomkihhgojep,Shareaholic for Google Chrome™,
hnoheojfnfoadajfnopmabmpcgmlkmlg,Yarn Ball,
mmmdblkpdmphgnmdghomodphmlickfhe,ВКонтакте mStyle,
focmmfiiechlikbfibkmkfabofhapimh,Maxsip Softphone,
apmjfajhkmhljgbnfaelpikhkbcdimml,Paradox (Darden),
hneiampckniifnbbacpmljhdojkbjmmf,Studygate Screen Sharing,
dbngcgkkmlhlnlekkjpakcncgkfekghh,Manage iT Extension,
ghclpimmbjepihhlnklkiemncamklkii,Find a Job,
ggllbdflajpbkehkelpchfpclcmggpnh,微博黑名单共享,
ceecalgkknbnfnmbpejepnfjjogamdhi,Stopaganda,
diofbkkbeiifhjpkajdmalnadgppineg,Say No To Comic Sans,
lhkffnjblckapacjhojkngplcedobfja,Sample Screen Sharing,
aicohdnbjhigmdoeilbigahinnmcnnnk,Fabasoft Folio 2020,
enfobanealjpcleicpaokmpopaaffhjo,Placebeard.it extension,
igkpinhkgghcbpmhokkfgjecjndmahle,Double Trans,
aoelpnngeplbfflgholbocldlcgjokpp,Wellington Paddler,
kpbpniempdinfjfgphomcfkijinlgfgj,GTD: Trello Card Links,
kfdfflecmnpbbaolbdedlmgnjophecpl,DataCrypt plugin,
dpjkpdelbaahkeeoeppmgkbliipjcnpm,Post! (Postila),
hndkippiajpholnhmcmlcebbcgnhldbo,Gradient Tabs,
bncgadpdfckkjmlmppinnjimdgiecipc,SmartXSite,
hjfghlbhpighbjohdmhinpoehnoipdag,UAJRZ-schedule,
hnmieianjjgcfknpfhpacbmgkaibpcfb,Toastmasters - Pathways Keyboard Navigation,
cejenldplolaekiechpfbhaancmibimm,LoremIpsumReplacer,
pfndagjbhbnmjbnphmdgekkjopgkmopc,XD Team Extension,
enagdppahodeoonpcboolpfaeipiingp,Alkohol Per Krona,
ogiamhdbdhlebdoahfnnipnheblajjdj,Bitbucket Diff File Toggle,
hfgohiedcghgocoahdhennohkpgffpkh,Slash Bookmarks,
binfcpjhomfblfllhodlnminjjpdaiab,linkly.pw Free URL Shortner,
alobgnedpnalbocldljnakbbaemakhih,Background Process,
nilimlimpbaddockkomfmpgbblmejkop,HashMyPassword,
eanldpkmpgjkfkfhfnfjomccogcfohlh,TeamsFixer,
kiippffnklegemmhjipbiilhplklabmk,VK Graphics Patcher,
cljdkpfannpoafndihjdjbonblbanini,Gougère,
ejcikppeheahkonopgpipoedjmmbfdel,TopGrows,
fnaaphnopbacdnekofacnlhablgmmfki,Browser timer alert,
aacbpcimjjgcoamejbfinokjnjnadljl,Tab Manager,
calcadjojlbjppijehnmjhpccdhknodk,UI Previewer Button,
djhnfbibmdenhcaadlifhmpoboaelkah,Please stand up,
angcjbfgdppeamdncnobbnobpojicodd,EcoBlock,
jcpphaimdfnokgkhhpekcmijnggkjimk,fatava alhaeri,
leonlgmdbcdopngfbkdkgfinmnioodfi,മൊഴി,
kfcjomcfmimfnhhilblplhlnipbfmdhh,Require,
dgnnmnpdnijbpipjmdnpnafjoakkbmbc,Pembeindirim,
kdbibdpnfpcddocjlollcjkblilhkkno,nCena,
lnhgdalhhjkfmmdjbkhilkinoomigdkc,right-click QRcode reader,
dbdeockjfjihlblhpbdbpadnmkhancmk,DataTrust,
afapcfoaobcdldlafeoacnpjlnjgnaeg,Radioline extension,
geolfkpcjeeoblejgpfkkfhnihbnlfci,Airtel Balance Quota,
bgeabncpebgnfcfehgjlaphbgiklbpmc,Gaia Online Friends,
ogfbcfkihdkplelnaenpgkhnkpoaggjc,Hacker News: Mark All Read,
kdkochodolnbncigpmpenjjohjlkccii,WebWall - Internet Security & Privacy Safety,
dkmhhddfoojmodcjegnnnjamdbmpcnmb,MZ Extension (powered by Luminus),
decaoenopoahbdpmpmkmmgfmgcaadpee,refresh-it,
jiklmkbgenafdloghgmhafdaaaimidek,TAU-Video Controller,
hbchdcohponnnjbicnlmhimhidadafmj,QuietAds,
nacjakoppgmdcpemlfnfegmlhipddanj,PDF Viewer for Vimium C,
ighnmhifdfldfhjnfplnmmjlfpjlbbci,If You're Bored... New Tab,
pbojgfiidlmejdemmjhmhpogbpejfojp,Sidoc接口调试,
hdgegjpdnoipkmilflccipiackefefek,Letzten iszene.com Posts,
kdiihmclpfnnijmmjckldhfdljdflhcf,Zalgo Text Generator ᐈ 🅟🅡🅞,
mjffedinmmdbebmljeoobdiccmoldidg,Polynesian Keyboard,
mbljojmeanmcfpmpelgipeacbaijjeof,PorchLogic,
hhjibfjhfjoledimkkafjammfkoekhmi,RAWG Toolkit,
nacifdngbdljbokjfafefojlocjopebl,Rocket Fuel,
bnpckefnchkddofojmcmliidagckcoph,wayf extension,
flgoeieddfofeejaohmphbonfhkjkpgp,Videoonly Connect Screenshare Extension,
npanekfkgdflpjmcgdkhdndfegonliig,Silph Arena Tools,
mebamnmlaejijhncenldggolfjffjeie,FatBoy2FatBoy,
gapfkijlllenhmgddoldcfedfiiakfgg,SoundTouch Chrome Extension,
dlnjlajbdnhgcdeljgbhkiaodefepnpf,Sky map,
jkpahjicmehopmlkbenbkmckcedlcmhk,WorldWeatherOnline,
lidjpicdkcgjdkgifmmpalkibjeppdof,Fuzbal,
pjllimfmpjlpgnofbdianhfkocddpabd,LifePrint Search Assistant,
eangnokgoknapoddpfgjiepegiinijpf,Chess voice commands,
edecgbjfjpedgppbmhedaoiffklffnal,WebMon,
aniigbmhndolpkjfipmlnfbljicohgma,The Crypto Prophecies Helper,
jfiaocmgamojjagpllpljapgekgmkaje,ProtonMail (unofficial),
iionpnoihghdbfhebpleeiceoeddhfgo,qwp,
onnkjhdkcbhlhgkdidlhkjoloicpdhfh,YouControl,
nlfpcplkkfipcalgpfbfcdjplmnieabo,CFCA CertEnrollment.sfzito Extension,
glgmjdmfggnngmedfgccfdbhdjlfafin,Opener Detector,
kinhnahcpbhnjhimpbnhnhmobkpmgkok,Cross-Origin-Fetch,
npknaegcinnmnmeglmkddiejclbinimj,Github Stories,
eggggihfcaabljfpjiiaohloefmgejic,Smart RSS,
aegpmieedgglegodcgdfdhchkfhnbdhd,Presentension! -Presentation + Extension-,
jgnkkambbdmhfdbdbkljlenddlbplhal,TimeCat Chrome,
apnenglknmpfjpfcdbobpjigmaapjoip,GPS Link,
hlicgijflokafhfomaekkinbbpimigcm,Sites Notes,
gnjnlhichnbmmdheiifapblmakcjjajd,Intercom Conversation Export Extension,
noellcflkkiccmhhgknliefohloedjhp,Panda Locksmith Chicago,
djamlokjblgcpopojpandilmhmlednie,glink,
jlnlinahcngkalagopmboffcpppaefkp,Wander - connecting the world's intellectual,
fheenloboohneodcililegfgaiaandjg,Website Time Tracker,
baomlgmnamfkkmeikjbihghjiapaejgm,Ted Cruz is the Zodiac Killer,
jemdhflhkinmcgdokiomfipohgcjfhfl,AC Client Connector,
bnkngpnppnbdnfpfhfbmnakhmjlghphc,Days Until Death,
dkoihnbbjhokldfdahggimpfpkfiacke,Nonsensical Trump Monikers,
okiihkkepfflelenbeccgdldoiphadcn,Notes for save and watch,
fcjdobllamgdbbjhhhpghnffideklgpa,Mavo Inspector,
agdiggcgfilkpibhpimnlcdcadcgdakn,MKCL VLM,
nbaegdkhokgebjcjjpjliefppcaalcea,Twitter Stars,
hnmnniangaimcpihaobfmpmpjehndmap,TrakZo Url Fetcher,
hholjjoddmmmapakolohjlclandfibhp,影片工具,
aabimdpbhplhgamadpkinajlgdnlhhbm,JH Screensharing Extension,
ohccpkjiolefjbdgakkaihamdcdfgdnm,Slow Down x Terrace House,
okdojehkdmgfbooghbdkjniknlkiekai,Never Buy Books on Amazon,
lamngbhakljkgbcgodaadoidliknclpb,naver-realtime-keywords,
efablgbmhenlnbblbdijphjkobelffib,芒果店长,
kngfclmodcalgnlafnjgplnoamboaala,Yuno,
hjiaolaleehlaolihjkfieoniikfibgo,New tab plainify,
kpneanfianllkhblmddglckbanoifamb,okdice,
bgijffkmhihbhlkfldklmkeblmfmmojf,Softswitch Click2Call,
cpnjigmgeapagmdimmoenaghmhilodfg,Cisco Umbrella Chromebook client (App),
jphomldalicnlidjipmhcbekajjneeam,Medium right to left support (open source),
jmegcchcncinagmgnipadjeabfndjond,Erkek Yönetmenler,
dfpbfekaakbmmlpkjghimjlconpnfmbl,Jira - Estimations sum for columns in boards,
hjmpogdhmjikcndcaiapdepadfmpbibi,NBA Standings Extension,
meogknoedhhdmkgcmmgdibeeinnhfnlg,Merge Gatekeeper for GitHub,
cnnbgfjbojcpojadjdjliiaaiaenabkd,ZFC,
mipbcjcbmobogindgncbgljodleecnio,Quyền Dương IT News,
ofhomfjdmacholiopnkhaeahibadabbk,Waffle Due Dates,
gjjcklclbnmdkjeampafbfejdegmpccn,Sify Attendance System,
pjbmngoecndhehpdlpihgdnkchlmbopa,Morty Search,
adbccbcljpncecpnfiikaopbpjoiblla,Advance Strong Random Password Generator,
hiamgbchobpeihdmlmgbhdgkaeihnfoi,Naranaya Live Notifier,
fdpobhifhggcdhbpfjmlhmminhckfdbd,VINsync for LoopMeIn®,
hgjmlonfhajogjbjeepodggbcigminec,Reddinet Extension to App,
boeplfofdabogkgimajcpadbnfcmkmek,painter for workflowy.com,
mcocieadfficfjkppfkeebbelbhalekf,Bernie Blocker,
dmbpihmdkiieiknjnlgebnacmleljcao,SGM+,
mohfakfjfcmgflmfgijikdpbllnjjdfn,Acer VR Utility for WebVR (experimental),
hkpbdngedlmfcjfidjgcicffckefdblg,Linquick,
nmjjeegdffiahoepnhjomedajlphigoa,Phytonic,
dbghoophdkjlfhgjfogmbddonciapnmb,Quick Definition,
kbjbjdhcadgapllledgnnllgfhjkldmc,MeetChatSave: Salvar chat do Google Meet,
badakgidephfjnkajakbiaapgfdpbobo,Rowlen - Boiler Repair & Installation,
ajhhbcijfppddhamgplpjjkdaeffbeig,TheHub,
gliplldjplmfocfpkbpmaikmeiildjel,"Subtitle Google Translate (Lynda,LinkedIn,..)",
lmnpbacpakagageocmghgdbognjiabmb,Productivity Tracker,
jockfgmijhccnlnmjodhoghhhagdjcaj,watch-outTV,
dlkefkicflndebigaacikbddifcpcfog,OC Magician Cast (Demo Version),
npnaipmjejpfpdcmiceglpnhaglfbalm,Ujwal'S | U&U,
pdjapdlakhncbanemlhgbcfdppolhcne,seventh-audio,
jjlolaimofendkjflhlbboimljcemdkc,NLCB LOTTO,
ppnddpahfikdfpipaacidleeniejbmnb,efmrl.link,
jnkemijklbnbbihjnfjcefooneifbbbi,ORTUS AUTO-AUTH,
jdkcokclnbgnmjcgnoepmnehnapocjej,SQURL,
kbhicmfhmnelfamcafiggaajaglpbfmn,Search History,
pmpanjpddeeoikijfkegecfabnknpaib,Pendo Developer Tools,
oolncjnjoenbdipglnkgkamjhlbfemcc,オリジナル画質で画像を開く,
igeoeeodclcjojegahpcfgapliiinpko,Github Tasker,
lnndgebkckonofenjadkdgcldjgkkngd,Αναζήτηση στο Tech Community,
plkdggocalocfcldlphnbeonlogfomkn,Twitch Stream Randomizer,
eadinjjkfelcokdlmoechclnmmmjnpdh,Clever Mute,
mcfndbjgaodnaammfonmfdkeechnpong,Password Generator,
kcaibkkagggeomamfggebphpmkdaeoak,Twitter Page Cleaner,
fkgbihdffeadajmibmljcdocfdhkilin,Refined Prismic,
cbjpbmbeldfmbammpemankmbehifmjac,Webframe,
mjkcddblobfnkhlideknfkbfdmogdglb,Tab Search in Omnibox,
fjgpnalomamjbadjallibeecbhjedkcj,Oscobo Search for Chrome (UK),
higifdcpoicalcpgmbohdohmcgamabfn,Trello minimal UI toggle,
dijdhkcfdaocpepndegmbkgphbpomdai,SciHive,
cojncglajihhonbkdmhbckkpfncokdfc,Searchberry Home Page,
lobkbkfgfpgbfcdeeafmcacnepipjmjb,West Coast Surf Cast,
jdijickcomhemppfhoeiodidphhbdhfp,CFCA CryptoKit.KingSoft Extension,
bgnmfcaahgpmkicfdfffkbapjjonjhpn,MDN-Dox,
nflceoejeonejohanjbkfebpfejlfdcn,Add Shortcut Tool,
ipdikcolcplanmbkhlnmhemgkhidkpne,Five Nights at Reddit's,
fcgmgjnnohnmfaafkjpbinakabldfbag,"Fun Box - Emoji, Stickers, Gifs",
cledmefbedeeoapeeplinjikeonchmjn,Hypertrap,
mkkanjdepngjhbleholkmhflcofpclgl,Termos de abUSO,
ailhfpiopbgmkialcopngdlabknkjdni,Agario mouse controlls,
ollgkdcopgldobkgnenomjiabepkleld,Bear Force,
hgdbbplbgkalaniabcbophhjclpmcldm,tw-debugger,
enaifbbcamagcjaaeeaomhofifdgpjcn,steemconnect,
fpdeeiodjafkidabmmeighhmfffnldak,Dogfood Triage Feedback,
cdcdbkamgfoecfogbikdpfaadadjhhaj,Biased News Boycotter,
kbmjfcgbpnigcngkjgfjmaameebdhhab,HBO GO Quality Enforcer,
mdlcajfdgmlhebfhnmgobeppapjbiehm,Liker - the Ultimate Like/Follow Button,
ocdbgnmielpohkjpinlpdpcdhmnkaebi,Harvest Right Tracker,
fkbolcdjndfhgomddllngfaaacomhion,U-Verify - El Corte Inglés - PRD,
cehoooajcioeccjmmpplmildimjimmbf,【焼肉いつものところ】Super Bookmarks Add-on,
kcnklmddcbnpcdkacphojoilolnbdakf,TheraNest Screen Sharing,
idpfjlmioiehnbangddaoheiifnjipii,PKSHA 面接コパイロット dev,
nacmikiidpbifnbafhcafhnkkgnjinfi,Klingon Your Dates,
nbcnegaandbnlmjjjiilflbejbjaleng,Talk to the Hand,
ffelghdomoehpceihalcnbmnodohkibj,Always Disable Content-Security-Policy,
kcfnghmenhhfldkepgifndlghihmiocc,BiliOB Chrome Extension,
chahemppjcbnkgglaamhjmpagaagfpdi,Redmine Powerkit,
gaohagapiiemdkehknigebocnfgccjnh,Moose Wallpaper New Tab Theme,
gjlpcebhgaldnicjbbgbpcnpoainlpgf,Hide English Sentences (WaniKani),
gejgjjckkgcebglnbfmkhikdldnildac,VeryCD Unread Count,
jfbdigabdijldlaenofjmjkgknbbhpkd,GitHub Pull Request Reviewers,
ajabmkbhelefbgbjphcgffoikoiajaib,Trailers for Netflix,
ejpddgihmnpjdedldacjlhjjlilfgjok,HistCleaner,
phcefmljbehmneoegeokgmaboiklbnnf,NUTabs,
gcegbenhjbgpcjmenmlmnlhimaidahff,Email Monitor,
pgmaidhfoodebfiocgananbdfnankehm,Magnet Links for Torrentz,
hehmkjmjappgeijgebepcnnckihfjbol,E START Startup-page Setting Tool,
bofleohimpkphbfglpnbbnnpcoleffdb,Content Sharing Extension,
pnhllbgomopfdgjinofeofdoohbiippp,PE3,
ganidhjffbfbogpoabfmmjajmolieano,ColorblindChromelinks,
almdeghijgapmbfpgjmckpkbmpcniknd,Vikings.com HQ Video Fetcher,
palfafnpioepegfjdalbdkholicpmffj,本番サイトでアラート,
fnkjeafoiamlbgpeebdkjkjflndpnedj,Vitality,
egkbiiglhcgopbejlhmekoopkjcgbgoj,PEGA - XPath Builder,
mipmoekconjngnkeglahhfpfeffmlmjg,Free Tarot Reading,
cigpmcdkmijhbmpagpemffcaffddgblc,Extension for Netsso Telecryptor,
aaedpjmdgnjiclmfkoifbeafomekfmci,chrome-unserialize-php,
jclafgekedbnphekfjeoalmlkiohikac,Reducio,
alcioigjnoobcjjedmhbdociakbjhckd,Công cụ đặt hàng Khánh Trang Logistics,
nejhljchonjbbppnbeggcndiekjhangd,InterLogistic Tool,
fcehimcehfbdhegfobemmpebkgdnonff,Knightley TREASURE,
ilinhcehojfecdbojomfaiahnhclggdl,Marvel Download,
ifhmjcncabgcmoebiaedpohnngckoocj,Great Wild Outdoors News,
ggfdbkjgeadkhlpfbcdmfjfcgbpnbgch,Splashtop Business,
cjpkoghfjpkoapnmkppphegcmchghjdn,YouTube Skip Chapter,
ajkgjcbojadgjfpgngfdlfgmoicladkb,Space Hotel - Flash automatisch accepteren,
ebnohkbmielipemkmhcdlgghdijhlebb,QHelper,
igjhkbdieohbcjgmfjoenfifgdkpnkhp,Extension LaCrypte,
eecckhlngodgphdjocpjfgodblhddkkm,Share Tweets on Facebook,
lpkpoabmcfonkeemmkhikpjpiaddgggo,屏幕共享,
egbgfaldpekjcbmfhbjmcafbfcdjgboe,Path Converter,
fkbhbocjkoimpgppjcekleljimakaadg,AutoCogs,
cmogeohlpljgihhbafbnincahfmafbfn,Cookie Watch,
habbjbijekoahahkhnbieigbmdimjkgm,ClipPage,
mkdkhcojellofoeckmmekmfhkejjlpkf,Kindle Device Selector for amazon.co.jp,
olgcimfmiofmmoomdigabaeeffoinnee,Công Cụ Đặt Hàng Của HT Đặt hàng,
geknnfgemiadpooaaandcnlpblkmaild,Uniweb Skin,
ifkgpacemihiplnocjocpgmoiefcojik,Alice Keeler Classroom Split,
aojfdkplggdfhhifcbfkbiangpbdbkag,Github Issue Template Labels,
mmjhgjcmfmjmahgjhkjfondhnmlfeacj,Words Unknown,
ghfejpmoddbllghmlkaidkmfpbomgblc,Password Pattern,
ffifgjakcpnaoammmbflohhnloiegfbe,NuBank OFX,
bpafdhgeglgcecmjifmedefjgcjgomfp,House of the Cheeky Serpent,
jellomkphijifcoeoefbniimkdehcjfl,Image Compressor,
oepbpdamkigabminkagecahfgdgbbodc,IC naming extensions,
cjfeohjffkdehdblcolicjhhnbphcmna,QiWallet,
cimokahnaiepgpbbnbjfhfaoigppppep,KrystalTV_,
bcgnmmmgdnlgbadndlmdglmeadgdogeb,자연을 키우다: 깃헙 기여도 & 커밋 확인,
mchgobbccmadhfjfpejaemobpoefloll,虾米小助手,
egdinfplilacgcdooijcgacejjdbnnge,Link QR,
ondkidjofpgbboejieebmmhcblhpadnh,Rebump for Gmail,
gjhglpngifoifchellmcejoiepkmmmnk,ToDo N2,
immjfjkefegohcfainoonkmookfapick,じかんをまもろう！ YouTubeはあと何分？,
mdlmelgmhmofhdlobpidommbphbjapbj,Smart Search by Woo,
agjkojlnihookgldjldokokoomeffbka,Curation Organizer,
anbgdkddbanbknnpbbhpebaaeencakao,tapsafe,
laapobniolmbhnkldepjnebendehhmmf,SyncMyCookie,
hkaocoaocledhflmioeaalllidjelihl,SecureCX Client(UAT),
jlbdhfcbonnlmhpcgbindnfikbpempej,NoTranslateName,
hncoaagegcdnajffjpkldhfceipfgnnf,domodel-diary,
cjkcjfmogkehhgpnfkokokplfjolbnje,Don't Buy It After Midnight,
mlnmaaccnkjclggckjinhjklladegpdd,openUR,
pgkfaceobinfopefneehgalbmnmbgfge,GitHub Helper Plugin,
jmlcildnngnpajfonnejaaghcblmefea,vn88 - Cung cấp link vào vn88 mới nhất,
dpaniepcmcgflbboaepolckbpgnifbeb,Persistent Google Search Bar,
emmpodeiofjjjigcmaegnbfkhobclfgn,PRODUCTIVE New Tab - Material Design,
aombnldmcbkbeljcmcicfdjdalnjpnfh,GitHub Layout,
ldcgeagmacacldhhbmonehkocjedeogf,Sorted Tabs,
baaggnhjlemceiccodmmhfpbkdolocka,CRM Automator,
gemckbcnhjhpkieinkcpdeemgjidlmfn,Cryptocurrency website anti phishing,
efjbfcpabjpljkleapicfhgohhceelgc,Dash ID Bubbler,
iblnknjdoaleoakmfmeaobpdggnnffee,PostIL Tracker 2,
cppobnnjbeloibeklmpgajoggemofgec,Frisbee: Earn big while browsing,
fcbhjoiikniliejghcnihedcjobnjnob,Breathe,
hiifjfgimklijlmlikbpokdecbekdldm,Keyword Replacer,
aifdchekbmlmleaaahcdiichijehnmee,Shooooty,
nceicncpaajbgdadelpiaghpjkagbgic,UrbanLookup,
oofglbjbibdnjgeedgeoocedlfimmiah,Showroom 通知表,
jlgfjhckgjnfiapgajanlcbiljcjoabe,Dash price,
peffpgcjchpghgmiaelgdjahjagkcdfe,Tip-It!,
jhekmajgaihhnjekgamhgjphneakpjfh,Dabs - Quick access to your Daily Tabs,
iggcipafbcjfofibfhhelnipahhepmkd,Hacker News discussion,
cgcbkfhhcnajodpjddhpipljimehlnlp,Weekup,
gojolbgmkdmmaomkcjiaaebphcmjgojg,Add Bookmark,
cajlejogbjblhiamnihpfhmpaohgakhl,Fix my Twitter!,
edfnmmlfbdhmcgjadhbdgboafckickob,Dự án Stella En Tropic,
ljabmmklleinngbcjkfemeodpmilbcgj,Reddit Tags Filter,
hoijmdcknjhgaldpiadfpiobciaoghhh,URL Unwrapper,
eiidoommigoobecmlljjikbfinlkplmd,Flows,
llnacejmojgigdpafkhmgabpofchkigc,Old JIRA,
jkaedhaeddmnmeaogfnbgmmmhlbiljme,Social Revealer Plus,
bcbgcioblphgimgphgmjnkjcioagnppe,Blurry - Blur unwanted content,
pagpfipidjaloanpnjgfcnbcnnkjcbgb,Trend Micro Password Manager,
iaiglpeefdoagfbbfhjfbmomnfobojia,Video Recorder for WeVideo,
alichgeikcnmpjhknildaacknjcoecfb,AuntieTuna,
obaafgnooialgalkphfchfccpnhnecdm,svg-preview,
ojlagggckhpedblhemgjhecbggnibale,WeDeex,
meifppogcngbljnpnhpokdblbghfdmce,Advent of Code delta-rank,
kbgmbmkhepchmmcnbdbclpkpegbgikjc,SimpTab - Minimalistic New Tab,
bfibpphfhdpgkmbpkfmhdiklgcfmmkha,Bookmark Navigator,
hhamlafopmjnfkoogdfbobdnohcgidjn,Find Meetup Events,
bfngmlpjadbhlpfccllkfdehimpjcgmo,Simple Calculator,
ckfphpmobmoadbdkmffnffngagjohjmf,Admin UI Tweaks for Canvas,
bkgpdabchaofnadjlonknbncfplgdmaa,Miniman,
amffgmhobgcnnefbncobbgdklacalllg,Github Background Color Changer,
jjgdemkolpjjdkgmfgolldlnoghhodlj,HistoryMap,
clpkogkeflllfhidkdmcihadhnghljjg,ニコ生入場アシスト(β),
bbcpajfaoadnkgllcmimolldipaedfep,diantao-url-router,
nlnpeeaafijaebcdgkdeojkpnkfkjdnh,fillUp Formularze - dodatek,
epooclmdjjbgeaodlcbghafhnbgbgbpi,Minimal Yellow,
libbnajfhfbdbifobacmhomihbknfkhi,Inspire2Clipboard,
gpkpcpkpkgfafchdaobohcfaocanbaao,SEO Website Best - ApolloTech,
bjjijfdoigpmnjfpmhdphmppcdkcpndm,标签一键保存,
gheapnefkgncnelpbgjdbckmglilbgdl,HNProfile,
fcdpeacolfibfkcocepgajpjpaikomlj,Snail King,
dpkcmpfeohfppbgflelbkemojphgjdhf,USC course watcher,
jeodjhmdnogknckkcgjiiiocgifhikgh,NebuloChat,
jjdipcmdpdmbjifjnccldmccobipombh,Better Eight (8card.net) Tools,
fknpogbbjooljojbnaenjikhijjfhjkm,Google Meet Plus - Remove Time,
llceakbbpoelahikkdfmgbdafclkkdlj,Webpage Share by QR Code,
hdnnkahjgbbebkfcmefalfmcfclakcdh,Outline,
klgbcckheikhkhmklfbdbnhkmmpbmjce,Google Search Result Hotkeys,
cicgbhdeihafklhaccmenljnemmbkmpe,OBA Validator,
hihohfoiepjfabaacalblhlcokodphmd,"Cho-cho, Time to work !",
cgciiiaepbjigkfllfdbaikfdfbbdmdk,Discover Twitch,
cjmhnbejfeapjpnphakfmjemjjabheba,Goodly Mint,
mkkfepolbfhfcmdddmegcogkokcgcakg,Trump to Angry Mango,
oenobhmoblefelidkcmdkfpnilhafpfe,PassLock,
dehgflebhpbjkeiokaipakaeblanmmce,Meet Mute Toggle,
oaoadfbceemhlfehbiihkdhlfnchgcef,Pbm Mappy,
oihpindlepmooloblabmlodlemkfkcaj,Shiver Me Tabs!,
fdjiaemhdhkdniibidcgnmjfblokooii,Reddit Search,
lfoephndcoilebphhdbmnbpikailpmpk,Youtube home to subscriptions,
kjdcahkbojfgcfdljeniplnifekoenll,kaugushi,
odklofidedfkjjgjnobmpipmobmlgkel,You(Tube) don't stop!,
acojndadomohnjafbdclbonkohefnmhc,Browsee Analytics,
npfjpfiklllepdafbninggooaameocop,Pre-2020 Google Icons,
ppcfkojihamjfcpiffmpmgheeanboonf,Trump to Covfefe,
dpealgnedanapbepaegeajlhpbidbifg,Hawaii Wallpapers Paradise New Tab Theme,
hgddajjaagpcdfedgionhgmjoofehfee,Amzship,
mkhdgadimehhojbgpphhkodolihgmmfe,CoinMarketCap,
achofajdllpmammddgfibkchijpgepgo,HyperG - Automatic Hyperlinks In Gmail,
ehgpgghblmadddcojmdabljppoigbdgj,Block feature for viva engage,
inmifejkfkbdjoiigobikpicldmiadla,Annoying Tab Buster,
jgoglnfeholbpehohjbelilljdphphli,Fold Socks,
kapioaafnijgfgoleainklgocmebaecm,Leitura Livre,
dnglcfmkeagcfmjnhgboabkbjkdnkija,Getflix Region Switcher,
miildgcokpdcjlnngogkllclpfbgegpj,5 seconds back,
babocajfleeapimlbagijhnnlbamkngf,Probability Toolkit,
ebegkcdlhhkominilddgnlgliblngghl,qqmail shortcut,
edeghoiegfbmioabkkfccdghamfgcnmp,Evolution Simulation,
njcljhgmlkeifggffneneonmjifdgmpg,Spinelli Outlet - Versace Jeans Collection,
oclkmkeameccmgnajgogjlhdjeaconnb,Local Native,
fiddcobkgebcjfghaeagpppboifhidci,Reviews LOXDefender for OLX™,
peajdnimfafpnikepcbbpfhlinabpghg,Twitch OnAir,
lfipjmfhhhnciglngdamedmiflbhcdop,Upstox voucher automation,
gjjlndmmfjccdaonmplmlifdadagggoi,Gemsmark,
dcbccokopgbcimohepkbeadaedcpifaj,Safe Image Search,
apbomhhnhlaempjhlmllojplgnnkgjaj,GrabBox,
capmabnhnfnjgbpjcjadmhcaggpjfkba,Skip the Envelope,
chdiocfkdadffpdomkbogkaaojggclcf,Individual-1,
omifopgbnajhgbpdnljcnagmkmokdlcj,Bitkub: AI Chat,
mneolihbhkfoaflkdkidmhnhnbpkimko,Ubook,
jhacnjoigfofeafhjbfbiomccldndggb,Math+,
bmgccdmjooljcnnhhodgaaoajnkdgcpb,RuneScape 3 Hiscores,
mmjobjkkoeoklejdaclonlkofnaojind,The QRcode Generator,
bhajciggpdkcmcimnjbaafgmdppmagnb,GitHub Task List,
bfomhlbdidkdmbchggipkmnllldlfmne,Multi-Regnskab Upload,
ikijbjphceaapcgigpdejijgphdcnide,Corona Tracker,
aidlimhbkbbifgjlihhhakplpgfoljmh,Todaily (for JIRA),
adhmjapgmiikkeimckfipcehphfbebaa,Hemeroidy a jiná onemocnění,
pkphbliaifghbanmingdfblmjpbiakgi,Pliment Generator,
hinllambflhajfhffnaeplcaonpbpkgo,Black Ice IceViewer for Chrome,
ilckkolfecjdpckafbbjlgcobboignja,Geen advertenties op Marktplaats,
dhlbnhklidocogdehbgocdffpaicihjo,Remove Members Only Posts - Medium,
gcenlahddpjfaajgaabljjklnmdephlc,dejavu,
mghdpkceacindnhpgfjpfngncmeenlai,AskFPV-Price Compare,
mcklmkgdecdjnknfohnagekofdckmooh,Amazon Smile Auto Redirect,
hjncnoinligbhieajeadkpejllkchaij,GoPage Tool V2,
akooakjdakkbpamfgllgnknighbpajgn,パスワード倉庫,
hlmjbmbhphgpdgknfkekehlmflenmomm,Search Helper,
aolnglhfdhbbeckdlblhgiipelphjojj,Security Extension 19.0 for your anti-virus,
jaccdpaccdpnonbghbpigkjjjlollmak,Pou Games New Tab,
akokginhpmbmklmbehkejedhgogmkngi,Order1688,
gldakbghopefnhcagpbhdocnopmmnbfp,TapChief Screen Sharing,
gkkchfaminmmbmlkinhojlmjdianfdgg,Organice CRM,
agfjggaihnlnaeijacpmbkpgpanlihcd,FoxTel Click To Call,
lekjlgffkaencjnlcmbgibodhechofdb,Kill-Sticky,
ffkhdefmhnecoafnkceiagjppcbilemk,Have You Heard the News?,
bcdmgepoehglioanaafilhhfgnchflfd,GmailAddIn,
obofboahkdjdebgnjiogebmmleemejgn,QRCode,
pfeaebdkohpbilllnkplplggbkdecfhn,x15 Data Classification Extension,
beaakedaanmggkibanddhfncpaglnbnc,Lorem Ipsum generator,
inhllegnnenopjdibdbnlijmcphnjgfl,Digikar_akie,
hbclnonbkccjpghmehnppbcngiefpeeo,Jira Tables,
bokkminknpmapfnbhoceikefmkjbpifl,Bolded Keywords Extractor,
nocmnlabjiibfjmgieonkkalnpjncoca,FB Queue,
onclflpcmjmnfbefnenpakeakhneliof,ALM Follower,
ffikcppnplpajjkgkkfimjiojhgcmkbc,Çekiliş Yap Kazan,
jcahfcmpjpmijkbcaklogdlmpihnoddm,Bellflower,
kaoejeenbebmpkfaokkohpkokgfhbjme,Simple Daily To-Do List,
pkkfejiadkhhlcpjbbkgoaebaoifadem,不利益Check,
kgfodmcknjlgkbgkkafogbdaibkfgdgo,Material Design New Tab,
fhjdnnefemijiadjmmafafonjoicedhd,No Feed LinkedIn,
ndlgjfbgjaddnkchgnejhiogpalghfeg,CoAzSuscriber,
igedhbjllcmgidlmhclmphmhlllkibkb,茶友会 - 淘宝查券助手,
nbmlmpbkkdpllkockidnniakjdjipcmd,Crossword Plus,
eapfaoggapmabingclmjigiflhhcedfj,Movie Search Center New Tab,
pifaacfjdpgifjjdkffihdimbahohcdo,Moodle timer extension,
jaachmijjgimeageefijcpcaeljhblmd,Bitcoin Ticker Brasil,
nhedmcfdbabanbnnejheclohjgjllngl,二维,
fekdhhinfbhhdieodcdjnjjaofmbogbj,Post Ghosts,
jeclnapdhfheooplcjplkhpldoklcdoo,Notion Automations,
pkkdopcjagbkjdcdpdmnediacjhholli,Original Images on Twitter,
ekljeoillbffchedponaceigjnbiffkm,Push Blocker,
knonepnighjggajmcccdkfcidomekemh,AutoTrader AdBlock,
lddacgflkphkomgopppehnipjmpejkjo,CONNECTIX SCREEN CAPTURING,
jlcdodckngjdnofegpjalggmcbedlfek,Files Downloader,
iajmbllmbjojpoilecapflgebmodnfio,MyAnimeList Searcher,
mmomnjhagcfpgkcidjfbjbjklojcpnli,The Green Smile,
dcdpdelbjfimkjhigopegdmkcaefmenm,Mouse Marker,
chajhendglmdggfpedgglkeibibmmgmo,Tokpee,
bcfkilihkkmalpebgjlmbgmkipokkfcb,HomeHunter(DEVELOPMENT BUILD),
ibfkomndfjmpobhflongpgofmgjchbai,BMHome,
paiplgkkdacppbkleeimpidmcbbonibj,The New Wiki,
omchjbogjpeegneefacnhaddmclohmon,GDQ Schedule Enhancement,
lmjfjafdpknamhnhkillmnhdmnolgmjl,Zoomiez,
jfiabcklnnhkmkcdjjpmgghiimjkaeio,Citable,
okdgfaddnnijnbndefhipeoekcgpabnk,CCIM: Closed-Circuit IntelMap,
ffddjiogaehibkbejnmbcgmgpgcjfbjd,OCS Price per gram,
gbanjlddiddkdkelcfelkljajcdhjkam,IMT4Eduv10,
cipgpcmhcbpdkcadaggigajppbnkkaof,Playboi Carti,
egadgigecilocnjamakdccmpeodpnmoi,WEBGALPI - Highlight & Clip,
flmkgdhcjionmmacfhdhphnfghhibmec,Wikipedia Context Expander,
bakndmjlnaclenkimgfjdeeajaknfajh,Television Show,
nkmngbhndogeidjoegalpglhimbibdfp,General Surgery prod,
caejheoocpdeannphdachjgnpohpnlae,oldredditforever,
fdpanjjjnjopokhncmliffkcnnhjaiec,QRcode Generator,
dgglmnocacpmnagcpfliggljeejpmnin,Lazy Eye Training: Web Reader,
cfbkcoehapcabmjofpibhndfkbhklamj,imba OCR Extension,
jdkjckndecegekgnogmeobdajbnnmgng,Hotel Deals Finder,
pgofidhfpfbanomhjadmmmghffnacflb,Strava Total Running Pace,
kolhjpgfheandkmfpjeelmponchpimmo,Euchre HD Wallpapers Card Game Theme,
mlllofogkdnjbpmcokmijkojliidefdp,Dental House Referral Tool,
dpobhneijjdebjccapdmeflhegkjfeij,Ecosia Keyboard Shortcuts,
mohhomndhinchhjgjdpmgifllebpkhlp,Quick Base Field IDs To Table,
eiejppffpppelndcmldkpjleiojibopg,POMOTODO,
bdpbedlojhgikfhlcocciokeefmlfaei,Bola AI Voice Perio Chrome - BETA,
mooaaejpdfdebnddpokcdimcobepahlg,Panel Components,
ddiiaojmncfmdmghfinjfedilkegilom,Mantis2Trello,
elenhoialefmpbobhefccoccedleefhe,Twitch daengmin2 DCCon Chrome Plugin,
hbfdgbjdgcdfomplikngdngkpohcecjh,SoupTitle,
bbancfpedjelehjidhbcpbmgaekhaaff,ManuelFerraraTV,
pniopfmciclllcpockpkgceikipiibol,Better Bookmark,
lkfmekffciaajeflkfegpmlhfapfholj,Verse of the Day,
acdlhldnonjkjomgdieacckbdcmjbpdo,Video Captions,
enbboabmkalnjjaciinmnjfbhajpejbl,NewTab Color Void,
amdnjmpcoialaikdldjbnkipmckdheie,Black and White,
dlmmhgaeahcfkojednnfghfpinbinicj,Set Discord Activity,
khbofkpcdlkkgpkjdgibjiambmangfip,Voice Command,
phacniajokfchdcamjhonkbhlcipplno,Scratch 3 Developer Tools,
ihdkkmepfpchgbbmjiconlahboehjeni,Value,
cbdlmdhngncimfacpmplnkeliidfoipb,Favorite game [robo-space.com],
dbpaabddcninimgpkifpingoidmbfoeh,Lisk To The Moon,
banglmaiengofgfenpnbhjphadfphddc,Pokupka.eu parcer,
aolcffalbhpnojekmimmelebjchjmmgn,RootsSearch,
cipiahhkmahomaihjhaaeoflhodhokaj,COVID19 Tracker India,
cjfcggkodegcngbhenjoppjagififcpk,LeadMine Prospector,
gifbbgfcpmlabhpibehhdgmdekepejld,CallGear Autocrm integration,
nccohhimobidpghgpnejnbkpoichbbml,Reading Time,
njjkgbhnpmhcafoochagpelemahdcjib,Flexor CTI extension 2,
lciiobdgpdlmfjnahgcdmgebmpfkphpb,Video Play Speed,
olandodeakaenppolpmkgodnldffgmfh,Fashop to Salesforce,
jghmdingepcggbhphhfnhagfdejlfbcp,Pokémon J0L Extension,
cmnjahggaaomipfminckcbcnoaogfagp,Brave Health - Healthie Chart Note,
gcafnimbejmgkeodlmfbfphcjhijenhl,EO Dissector品牌印象标注-qa,
nmbgmlcgfijmpcpphmdndjjchiokjlfb,Cisco Phone Controller,
nfdlppohmiabeejodbkihcfpldmdenno,"HELLO, BABY! COUNTDOWN",
glnfmhpocmmifjlbeddfbbkdccakaopp,Synthetix (SNX) | Simple Ticker,
ofpglhlcdbjdhlacgbljnildhajfmlei,Download Manager,
mflkmfjfknigkpijcagpmclobmboklno,EZ Cheque Writing,
hldmgnalgllnijfjojnfpfochojnfife,Linkedin Recruiter Office Extension,
lngmpepkiehelbokpbaaddablknfoncc,Random Wikipedia Tab,
ebkfofdpelbpdomkoneenjophblkdcji,goodbye_news_feed,
kpkbfagnekcghfehaimegomjkgfnhban,Attendee,
ghoealjfjjibhhdhialmimmmgoaeagbc,Gacha Life New Tab,
lcjncibgcgiphbnnalcpagcmigkejolg,ShardEx,
diegfijecnocdbbdieecjdcmdcdaopch,RegChula Captcha Solver,
lohekcihaibnhdhlbohicihejbfchikj,GitHub Searchlite,
kgokpmgkoegnkkgocdmlmgecpmfdnlmc,Mileina Notifier Live,
epdnoibmbncohpdbandekhobeoilgokh,GimmeEnglishPls,
ckomdcdniibaenamgfcdchngijohnifl,iClip,
knebfbjebnacplmjmkhldkohhdidaefe,Japanese Dictionary JP,
nlcccgcedoleehdicpnlnjeccnlfkemh,Reunit,
eemiicoiclnhhpkdjlaocianghieepan,DIM CSS Overhaul,
fpenmhaikgkndgccdafgepimhpgdcdah,ForexCurrency,
dcpgceookkaoeoenhonmonoebkmaekjk,Nick's Transit Program,
chfmfiilmmlcfnphhddhbabnhpibejfa,giga_school_lcm wagent for poc(inspection),
fgmapjkdfhgnpknlbidhdhffckknpeml,JIRA Worklog Tracker,
bkiibloglfhhkphhjphgjabppnibidmp,StudLab.com - студенческая лаборатория,
ggehiibkppabmbennhmapkononmhidei,ZynK | Kronos FMSI,
mgpniciljocjebahllhbgnlnbmgdmgjf,Allsearch-now.info,
piebfhjfnpgckpegengbagbhnokbflnc,Mail.BG Mail Notifier/Checker,
bapgbdjpdegpfhfahdonpfedikjikkib,Translate selected text,
hbdplfijcjnbgeifjbhdgdpaniodhcbf,I Just Want the Recipe Janet,
ebhiafmjpcihakkaafdbcdclonondkkp,Pixiv Kurocore Plugin,
pjnhffdkdckcagdmfmidafhppbomjdjg,Pocket Vim,
loflmebpckkaofffkeoejgoiekjicope,𝕏-TZs Scheduler,
afheiigcbbalndmghbolcgchbfafindm,Steam Extensions,
chpnklijpljnhclggffloajldgfmeefm,Online Coaching Older Adults,
cpljaadijigafmnagppppejngdnndoaj,Xueqiu,
clidcbpbdnpfbgegegajickcflcnlgdg,Meizuiba,
kmflghiffkojoldjcogebflmlnfhkdcb,Web Lines,
fdppijglimagboifklceednogagekojj,DribbleGrab,
pgdnjcdfopnnopgfkihpmfodeaahbmno,Wevuw: Review the Web,
diodoealnlopcdjgclpjhjcdoedacmje,只搜 - 知乎 Search Only,
klfamjcbhhbgcllahleohncpgmcbceeh,CartoDB Translator,
mmhnclpifibdcoihegnlijighomlaiag,Collapsible Diffs,
dbgjfhhlkdlehcmcadjjcfncapajhgcf,LA VoIP screen sharing extension,
nfdmpjmlmckaicecbfogihfempgpgclg,FakerMail - Unlimited Disposable Email,
hdmolilhlogincpaomciebdgnhjnngbn,AutoShift,
ljcagjkgoidbjkgacjkiielnkcmmccbp,Tag AWS VPC/Role,
kcijammghaamhcoocoobcdbllaainalp,Krisha Listing Analyzer,
bdjldefoefllegplkmbmdkjibnlghinb,Visio Viewer Free Online,
polcbnennmbhbdoafiicjgccofalcncl,Hydrawallet,
kcilfkccjdpfadhgjamgmnhcnfdgjjml,devTweak alpha,
alfkgcbidjlmbgbnhhabciookcoiomkf,Slack-Rally Extensions,
koaaophnckngclhkoldeenjeinkjkmck,Bookmark,
dehicokgoihccdikhlkgfdijdniclapk,WeBuyAmazonExtension,
dcomkhabmkjidaknhhddcdcnkoalfadi,iLosty,
emkalpeicbbppchileodlkjmabcaaldk,reddit toxicity index,
fkekohplcbagbbnhincjbokccgpjmkjp,Shopee WeAnaly Tool,
kbchbhcmhbplafabgblflanjcjgokgln,cafe51,
caalgailaopfobcgmhcglflekfefpcdn,WebSafe365,
hgjeonoccaofgnliipohcnlondnonlpd,REDE CIDADE DE RADIO,
oaoknelgkigohopfbdjdhaehaagjmacf,YoSearch Weather Tab,
faklccpcajebgenllibfaiijceeoekgn,Metrics Extractor,
omdigdhondiofoncicdakjopkjgebaee,HR Black List,
fjeioblmaijiakkflmjnbnhcdmnhlhde,Youtube popup video,
cooomndobnbjkkomaeihknjjhhjhcmba,MEETCS MEGA PROCTORING,
ndjffnpnjoipcpbpfkgengipennjbblh,useful issues,
bcedoonfodajchdkcldlppilhpkhbpao,Bitbucket Contained,
aogefgiamlllkemngojodbhbdigamjkj,Sleep Timer,
mcfelmkmgbibpgkklglafpenihjockij,RandomMap,
odkfbmljaomnibofnefflonfehhbhnoo,Justify,
ffbobjhmimfndgckophanjpkbopcpefb,Loopholes,
blhegaadgeoojfmmohlefoibhhjjagil,TrumpTurd,
mnhhapcdfkbdcgondmfoegkmblnlpham,速卖通长尾关键词采集,
eekkfphopidijbebcjgnkhacnpaepldm,Kiss of Life Wallpapers New Tab by Gameograf,
mfofmcdbaeajgdeihmcjjohmhepcdcol,太空饭否,
pghdabpagojegpfplckdbnlalpgidikc,Linky Extension,
ifgkihhkiadokpghpjdmahaknblgcogi,Discover by Hipmunk Travel,
angefdpnmgbcbkagjfponcmhngcddceh,Docs Extended Scrolling,
fcoiikfhfempfajefakhkjlkmloihmlp,MarketVSX,
cdlgellnpndhikdedjcefalffjopdjhc,Add Signature to Now Community,
ghcobbkjdobahlopkoohegcbgmnikpaa,"Bookmarks, History, Website DevTools Sidebar",
ledpaehpcpagpfagafnmdjededjcdccl,Watermark.ws: Batch Watermark Photos & Videos,
oaehgfeheajiibaahonkjjkbhiemdaao,Bugfix Ano 2016 PareAgora por Casa de Código,
kflhgnleiaemnemmnbfndohdoabfnock,Feedly Subscriber,
hdabkddcdmmbhbheicmnkdkodfjnnpmk,크래시 수치 조회 도구,
ofglmkdhbegjalppjcpdcbnomkemkojm,WA - Group Contacts Enhancement,
ndlpokknholbnmpamepplidpkfnmplgf,Usability Hike: Find usability problems,
ldlnjooejkccjhmckcdapjildinejjbc,FreeRiceDict,
fkcpmogjhimokbhidgpkbeljkkgachfm,D&D Beyond Concentration Marker,
acieclflijheaejbikfnkpeikogkkgio,TempText,
mgekpibffclndigohgamoifekfkgiecd,FracTEL Screen Sharing,
aegimlfdphdampnecbhlaclnipmpcdkc,Smugness,
mccmmmkfffjbbodeilbpngnlmkeglkoa,Share on Facebook Blocker for Youtube™,
ikfgldhflogacnhppcliagnbmjmlljfh,Dota Scryer,
ddfjkjlcnfhjpmhaooejocainmdacilk,President Keroppi,
ganjpdgggbabchcbbchdedladlcnnkop,Hillary Filter & Jeb Filter: All In 1,
eilbofgkaiijoklddpojkfilggfchcnn,MOT/Phone Windows版 Click Call,
phfdfldeidijafbbdacicfddflckkcmg,Cookbook Recipe Copier,
mihddbkdcclcdoacfmkkchoedgepeemc,Audiosum,
pfjhanjpohjlodomhamejgpojpknnhhg,Notifier for Rizzoma (beta),
meiclleccmfmheoplgelombebilpndea,Deezer Tab,
aknpkdocbjlncilahajpaeeajibehflc,AmericanSearches,
dhgfjjjnmfkolfcmcmdppghhanopfine,DarazScout - Daraz Product Hunting Extentsion,
nhekmbdnmcjlfiboncigobdbigchipln,Translate Man,
oegigohfacogpciniaoglfmdmbnapmla,Copy CSS,
ogeebjpdeabhncjpfhgdibjajcajepgg,Page Monitor,
npphpmbmpboghpojhghihkheedgjckkb,Internet Explorer Countdown Timer,
bbamdlhecgcmakehkkolcdgpanlkjapc,Content Finder,
llcajfhnnllobdblhapljohhljngjmej,Visual Search,
allgnpeakaokfkooimkglcpnnfeoceol,Circlemarkr,
jphdoeojlaonipopdglojnlbcmbnojkk,TimeDoc Health,
fglgpmnpgdlfialjjhmhmihbfgfdngmo,Jitsi Meetings,
flgjflnifhabbdliblomhkhoplfhheie,Move Tab Left,
jibjdbpdbnbbmgghkmaelgkekdcgabbc,Open Self Tab,
foangfbelfledediabligjggeimekejn,Meta 4 WCS AI,
ahoidcjbonnbffaacnmgdpldfhdmcaag,BingoNinja,
clfldjhhkpaihbcdbamcdgpiegepodfh,Memory Saver,
jgodkedciialncikdiiaicbpfhgdagfk,Tab Notes,
kfhfekhnikgjcoigcpimlocnmedaicpe,Dólar en Colombia,
moefbccmklpfcnjmllahemalcjdlinlh,GitHub Filter,
llipdfjiloibbimfoecmoaefflcbnmce,Open link in background,
ibekajpmhffhfhnappgjngdehfjlonhd,TL;DR - Webpage Summarizer,
kpbegenphlphjmfaahimkaccmjghphaj,VK music hot-keys,
penapmcjbgdpiddmomcghdjikcjlbojl,Wikipedia kufi font,
ghfniojejmhmdkfifaggaehmgjioeifa,Lilo - Solidarity shopping,
fpocfajnfadmkkmlnccdimokahdileob,CryptoVision - Portfolio Tracker,
nkmkbonajmfdmggipajmifjnhifimgjf,ResultMaps Inbox for Gmail,
ebbplnackfijdgaocobghipflkadnejp,Word Blocker,
jgehjigfmmdedecnalcjpkjbhlfcichb,Salesforce Background Control,
hfeedabpdgnnhlggoopgbgcnjaiffdao,Buy Used Buddy,
iegiiapfgomeedpnmajohjdlcipbecha,梦想小说朗读助手,
omebnpjnggdipiojocnekbdbgkddcghg,Tab Sorter,
lpjochnddfngifjecbnmhklefcomlbbl,ClickBlocker,
cidpkmmdeladeicipbmfaccjmmpdpnaa,Box Notes - Table of Contents,
aeadahgoaggemhcjmnphnijfhgmdgooa,Kite Tab,
jlaafkninpicloimkmmobdblgpmkpkhd,Crypto Frontline - Latest Blog News,
lmdhgpbbmafnmlkpeaafegpohagkoikd,Cachebuster,
nblmoonpiilkcfcckhhdaijolankohkj,Translation Disabler for eBay,
dnlejdcodlbpddjpnhdkdhipaceegmdh,Agile Stash Launcher,
dbpmejojgibdkkjhfhlpaicdalkfangh,LocoHost,
cicdejemngdfogflbhpplldjmjobmnff,Dom-Mapper,
ccgfaocoioaalmkpfffljakccbfnbkpa,Trello Export Excel Suite,
ibakhgbldoealibhbnggdlhjalbceclj,Website traffic displayer,
labphpolbahnbfbchaaamggoidhoepkh,Copy+Paste Helper,
cgkljhejjanbhnggknpkcmoheioaohja,Twitter Feature Switch Enabler,
jdplecglhoeknpbmpnjaildjiinpblfe,Music Only for YouTube,
deekoplmjnhcnbkpojidakdbllmdhekh,TurboVPB,
gmcpgaffphllfkahifdhlhjfhnokiman,erase-blocked-user-in-discord,
dpfgmabfakicdmcijnddgbelfhfkddnb,I love adaptive – Mobile/Responsive testing,
ojmbnjahbjkeifbjojldnkpnjbpekmol,QuantCopy,
mmcepdaleiacehgnccbkjiecigbnijga,Jobs in Korea,
dfllfghgkeehncgndngdnbgcfcieohdn,MegaWrzuta.pl,
jikhppmpafhplndfedldogehgpjiiekm,GitHub Reference Aggregator,
efablljndhjdcdaipipfdobhaddcbcka,Beijer,
iojlafmhhbgcoojblnfhioadhinpckgm,DARAZ Lab,
kkdkgniafpfdnjaekcacijpfadmbobok,PriceCook - Amazon Price Comparison,
lkhfeoafdgbaecajkdbioenncjopbpmk,IPP / CUPS printing for Chrome & Chromebooks,
hnkhilgjlcijgmingmljjflndiglpkbi,SocialSec,
popngnmmgnogohcakpnildedjnhogmco,FitNesse exporter for Katalon Recorder,
obkobkceidjpfihjnkocoofibggihopp,colorful,
ieegcjmcooiiihijojfnnpkldceagjej,"ClickFunnels ""CFJ""",
njhihpneeepnepnlkhfbagnndimhhbbc,Cantece de si pentru Copii,
oicnbfjohflooapeicnopfdopffnbdgd,Silver Essence Extension for Chrome,
jbpmogcodacppflhoieoonhebbgmnilk,Malendar - A New Tab page for Malayalees,
gikbpaigdncgooaokibbmbmginfbgjaa,StopAll Ads,
hgoaecggndljpedalkbobaahmfaehcjc,Markdown for MeFi,
ckmckfpgpinaipfjomhahlahnindcnpp,PokeDemon - Pokemon Replacer,
cfjdpjeckjeidiheiemhafmjpcgbookb,Caladium,
pngepbdkkoomfhjdbdjhichjlfhbdcoo,Ckit Plus,
cldkmmggmbkoailaihjhmphcnflknian,Go Away! Autoplay,
hjkccbpmccmbhfnnkijhhcjgpdfhpppo,Socialy Pro,
nejmlobcaghdppkjgihmmeigobhgecnn,Trello List Filter,
ncldcbifofahnogocjngkedbpfngafba,frankenfrank,
aclaagihbhlfekfdnlaihkameamipike,Bidetifier,
fgckabonplgfoiimecdddjdljmlflajo,Bite Sized,
pflgjjogbmmcmfhfcnlohagkablhbpmg,二维码(QR码)生成器(QR Code Generator),
dfhebacjiehcfaniioabpmgfbifobgia,Red Cloud Lakota Keyboard,
mbgdnfmdelffjdhkdggilmphfdihnmcj,はてなNG,
fkkaeabngidhaknjdbicgjbfhekhkpge,Threadnote Chrome Extension,
gmpmgngfkjfkcedcmjgpcdakodofaeca,Memecase,
mmaohdaafffhdmmckmjpncbnhamcjkje,Link vào nhà cái V9bet mới nhất - V9BET,
mkplacijgkcbcognmoibmoendlchlkcm,iCentrex Screen Capturing,
mmjiklhkmelmcndgghbkfknilhidphdb,Chronicle for YouTube,
hccbinpobnjcpckmcfngmdpnbnjpmcbd,AppJump App Launcher and Organizer,
gllmlkidgbagkcikijiljllpdloelocn,MakkhiChoose,
bkogfepopchadgcbclcblaajfghojegd,Supper Helper@V2,
fmdahfpbhlojcajehlfgcnobmhhojbgb,napOleon,
mbgojgblcihihojkcfhgoiidejgabmoa,D'Anchiano Extensión,
bblggkmgbdcnbgdjjggjegdddhmklcpg,Select and Dial,
lkppjpfgjmpbmlfhakbknmiebfklmeng,Easy Wikipedia,
dgcnmkiapljfgcgjoneacpnobobnahlh,Adveror Publishers Toolbar,
pjjjadcdhmmkpabbbfedbjbbecklclfk,Twitch Bonus Redeemer,
egnjfklhakfobdcbmhjmbdgbhaafibfj,Easy IMDB Info,
kgkmjbhbdakcdfkkgmmihcceekcdmefe,Roam Portal,
jdiingledcmkbdenjnfelcoomapkcbpm,LinkHay QuickView,
dfjbeaemgelbidfleegkcankpcdflnbb,LTC Insight,
lnheaccleeofnijkggobiigbojeoekaj,Babel,
kkaofnohhkiblopkbheiondecoochmhc,Backlog Sound Effects,
boajadhokhjkmfjmnmmkkmgnafnbcfco,Desktop Capture Recorder,
oginaehpdjbffpiiceiadbhbjlbjpgke,Magic Keyword Ranker,
ohkkponpfoijonbbedcehkhfejlobmkb,Ancestry Media Download,
iabhaicocjkcjoaemlhagkpgimegkgfj,Design of the day,
kmlfacfkomcakpjbdcclhgldpbdcacfc,Asksuite Email Templates,
hhdckmiilcadnoaffddeojlhipkbdekk,KeyLock,
lbgbimkndmnfoppemnjphlflokfpldfm,ISIS Is Losers,
aipcjpjoafepakjniobfgfnmhiaflapi,RatRating.com – Rating & Similar Sites,
papafaajgpnblabjapiibkhdfjaghnhg,AstroStore Quick Add,
edmajllmpiohfanjfemembhnapjbdfdn,He Shall Not Be Named,
pbfbaeobcojdjfgplolbofdjlahhclkc,Cryptodex,
cfdnldjcnachhlmeaeocfapmpmpiagga,YouWatch,
ockllnedlapcklcjgihfmacpjhjpnogd,Themis (Θέμις),
fofdlbgpcbmdniedpmghlmpeedanlcgo,Themes for Facebook and Picture in Picture,
kcballhgojbhidlpjhaccanjfdaeiplg,Smart Back Buttons,
ognlebgilogpfbccmbglkehfbloohbam,Wowphone,
paeeejhdehbfigkcgcooekhafdpipdfp,Uptime,
ekjalehlcmifmhjgnenllniahiocdjch,Students Click2TAU,
infcjelggnojlbdpohedhilpoghapmim,Audio Focus,
kchfkefjjnoddmjmenggiplamhpdajbd,HabboColor - Conecte-se ao mundo colorido,
dmndpcnahnbclhbgnfcblpnefkjminlb,Lightkey - AI-powered Text Prediction,
ogdgigafmglfomohcijjjopobmenabed,Easy Pen: Auto suggestions and auto complete,
nlagnajhbhjgcniojmkkjbkjmhcfpeeo,Minimalist New Tab Page,
mpflkgjcilkpmdehbhodjabpcgcnnimg,ИАИ Мировой Передел,
ljeekfhcfkndemjfoifbgcjealgabpmi,High Ascii Fixer/Stripper,
njphemgklmfibomphbgibadkhbbhbeip,Search in G2play store,
lbkkeahlhipbkmchjcfcpnhhahcpidng,Advanced Search,
kpgpokjccaicheehgfebhmgiehebnpjj,Article Insights for Chrome,
napjffekodpddclljlfemgmcbibkchlk,Vihaan Info Solutions,
bplbefadcjgjpihpgndelkalllpgfnke,Kikoo!,
nhcbjhbdnlkddnapaoidpkfbjkpkpdcj,Stop Scrolling Newsfeed for Facebook,
hcjbhanikfpaikfcldklfefckfkobfhm,Foodora Ratings Extension,
lgggiipnafddbfblhjphdmepookldodd,"StatsNite • Game Stats, Profiles, and Info",
pnngcempmcnkbbhafnofafclaenepbno,NQC - nguyenquangcuong.com,
ginkjildgjdagojdnfaiieggnnjpdjbh,Jack's Frozen Pizza to J-Dawg,
lpgncncnfhaanachgikbplfhcmgbagfo,Anole,
pgnkkohdhddmfemjdkpdlenbmidalamo,Passpartu: Smart & Secure Password Generator,
kkhhhigjlfpgjnhnpafjhgejlihldach,gBookmarks-searcher,
knnjcpbhgjohohiofdcgbbmldlcjploc,Hyperbook Invoice,
pgkmpjgbehhkmpkhomncefobpilopijm,test extension,
mgfjifbniakomefginopeogfjkfofpco,Комментарии Pikabu,
gkaedlofdpjmokmeoihckjkinfjcilkf,Google Docs Show Image Source,
bdbanjldbniceokpgophaphnikcklilp,gotoWis notes,
nmmafealphfeiijjmkmkpbipbimciknb,Online Privacy,
doipiaodbapjbeknpeaflggfegbfjofb,Notion Global Block,
noackgalnabddllokeglkohffefkoega,Blur!,
hmmobbaahpofombfpcmbpkfiopilacbi,Amazon Smile Redirect,
hleidbjnbjlkcindpmopkpiihcoodfcg,Squeaky Clean Bum'ole,
gbnogkcmdbjhepbakgjfbklhjlhphkeo,Multipath Downloader,
ifhbgfgkkokdleagnicfgilngpeflpeg,Liff Trello Counter,
jjpjhdkgoeffblgmdknagidnnijohdfg,Printable Editorial,
lkdnblfhfglpaiibilipagobbeaofphg,Legit Profile Extension,
kfkchoeekpmgmdgljbghngiflbooagbk,RPA Automation Extension,
gaeipjkcdkpbfdfmakonllgiboaonopp,StackOverflow focus,
mdfdglankkfpbileodjflgdghbglaonh,JumpToTab,
fndpfhokbajlpdhegoclkdplgnjehkgp,Voice Drop,
johblnefjocajknjncmpgbaoaplcdekc,Youtube PlaySpeed Changer,
akocdcnjgbhojbebhofagcmoedfphflm,The God Kind Of Prosperity,
aelnlcpoccbfboeplilkphgddjoojipl,Web Books Tracker,
fajipgpjjoingnglmfndnookaiebecop,Signature Viewer,
dgaghiipokblidmagdngkjlghnieiffe,Nutrition Facts Label,
kpnliiapigfgmecienbfhohillcmeenk,Palzin Feedback,
bgbeakegnjdbhfihlmclcggehobhoebi,デジモン創作サロン新着記事カラーマーカー,
palapbkaapneaihbggabamopohdpehpa,Cao Su Khánh Đạt - Caosukhanhdat.vn,
mialbooafpmjhjajlhgnhcdmeilcpphi,Analogue,
lkgmjkgknefdgjjclddkhndgljlbgmhc,CookieAquila,
ahokdggfbemkkonaepgbegglbfnnlcok,Comic Sanser,
figekcpnjhcmhakbfkknffjkagmckkll,Панель смайликов ВКонтакте (vk.com),
oeblldkhpjaeeocmklebjdaakbhmgmnj,Responsive Debug,
mnjomdibnloobkbgdaaplldfihfhpnbm,Chrome JS Error Icon,
haoghmagdnphhbackmndieojkmnhlnpl,S.A.P.O.,
jincgilkhlfmajdkhleldebbhkkigofl,Digital 24,
eimkeiiajljhflbmoppafeeganldcdbd,YouTube on-screen speed controller,
nbpciehgdkggiohhaopghchebgfkedjg,Selligent Target Developer Tools,
ocmccklecaalljlflmclidjeclpcpdim,Sequence Wallet,
dljhjjnhapclmfbagbdkkpfkjgpkkfho,Smart Screen,
edbpbbfeopbpmjepobedefghpjmjmjhg,Beautiful chickens,
badbmkjnnimjfhhmknfoikappgmelpjo,Spotify New Releases,
cabodnfakameckfbbgkciiifempglloj,FragmentQR,
aohofenjhojnoploandaecgkfejilimm,Drik Panchang,
mdbmnjiiiclnakihghclejaalikdepgl,Anchor Index,
djannbljkmppppedcnenmokbpolhdkje,Easebuzz,
coojahlenlkakmmnbkfapdhmcffcjplg,Active Whois & Flags extension,
fmbojgneghbjcjfmciaceijcfgnclahj,Mute music for videos,
aoclejgjkallknknpdaadeeecnajhmhl,3Dconnexion extension for Google Chrome,
ogpkhnjaodllkifmbpmafpgocglalfbg,NPM Link,
bjbbfjcodgmceggadomodahfcbcdbpaf,FaceMask,
ndbjoeefbingjamocfemomacijgakilg,Add Watermark to Photos in Google Chrome™,
kpplgpbcgnhoiijnbiaikndpcognlcmg,Get Up and Move,
chjpofcncgfccajejehpgeijkcjjccld,YouTitle,
mbdmbjljdmkaefooomifpmmallfgdbec,FA Previewer,
eemodiodadfekmijknholfhdmnflklpe,synaesthesia,
ocdeapccnlihjeamhbikkciiibgnpjih,Lime Go eSignatures by GetAccept,
lggmmceliiaoddfnbaccgpfnpoifilic,Bell of Mindfulness,
emaigkdfhaffbjckaididlabgofogneo,Big Dumb Asshole Trevor Bauer,
hlcacjemfkafedpaaeehmaingffojhhk,InNote,
cedmgiahhlnimemcmcoahmbjiffalble,QuickAccess for BMI,
biojnaikodbeknbdfdchnndkeoafkbnh,News Tab,
aeogcccfipojajmfapdojkjcmoghfdae,Stack Overflow Copy Code,
njlnbpgjgdaaadeefkahpaobdnbanckh,New writeurl,
cjfmncmoenoobodhlcmhihjimffjlnmh,FieldCopy,
okenomppckiglcldganbmjogplekbnjc,Tab Search,
fjknaoeojeieiofihajkbehbkmpbhkhg,Cookieswitcher,
mgacpehhdickdokbochifdboemjmkbde,Safeweb Plugin de Assinatura,
mphadpdpmhhbkmmmfgkcbbfnlnlkikch,카카오 HLS 매니저,
ambbkmfmmaacpmkgmdoigkcpnjhbaebc,Lash Story Board,
lpiiagpmclichfogjjjholploniicfgi,Messenger Sneaky Mode - Hide what needs to be,
nponojnbpofjpgnddkfpkdjkcmlglbch,Button by MightySignal,
pklpfcdbgalonkncapgggpdffbgcjfcj,cooln comment copy,
mmcbgcnjjmfiamkdpmjakfclbimdkoag,Quick SSO Proxy,
nklggnflbjajioadnbfnpnhddcadcedf,DTKN Link Shortener,
cknbddjfakidcimkidnhhnjknnpohomi,Helios Scout,
mgneilogjbdijkmelemefeccmdlbckek,StatFinder,
dgchiianminkejiamcbkioipoibbofcg,あ.ml for Chrome,
hghmfhfphjpbfkfkaonamoocgbmpcgcc,Open Site Explorer Anchor Enhancer,
jdfhemclgecoihmmkjnogjlbjjleecmb,Ecofy - Pflanze Bäume!,
gjelmlndokgfcnodogpcijjpoggcdnak,Show Password,
eibnpeegkdkfcoaakejdjcimjjncefln,9gag Volume control,
pmcabbcpbemngikecggllbcneopfjpgp,CSS Browser Modification,
cadmjejehipefhhnlfeflfohjbkkpiki,Kent Denver Lunch,
nhmikhiiiehhokigianadabbcbdbanmp,Sync Bookmarks,
ililagkodjpoopfjphagpamfhfbamppa,Less Distracting Reddit,
ceheccmeccfmekdamhheooohbmaemgab,UniFind,
gobonocmlahammgeljlejonnahjdhdjc,Horrible MMO Name Replacer,
ajmejkambmfjbogffplfgnibgbagfjak,Extension for STEP 2020,
cjppdomnoifffoggeknfbioabalneeha,Detective Wapuu,
dodaokjcjoapaedkkbofmddckeocfoio,Solarcell007,
agpfbfpkeeaeggdgecinmjofihcbdmdo,Quit Bad Journalism,
fkhkpjiagcmkicnbmnnlfdjodhbblnkl,Spacebar pause on youtube,
hbfilkbfjldehfcommdiohoomcmkehoa,ui-recorder,
gcegepojoaeibdoadcgagkppglnfpfga,Kiosk Config Bridge,
fjekaacdohamhhbmfhllhangfcgaimmm,Twitch Points Claimer,
chnpoommpdaincgmgkdgmgllfppffncf,Plucky Lite,
mafmchjmbokigppgnebohdljnpenlcbb,YC Auto Form,
babmgidmpcendgmilkpflhkmffcmjhnd,odoosoup,
mbcgbbpomkkndfbpiepjimakkbocjgkh,EPUB READER,
lfcnklibhpibaknkjjbgbnebephkcomf,IE Tab MV3 Beta,
nddbijapmddkcjmmhimecndilgdoelae,QuikCal,
imfeamfamnblnbdjpilngedmmlpemfne,Search RARBG Torrents by IMDB ID,
ncpijjhmmggjjbhpkcgehplocpnibehj,1 click amazon books to goodreads,
mciideokgggiligekicmnninbpgfmggp,Kaomoji,
nbcahdbpjdbcdbalcopkehilncnikinj,Znajdź listę ofert w Allegro,
jnbicjagkkjifhaalihphmfllamgfpph,FreeBrowsingLink - All About Everyday gadgets,
kcgcocmjhhnkcddddgocfcjcmmegplpk,New Tab Speed Dial Extension,
kigcedklhjdffoohgmcpikmecfjlokkb,誹謗中傷検出AI,
ondhhjilddbeeabngdkhobhmjgcmgamc,安知亚马逊卖家助手,
ogggniofnbgnnpoomcofohecdmijeobm,Go2Ticket Fast,
aeogkknaachcamgcgpkhoffjpijjpakl,YouTube CPA Calculator,
eneiehgfmkmhoimjhclfoffihkggjncm,Current date and time.,
dgbmgeggadefpkjalbioogkeiidmckcj,Urim,
ienfngeajlpddlbkiplajealelgdhcoh,CovHide-19,
floamojfedahogohlnlakmehjnjbnhkj,Veep,
kopedjkmmeahidobhhkboollaabepmmb,Salesforce code coverage monitor,
efajabhohaggnhmjmbbkfcngmejnncmn,Breakfast,
cjnpbiangmfeelnchehdccckeajaofkc,OhMyPrompt! for ChatGPT,
bfoopkkilihkjnhflgghboohppdbdjcp,Partial Password,
hppojpmpiodfkpibhmjjmknaccnhjaaa,Adaperio,
nioaacjmbgmkbagjnpnmcplhfiolmnbd,Medvise chrome extension,
bikncanphkaacpgepakihaiopbfgppic,新着はてブチェッカー,
meanhkdlijooagengnomdkmlfhmhbjha,HN tl;dr,
hgbejffniepinbkfpbnblpdbdloliiia,Stack Overflow Class Linker,
djkbkkooilijfnobeedgikcbpnmhkbde,DropFlowy,
chffoojfmdlemhkjmcgbdkaheoenmfkk,Detab - Detach new tabs upon creation,
ebjnakamhgebjlalpfdbnnnihbknmiog,Integration Assistant,
jidbibpgnkfcgbkmkdigiecmnakkheae,FreestylersEmotes,
nnlklhidpdokbgnppblegnpheenbijaj,Reusatoration,
mechncciecoaplhflhlobjligapceaab,阿里云oss计算器,
pgnbfogmplecfonomphpjjdgijhmgfob,360 Ribbon - V3,
kapdifmagjnchppkpilehblabndnmgpi,Open Data Button,
ogcodmabngepnhbcgeleiojgolkmpmpb,Cookie A.Q.,
hhoihjklpidiicnmmlndmpkahnmfmfho,Simple Timer,
mclnkhkcgmlfedfolgmabgepmpfnldcp,TabSnooze,
nlmbighlfppbnfnmkkcagdinkfomiahe,ItzD3Lux Launcher,
pieialbeacphlakbcihifblpinjpdhlb,Redmine Helper,
gilbpkjjbcejlfjokfnjbkijbijmncaf,iNewTab,
lfhjgihpknekohffabeddfkmoiklonhm,disable-HTML,
aahegjigldllknbphcibmhcjehnfjoga,nosey,
mikocnkjmojnfionalekjikgceeklfgn,日向坂46 オフィシャルサイト ヘルパー,
poegalffpegekkadabibgmjoinhahbbb,OmniTab,
mcmknapfancdcboaebbfhadibffomkjk,SSRS in Chrome,
ficbamdhpkgoalecmiclffghlllemcki,Meme Maker,
hpnlcfmcjabpeiclljdkcnaeganpehoi,sowiso-author-completions,
klajlnckkhioelkdfcmbojfjfoohcmfl,Berilium SAC Connector,
hlhldhlicpchendbedaniobaeglggnel,PHI,
bdglbogiolkffcmojmmkipgnpkfipijm,PoziTone,
ahoefkihlmokjlopbmemmejeanibamdg,LEQUIPE Plus,
lhojjcofegcnofaknffnhbgmgbgonpdb,TestGen Plug-In,
hlhoffhnpiiamppijcbelojhpnhpjdcg,Dark Theme for Reddit,
gcollagbbfbncnhmgcaedamlogdpelnp,Pepper panel - SMM инструмент для Вконтакте,
acijcblmeekcgkheikedbjjgigkeefkf,Team Connect controls,
jihdhdonmdefffghfboiblapffaopplb,ServiceTree AUTO [ConnectWise Plugin],
ppckicpaoihcmamekmnhdaiaklmccobm,FPL Genius,
afhgcejledbdhpllomepbadppnfifkfp,heise Newsticker,
kbfakkkdllpodegeoggpfcmjabodhpca,Hide 'Like' Notifications,
logjaoidoeihjlkmgncnnjfldhdiagac,Shopify 日本語 Japanese,
ckoifmdeompppgeellbokfgekhojcheh,Chatwork Timecard Plugin,
ocplndlmgamkdcljkdopbofmokgpmmnc,Siemens CO₂mpanion - by Squake,
fkhjihfkdjjkfnbemicdcpgpdgonjfpg,Open Tab,
lpagacjacbnafmfoklgjkjmfmfnddaih,Revink,
beefjioejjdkeeeebbgdmpfeaocjpmhm,NeoGAF Dota 2 Emoticons,
jcceakpeakgfkpompmjeheekfgohippd,Link Share By Samy,
ekckiincojnbfhpcdddolkeggchokdfo,Riverbed BrowserMetrix Plugin,
jpcnkfpdmjkokgicahgfmegdhpgcdfbc,Straight to the Link,
njifepibmpdbolgjphigpgpbmfpapchb,Soundline ClickToCall,
oephnjdebhddhppjdmncfkoipldcceeg,Tickytock,
bmkckgpgekmanipelfidlhmkfcjicion,Microsoft Bing Search & Trending Topics,
jpmaemngchflklanemgaicbgigjjblla,Net.hr Freemail,
anifgajdcgjebgpdobagmonkkmnominc,Autolavista,
ekjjmfmbokeceeeblblppmgkcenhncii,Color-Converter,
baojhpeknpmkhplkcnpdcficcaaniaih,WME Validator,
fdpkodooddjlkdmbamfokbkgleobbgpj,Hi Buddy,
gijhpnmjcpbddpedmmdihijogkkejfgj,M3U8 finder and HLS player,
elpjlocchiofljaeodagpefdhlbnbffb,session manager,
cbklkhaojmgbcgkpbemolkionjbepkfc,YouTube Video Player,
lgdikopahghgghebbajnmoglkppdjehb,Regex Password Generator,
heebipjpoahommleillbelhefpcllila,言の葉の樹の下で ユーティリティ,
kkkpehlhjcdmfhccddaadjmaedakommk,edwisor screen sharing,
aeadldkkhkophglffolphilappjgjdbj,Unzip,
pbeglgibmimhhoddioagekdgljpdekdg,Keyboard Navigation,
ihnomkjbibcagfbnkfkfcigdpmkfejph,JIRA - Open links with Choosy,
plicnlhlnddfonieaidfmagnjmkiiojd,Notion Web Clipper,
mpjefjbpofnifpcnfmofejmgjogangim,UniCart,
kpcbnhkoijhnnngcpjbeanklhchegjac,Saldo BIP,
aacfcfmdhkpdoegfhgogacdomdmjfhff,Deribit Helper,
ljjeeiafelmogjhklanhkbkodcmgdchn,Bitcoin Samba 価格監視ツール,
lgokjbkagbigdeibejhbemhhfcobkmfd,My Team,
bkenehepaekagnmejjpeikcpecnobnnb,Via,
ignddgemjkghaogmfmokpfplbmoiecde,Voice Search,
chhebdmlkojbdgadopnedfmoapbeiofi,Jenkins Monitor,
odmddgcdemhigfbfahdfemnfeconcfej,Calendar layout for trello,
ebbcibhecofoegjgnlenopbfnjnmdppg,SIGAA-UFG-Jatai,
bbcbaocecmnikgmgpbodcfekboiodppo,Center Google Search Results,
bnhmafacknfmbcjolljkemehpaobjkml,Remind me!,
npgdcjccmdjnlkbmadfldbajfjobelhi,Steam Trade History Item Counter,
apglilolkjoggneoknfjdampcpekgmhb,广点通DMP布码工具,
kkjnchbaeacfnolhljdnfimhjklhiffh,Emoticones,
kjihlnjkmnfnhaohnafbpadhfjmbjnbi,VK Contest,
cojpnjecmfacepoflhodpnacpfhipbjf,Productivity InFocus,
bgkdknmmhabhpkkobopgofibghkndmjn,Steam Snipe,
khkclglicoclbilkipclcplojemabmlc,Первый Криворожский,
mldppjfinldpeboenpcomaccmlhhllah,urled,
dlgiaiacflahiceebjkcleiabbpepcdn,Access Assistant Community,
bdbpnndekjipoakgdncjpckffdaabehc,JACKPOTS,
bininccmojhghdkddpiledlgfeojjdie,IDEthical,
kngnmjeonknomjlmiphobdignngijjaa,Soliya Screensharing,
djdlciigaialholeapgpcmdfkhojlmno,KanbanFlow Create Task,
amifogigllnaheopoaepffkcdbkojoka,Serie A - Bóng Đá Ý - Tructiepbongda.site,
nkcckgodpfgkpcekfejhnjgmaobklaff,AssinaturaCerta - Assinatura digital na Web,
ahahmhhkknhgobkknjlikglfnjgkfbod,Quranic Snippets,
olhicicppflahokekjabbkpgdjkjpifl,Better Voice Click-to-Call,
cckelcjlkjehoepkfcpgdpjfagodhimd,greybeard devtools theme,
imnmacmbmbknjoonjocalnnloegbnfih,Mail Notes App,
bhflldkbcnidkhofjejdmidnpklichjk,Jailbreak the Binary,
demmmplehkkebkgflhgbdolhfmmfjdin,Spring Samurai,
fpmhfgogalamnijkkcddamnobhdioedn,Screenshot to Text - Beta,
ikfjjjpoohipmpjmmflhneelfmkpgicg,OpenU Helper,
nmeoedlpjeimlbbajalmbllpodppbdnm,Racetrack,
pgcikjhhdihenofelcdnkgpohkphmemb,Google Meet Comment Flow,
cajfjidpmcjfnnpdlbcnaeagakeofnja,Code Note,
ngfhpcoiahfbiohclfopioodflabcpjm,GameOnFire Sports Fans,
ohfgciebjhocphgcikdnldicgfhdbllj,JS Runner - CTH,
bfolnijgmljfkghieepigohlhcmkecbl,Odometer for Chrome,
bbcaaaokdhhafecjjineafclkclnomon,ChromiumSearchReadability,
gbgchieommlniohkpbbbimljabpbcpah,The Backwoods Chrome Extension,
adicaaffkmhgnfheifkjhopmambgfihl,FUTBIN,
ellmdjpbdlololefgdbbmjlgjmlopkoa,Sites-reviews.com - reviews about sites,
plpjdcoeafchdlndlhcocmpelgkmkipc,Photo Alt Tagger,
jpnafekhhedcceghfhkadkkloebnhkmg,Tip Adder,
dakkhcoedlohoahbfilbemokcoidenna,sodiepop,
hpojokbodonmjdnjpjkfhihpjopjmngd,Valto SponsorKliks,
naadnjadnmooagmfidjkcedpinpdlldd,ESET Password Manager Autofill Engine,
ndchgoacnmabpcmepfehkpjppgmdhcfg,Saves Browser Links in Github Repo,
monjddcgimibmhlhopaipeconaokmogk,SMS OTP default for Turkcell login,
lpckgbcbgjcbcnpfhhjnjgdcllbgmhgo,The Boyz Central,
knkjbkbkchflgdacnimjcnhlclgpemci,Officemag Search,
bndclkkabaajpgnfimggpjkjbocchjco,PrivacyScreen,
lnefbhhckalidjpncmmmaajmlakndfol,Amazon Smile Always,
onphabmpadckdphmabcojeoeamdmfnei,Linknect,
akobefhapijlndhokelaicejmfmiiolo,SWS Name Replacer,
pnoknlfokpihejjnobkaaogbplaaleeg,VoiceTube HERO Search Helper,
ehgcnaneidbjcmblghjepmamomchgahd,Riot.im Screen Sharing,
necafokehnnolgnjmapmlmhigjmlelpl,Lome,
nodegnhodiddibeohajmcamhgblbgblc,Meet Manage,
dlncdhoiibiggpnejbmakpfloikjlmab,Posh Butler,
oocnobehjcdnlomdkgiopbbbkmpbkdbd,АнтиЦензура,
kalmlbhhgndofalfencmggfncedfajgj,Fearch,
ohgppmofiimafcjiakkmkfjhihkcdjkf,MuseTransfer（兼容版）,
naimgjigjdelgioidicckaaekldbnbmf,NoMoreSoldoutCoupang,
noapiahhhhccobnbmaajnmadmjjaeadg,ConnectWise Service Ticket Tab Updater,
hpofmjhpmhjngkfnlaajmgnhfhjaablh,Blitzfox for Chrome,
mlmmahhmlolgeigpchjnolpdjhcihmod,Make Link of All tabs,
bipalekffdnpgbcfagbabaoocajncige,Time to 60fps,
mbolbmjjnaokbjekmcfcmlhihnadnflc,CHINA SPRING MIDDLE SCHOOL,
ipijpioemaopkhpjhihdibldodmdpfjl,Smoji - Emoji and Sound Messaging,
dmadjfbagjohbpgpmffodjbledpjjccm,Xamarin TestCloud Screenshots Downloader,
kilcdklandlfmceoknjebmangfpffgia,ecoOne energy managment portal,
hmcpmaenbmjbcdinhchddkhogbbbohhf,BleuPage Ultimate,
cbnohlbedooafamnkjigohfbbpjhhlmj,RED PANDA TV,
dfdfjcfajgbmcecfohciilepidcilppl,AIO Old School RuneScape,
coagnnooeahbjjljejfkfnnpnoejdpjp,Anchor Floating Bars,
ekkilpliainkopebhbbhpnefajdfmagb,Kicktipp Zufallstipper,
ggjmpbblkadkjemjmknnfdjbahchknjh,Compare,
mbhckhjkdehemegdjaoajolbenoamcpf,Maximize Telegram Web,
coinegbkpholhpicoglgamehmcogoagj,LibertyBear,
elehlphpckaicfifecoigcionhpfjepo,Equi Organica,
ljplpkapkolokaffablilhdaipakljei,Make Trump Fuckface!,
adflbnpkkdgildfclfpcmmololgpbeck,Cliquer pour discuter WhatsApp Message,
imcgjgeeeabgjfgknmpbfachjnkldmdp,Wikipedia IP User Tooltips,
knfedcgifogkbaeohnmikaimhhhmocgn,Hyperspace,
neeebcldnhgeopdfioeeilmbpiaenhhd,eToro for Mr Fin,
mjgjbbhogfpdgpbnofleiomhamcmpobc,Clear Browser Data,
amgaopakobjdkhbmbegpackoagfgkpok,tkw.live Screensharing,
plgjeekgejepijloglbmfhacgckkklgh,Bypass VaKarM.net Linkfilter,
jappfggandnbakcdihphofhjfcnlicjp,Tab2Front,
mddiijnlbhdknpfaimadpofcglafjcbc,Fin.,
kafcpfmjcffeofnnfnkgphdacojjmdej,Bookmark Shortcut,
gihcnlbjmcfgkaofjmpjdpkokdgifchg,Window Bookmark,
mbnindgkmbkodbcbpbafipmapmmoemob,Calendar for WebAssign,
gkbmnjmlhjnakmfjcejhlhpnibcbjdnl,Ads Transparency Spotlight (Alpha),
lbhpmgkkccpjibdokbangjgoekaafdpj,hissss tool,
lnahmlpkelcjlkmljejkcmloenlplgmd,Beam Tab,
khhogbhcofdjjccjhgganhkhokibnfnb,NCU Helper,
jigeoabeodiakeocihgcppapnfikpaad,TabRecall,
pnkanfjiphfdmkccpnagpgkegcnmmiih,LMT Zeppelin Dark Theme,
fpghhjnfcfgaegacgjmfffkjgleebbko,Memo Reminders,
dphkgaloabgpiaobcjhilcldiikljenb,Minikan,
ibpfkplbhnbiklpjacjbaelahebmbmpp,History Limiter Custom,
kkpnmkbpnnmefdjpdemgjpalbnplmdif,Image-saver,
fmgnedanbgddegdfhjiikolpfipmachn,Dinyi Now,
koiiicglkbcomcplnggedapdhafigbje,WhiteSlash - White background flash fix,
onaeegcgechoaflpkpmdcbgmdfhbbibp,Yandex Wordstat Keywords Add,
jpfdnbkhpemkemaboicgopdinbgndjmj,chromemo,
aiohfopnehpfeligeobioekgebcgkaad,Женский Журнал wpten.ru,
okhdfkiolclmmilloilpebknpmakilhe,Terms and Conditions Analyzer,
lfjmcmhmeniopfbiokhdliidpejenijp,WorldSnookerData Decorator,
eijfpfnadnijllpfdkdikfamdijafala,Permalinks for Google Inbox,
dehcdbhmlefpldcphiennickgbecoogk,XCP Search,
adejnamiipdenlcclclimomamogalabk,UI Utilities,
ikcjhnpbnlhmnbgodbkgnplhkccjapap,VK Event to Google Calendar,
jncjlbmaciichedinpfdmhoahjnebiak,QuickClose,
ljcimlhohbloihdfdikliojbkmmeljfb,ConstaCloud,
fkmgeididifkhehemejojbeknegljhba,TweetNinja Autofill/ACO,
lmeopbbdngpgcbdagpjgbdlkcafofpji,Test Payments,
blelnkaopcnapbiemnokfceogmccgkpf,LumenAI - Chat with YouTube Videos,
gmehbdfomfohmlajndnopdkmcnlonjmp,Video Screenshot,
akbemhiegplkjbpdagebbjonnmmamfpd,Car Shopping Cart,
iidnpfiaeiohlkmaehhjoiffcmjclpap,Scroll Memory,
pnkkbnogmhohlilallaniclhcekdahmm,Multi Watcher,
gajlbghllhneagnenoigoacccalfnjmd,Shruggie,
gioejeoocfekelhfamapflnkiccaknck,CharityRefund Knappen,
bcckcbncdeioimoihllongmaiepkapio,TumblP,
kbabipfneinkpdahbehjmdgfbjcfpgja,Screen sharing for attendanywhere.co.uk,
ljodngmjfoeaaoniljoifimkagdlkofn,Review dropdown replacer,
pldahoeodijadaoagckfjkamckoeefbp,Struct Data,
ljiiiecpehgcnkpjlebelfpjbbcpnpfa,National Identity Parser - LiveHealth,
mmbhfikppdnhffajifihnlcffjflffok,Jira Interface Improvements,
kiilamnkpcpkomnbflejdiodkecklkmj,UResearch,
henkpbnpbpbbnlbboikfkclmcekmeapg,Chrome Download Monitoring,
hchjkkahngaaboddjlaghmcephdheofg,Navigation Confirmation Blocker,
gidkhblmpnoeholiojdmhhodamobabgf,EXOGAME,
bfcdfodchbapnmkaoolcafgnhohdgbdo,Aimeo Feedback Assistant,
omcoeajdllefbpjjgckklicaoejmenpo,Issue comment for GitHub,
hiponeioelghhaljfflaaflpccedbdem,Color Links,
nefgjkfpnghfkjbafnncphjfhmkgaoom,The Coupon Gallery,
mmgnghlgdajmnflfaebklmmlkkeehbbb,Notify My Android,
heolokjgldbaegdkeldbbjadnncaedjp,Appulate Weblink Pro,
poikdlocbckaadbidppmdfdbpdeoanea,Mike From Maine,
lfdggkkkfcinlmcbchhkoljllflkgiia,Letgo Filter,
eafegcdajfclfclngeonijfcfigeakgg,[2022-NEW]Freelancer Notifier,
peecleoanbhjcgemmknmgagbadcammif,あやせだよっ,
bchjcldhdbhckalbbbhdhpgmefckhloa,NicorepoSwitch,
ghgddaiibkbhefbpablhmakaalpcjdml,Live Links,
ghfjpbeonpgcefeclhikndppoanmbelg,How To Speak Canadian,
mjjalbaajokenjmbeoioccilcoabffon,Ogame Spy++,
cgpbbgjlljobcemhhimjknkldpinacpn,JSON pathfinder,
iioalkclhidbmjkchdhkgnklppjehlao,ReddTargetr,
cjbgheapdfkjgapmdjboeepfckkncjcf,Custom Tab,
jkkfgpedgbikbjelfebhcaicfcgaokhp,Chromed Hipchat,
egjblpiffbcmcokedcmbeejllecbgfei,NextPlane nCore Desktop Sharing,
iglgfgeennlnfmgakfkkdolejfbdpokm,Cactus Integration for Gerrit,
hncdmgomjlflmfphembffnaajhfmcjnk,Nightscout Chrome Extension,
hfeeidknofdlkpepjhmfaocopifijbfk,MyGS Custom Layout,
hglfomidogadbhelcfomenpieffpfaeb,Local Storage Explorer,
abhakfmijabbajofmjnbgfiencimnhaa,Less Annoying Twitter Typehead,
kbeakmobeinappifoefdgecbipocmnhl,Lratvakan Radio 106.5 FM Online,
kgdmhlnkieokbhkjjiheeahnkgjmodak,HuskyReg,
knbbaheaigehpfnclblmpeogdkpglbmh,Prospera,
hjbbigoinigneipigfbaelaonnokbdif,GmailFindByContact,
kjjclhajnhlmcdfeofojbpnnhffkkohc,Workflow,
dmbjhnciafjceiagfhgfnkkbdadoikbb,Readinin,
clmdgdmhdfkfhgnobclkjggceaklnlno,Two Sentence Horror,
lmleahkihfinkpljhjamphlmgpcikceb,Freshservice Navigation Fix,
afdpoidmelmfapkoikmenejmcdpgecfe,Aternity Extension,
mdcocfddadpcnnajhocngaodhhbcemjf,henredirect,
haiehgojcnmffklnocbhhhinomaeioag,grasper,
kncgbdglledmjmpnikebkagnchfdehbm,Spoon.net Extension,
mjnmegbjkldkjachfjjpbggifbnbkijg,Threadmark,
bfcefbndnnmbpdakahehjmpegmpimgef,Blockchain Lookup,
hidnhmninlgomkmkbgpofmdllcnpofii,BiliBili一键采集稿件数据,
gmnbhidccbigmocpikjinbjkfnmhhhbl,Uğur Düğün Salonu,
bghcjdikmfopmhpgcocpgfefjppkfjpn,Scrobbly,
eobghobbdkkaggckkddhooegeonedblo,BusinessOnCloud,
fgmnkcffojicmpaohafpiceihcpeleka,Google Chrome Search Tabbing,
immnhhlbhciinienoddhjgjjbbdkbehb,BookDepositor,
ndbpgappknhobbikhmjenceoklpaalam,EachWord Translator - expand your vocabulary,
ijpbbfahjadfeejfkmijbflafdoejfnh,Find lendable Kindle books,
jneeghfiklllajlfkgbfnhidfdjgepff,CMDann Amazon Auto Affiliate,
cibgiblgcmoponpedlbpbjllilnfiemc,Table Row Disabler,
dcfcpgeinbnhknkjdedlohhgdbpoblii,PMK,
lgmfipbcikocongplcdgkmnfgiipepjl,CampaignAgent,
bjeeckhifeaoojlelpfcbiidfdlbognh,1click edit web image,
gpammjjomclpebadmppapegdldpcpdnp,Habitele interview,
lehjcbapnofmahghaobbfgibjalmhnae,Nutsacker,
pchphbfeejhdhpclfgeaomnljoiepedl,Nowgua Extensions,
ilgobmalecajfdmdbeonojopeglcfgpg,Message Secure Send,
acggfhfjjmhjdfmcnfmcbcnhhlanmdah,Ocultar Facebook,
chbkidikhdfdcpphdphkoehalbbgjojk,知微传播分析,
aapfgbkjjhghigopjhenhpgpailijdfd,Locus Screen Sharing,
hblecepmonfbadlacdefbkgfikagdioe,pixiv クイックブックマーク,
dkpmhjnaoflccfeanjhohapdfphajhlb,Plus Produkt,
hegbglbfhcfkpaaicpjfiopdkombclpb,Temptation Blocker,
aghpiipfpgdiadkibmddeinngbboajbl,Ora,
bpjhmpholbncnfdooeagoonhhbndcefh,URLs Manager - Websites Blocker and Labeller,
nbjhchagojgjonffingapkcbekglkknm,DansTonChat Note,
mmliachfnnbfocdncloddnjbeibfcamp,Oracle ACCS Tools,
oeplbcakipmafcbfkoapdkacdhddmgkg,Grafana Notifier,
olmdnbjnheojmmdkpnobmndkoeojecja,Lock Robux 🔒,
ccggononkibenbebjpjgaholancgmkal,Leetcode Filter,
gnbecgmjnbejfmikimdcbdjhlgcooehl,PhönixDeal - Deals und Schnäppchen,
hfpnjihjndnmfcbclplooodjmhcdncan,Extensions Button,
hckkohbdkadobaoejafijhklaacifphp,Ruliweb Board Support,
ikfnoihbnpdkeiocgnofekhmgplnhkcm,refreshViewLightning,
mmjpijnpgcndeohiimbhglnkomhabfao,Graduateshotline: Word of the day.,
ginbheknmjfgkliknpjcdjfklidngflb,BikePost Ignore,
nehgalagbofmdpncplefbhhmoifapgjn,Okko Party,
agimpcooophhlnjlncjfeibbldbjkand,people_search,
lobcnlpgcioceokhfoemallbjgdpaoib,One-click Kittens,
dckpgkgpdegpkkgbpnfojidbbmfifhmo,Decreasing Productivity Alert,
himjpafoalifigpnpmigmngiinghljhh,Cute Kittens,
bimpamoeajffdkaienapechogkkghbip,Read Later,
anhonnbmfmdiohhgdjdfopdmbgbamace,Whale Finder,
fbkgbilgkefcpeplljiehhmelhbbbofb,Ziperdrop - ziperdrop.com Product Importer,
ooheoabccjljlmhnmfohmaliajeadalo,Extension MrKrimari,
anodnddcpfkblcpfkljmgallnaacgdeo,Abstract Extension,
cbgjnhambbdmmabidjfpfglgdklgdfpa,New Tab Vocab,
ainmgbleakflfgjjoolgmgfepddnpeln,Ethereum monitor,
fikfnienebmgobclladdionkabigeico,Finding patterns,
kkcfbjnpligkekffhhppipfeebbceaim,Auto 'Replies' Expander for MS Teams Web,
cihigjgjnpblgmmllfnffnpkdahldjij,G-Classic,
aabmoedabiliejlieonfephdoncnailk,GGBlocker,
jkbankpafkfggpmambaiecdlecefechh,TrashMay,
gneheiknichfpfpkjcocabeghecdnled,Bilibili Markdown,
nnacpogkjllapjppgcajfenemkcnfiml,Lewis' work timer,
clbkfdcbjelmbomccejlafmiopmilnkm,CF Brazilian Standings,
aicjeabfmeimafanjnledfddcjmmgnid,Easy SEO,
omlbledfohkfgpgfoklielaeapiomcdk,Sublime-like tabbing,
mlnngnpogcdbohjhiaklmmpgmpbiecjm,sunsteps.org Addon,
hndnhhkcidojfodlhdghbebogfblonin,Smart Pixiv Surfer,
icadidhenmiokjlmpdgjikdoknhfgkhg,Recipe Creator,
bepfcpfcgnlnnkkcdnefflglaeggcdbn,HideHNComments,
jjcljhnpeelpfeokmbmgclghljdlcmjk,Display SCP Object Name,
gdifbclgmfabcjealconeelpdaeenbbf,Completador de formularios,
abhkagnpacjciciiiffnedekdpmfkjio,CRA Health Extension,
gommonmfpieokloaboibjlahdcffignp,Pomodoro Focus,
npknnddabjhdijgmmbocdicnknegobkm,Fruumo - New Tab Page,
fafopkdpbmnnnaflnhibbommmgkpomho,Awful Images,
mcbchmkgbpkknjooflniiieehedmabbh,BbCollab Poll Notifier,
ipmfkhoihjbbohnfecpmhekhippaplnh,UniverseView Extension,
cniliklnifpicjfadkclfkhemkcmjkne,Stratus Dial,
ndikechnlonlbampebndhlcihkeebbah,Social Distancing Yahtzee,
ljpelodjbjjlolngdkilhgjcajlknhcj,YGG Torrent Searcher extension,
ccpjjnlhmfckhpjagolgbdncaiadpdpi,Markdown document renderer,
kapmjiiofgimkndalbfecmfdjhkcmopj,Genesis: Classroom,
ledomejmbiemgdfiekmhoheabhonihmi,Unsecure Login Notifier,
fapajikkoocfeplemejmhcfenfdelbdg,Thorou,
aefjbcadhlofiielkheocdaikjbdongm,Amazon/GC orders 🡆 GLS shipment,
combnooobaifahhgiidnjjolcmfgkojo,Arxiv downloader with title,
gnealifddpennafaliidhhibfmehebbd,Distraction Shield,
lajdflobempfdighaogenmlaimgepomj,Gold Prices in India,
jmhaalcmelchimhofldlhbgklhadcgad,Auto Login Moodle,
bclbegekihgpelanbbleaceefgmekjdd,RAID: Refactoring-aware and Intelligent Diffs,
ploejgmljpndlgafajocbjknecoabcca,LaGacetaSinPaywall,
eoalhfcacpiffafbnkpoggbggfcfcdoa,StealthLike,
kbogdjbjfipblccoblddjjdphjndlano,物流助手,
ofhffnelacegjkgcbohojhebkbehikep,Chromnitweet,
gigghpoddlfacgdichpilegcfimhikgo,Close tabs,
jfkdopngamjogheglobbemahglkfdmnb,Decode Base64,
jhbjiepfokmbdgmmmfnfnnponipbicln,Techavy,
imenolgmlfejpekaiahikphhpampmiop,Tab Hopper,
dbgdaidfdfaknmbmdkfcahakceagbjej,Picture in Picture Helper,
icnpebenkefcoipmfndhkgebblmmfekn,delete SC stay,
nlilibdmmomdoanihholgmofmhhdcpnm,HTTP Status Codes,
deknijehbgjmcifokgebbchmhpenfnee,RPA Automation Extension,
mhnpiinceknpeogbmpnmliaomgalhbof,Infinity Event faction viewer,
coedfpfbkbhbbakcbkmipnckgdndaeai,年齢確認ヘルパー,
jhcigndnhlendldgnljkibaemeiccfih,WixPBX - Screen sharing,
hkkdobnpjgmegpohdobpbcemldipeafb,Orange Juicer,
mgkbofmmnlpcojllljenlamflhidfkna,Browser Manager,
eobpadaidcpdnaaekmnlkhkffblmpkpe,Live Comments,
fgbfefiamfbkpnicjkhfcfjcaolchofi,Hey Rob,
bmakfigpeajegddeamfkmnambomhmnoh,Coindash.io,
ibidcmokfddpkgdoobeihkfnajmodlkp,Tinking - Scrapping Tool,
cgmmlekmaeflgmjakaeonkfpkhkglehf,QueueNumber,
eljaldjkbmfliphngmjfkhlebegfpebi,Daily Budget of Cibus Sodexo,
bleagfmkkdoecmeknnaeooghpfjepmjo,IC GPA Calculator,
kghigmohnggnegnoielmjnkhookemobp,Kindle Highlights to Readsmart,
mgbdldkaadolhlfjobfplhdlephilcbg,The Leumi Redirect,
bbdfdnjabopaaodbgjbklnmjpneajjin,SalesUp AI Advisor,
nmkknndicoceioabjabeaepfkmokimma,LMS,
flcjgmfehnieodijengikamendknjgno,Copy Plus Tool,
nplafhmeellhacbmikambmjhpeppdclc,VK music navigator,
mkloombcmeljbfahpnoiidnhdmeoebbi,返信文生成AI,
jgedbgomfaafnkbpbcbejigflkfladig,so wow doge,
cnhccfcghaaiaeapmpfgehoknkadnpna,ATOZ WhatsApp Sender,
hepedehopmkmfdnlgogmmfkkmjflkkia,Focus Meter,
icaeophiicbnaemfjpdajfonocimbcel,shortHand HTML Emailer,
bbbfkpgkloknokacjmpihcnbplkaddhi,Click2CRM - Instantly Add Contacts to Hubspot,
clamkigidglpbngdpmpgcjjhaibokaia,Selection Arena,
iaeiccpmcgpnbngangbgbihcjdjmjanc,Highlight&Go,
jhmldnninjninhlnofnkoijkdkakelco,Media Monitor,
odhbhdoofmbflbfadidfnelhmfafibdo,SnapfingerX,
iekffecacmmjdkopndpbhlnkgegpahmk,Select2Barcode,
piechbhjioolbecaioglhamjjjkmbchj,Force Autocomplete,
imgfdicegecohlbnbachigkoeijhbcdc,Gosu Streamer,
kflenddfnalfbplnfmifihimelnbcdcb,RackVM Argentina - IP Address,
neojjjapmobgakfnlambbehcldcpbmpi,Teleroo Gateway Screen Sharing,
dlcakmecakodcebofdinjmalkdoekkmc,myfaveTT supplement,
edhhecaeofdobbgbbogoekgbjdjeknnf,SlugsVGG,
hmedojpnfoeaieojpacbogldaefnmona,Seret.co.il | אתר סרט,
mlhjkoihcpnkmcddfhlpleelmpogchce,Signifi Trainer,
gghbmdnllealphambghjpdmopjaaohfj,All News,
agmofnegncdhphcemgbahanbccpfklpc,Letterboxd Shrekd,
jopliknbfkemjbgkoepoejcchliipoie,Votiro Browser Plugin,
hjmoaenjknbdehbiaeeijcppnljflkff,Hush - private bookmarking,
aahinbcdofnajjoonjgnedbcmjfegblp,Realtor.com Tools,
mkkkblnhiolkfdjljpkjcgkgbmchdpai,Ciclo Menstrual Femenino,
dhiojdcabhbmeeoegebicdbfjciphgeb,Timer,
ommpiefnngepapcbfpjflaekdheahhek,tracker.pro,
paakgokkhjhnmhblaflnckghjajlflki,FashionReps Tools,
ofbiibdnnhllfldbglbhmiojndiepejl,Spell Check,
jkeifldhholnbiggjbdpgplbdanoepje,MojisuCounter,
engkenibkfipkbochfmfbchachnbbjag,Notez-Nous for Veasy,
lbijlmojcdiglimfomaloggmjkcfciba,FBAToolkit Extension,
kpfhbdobpgppcnejfjgpdneeilhmebnp,Yo Sperm Test Việt Nam,
ilghalkaapnhooaegoecclkebghfdpjp,Wiktionary Translator,
bpckloinaeafhkniklgjhbjicjhbbecj,Post Office,
ddepepfaephbkpjkhbjecikldgpnojjl,Eye Dropper BETA,
appcmpfjgmnjdhickdfnalkkalgejbff,Fluig extension,
bgkiamkkbjmagecgpdeiikgolekmflka,IP Unblock,
hedbkonckghacebehjebpfknhdbobiko,Tabbo,
dndiklaphienblglocjmgplamipmocdo,RegExTranslator: Decode RegEx in your browser,
ligeknoeplnfbaljfadhknnfkladbpgo,Aternity Extension,
ngincgodgniloepaokdljdadbanjjdab,Flynk,
ejnmkocglpmepbkbagldimfkidbkifgo,American Well Screensharing Extension,
ghaiokeingeoppnaohmojhnagdmbafll,Merchant Assistant,
lhfkmfkjjeilbgfolpcndcbdgbdhbnlk,Cookie copier,
focaakibbgmblibbgdhgjkmnjpihpeko,FeeGazer,
bbnomnjfdibkpkbnhfbomeccmgldlico,Search Date Changer,
lpbdngljlpngepgillogkefielnngjoc,bOTP,
hnmphpcheiijfaegncemlieifeeigbho,CoverUp,
donfpnephnpcgnkplpbcdmkkljddamfo,Auto Login,
dlkapalodjffaielmkabiajjcidcdelo,A2Z Buzzer,
chkmfmcljhggnibckhopgbklpmhefbim,dtc.news,
jbeakheihfbkiebhdhcfbemcmlninook,serverless to cgi-bin,
iaflclipojpbajmkkodjfefkhhopdime,Pridat.eu,
ggljjfbnnofkajgcnleiglffhhbbommh,Splash Tab,
ngeohoibnmapehhdkdmnfmnhkokolbgn,將動漫花園資源網的搜尋複製為rss訂閱網址,
miinajhilmmkpdoaimnoncdiliaejpdk,Nexthink,
jkpmbckjiceicchocpdbmhcpdiccdinm,Meduzent,
kcmejemnmnheajipjgilcefofjchdafg,Custom Shortcut Button,
cammakhaipbljopbkbbffhachjekcfki,Get Styles,
ihkkiaphchkialpkdmghhdpjleodmcnl,Freela calculator,
mabgcfcadflijegjpbjlgcoceneojnmn,Hot Swap,
bognkjnmfbfjobpbmbnnhhojmikehonf,Tab Cycler,
mpdpfhkopknlmfkohjglcbdhimponkco,Smart New Tab Page 2,
nijkeamhekabncbhjhenkofmpejonlgg,NiFiExtension,
nlcmlmkmigniahojihfpggkdfmeakiej,Screenshot,
echplgdknjkegkpnjdmjglbdflimoije,Clean Twilight Sparkle New Tab,
ihhjfbmeamnjfbdfdgokpaocllplkgag,Cardápio UFSCar,
dkhbnjfdoalbfcbcgikhlfaldhcefhjk,TapTrust Wallet,
mbcdmhmakembodgacoolpcadmbdadmja,Media Hotkeys,
ckfjonhenjggkobbdmdgdhjmadanpenn,CallBridge+ France - Call from the PC,
nllfeighmhejmmapanljgdndfldkbmnf,Go To Kindle Chrome Extension,
akbgnajnmkclmjgcmgigdbmldfiipjll,Reddups -- Reminds to stay healthy,
jafklbgogjlkcpfflbopgdmlfcmhpkdh,保管所チャットパレット,
knlopadnoicanccjaocbhhimkimkgjkb,yunxin Web Screensharing file,
ednoomldhafkgomnoaljeabmeklglegh,TFS Bug Printer,
nchbgcclmkmadaojmpfgikdfdgmfgiao,Group Helper,
iafhhbaecaggjblaejjdphmjllijpphe,Trello workers,
dagffinidcaimphpapaaagmbcahdllpg,Drunk Test,
fbalmddnoanakidjbkdpehicljblhpcb,Socely,
hlgnjjenjinpaiilhmjpejjjphieejdb,Multiplayer Wikigame,
kamlllppdikcapfoojmlhaboonpofnlo,롤게 티어 인증,
nafmgkhgdblkabfjfegmafagpccaobfg,Simple Bookmarks,
iflbpgbpdcndgcgloeoapnjjpachienk,GloScreenTags,
dkjikmdpclhdhinpibfkknpmoadogcbm,PIPvid,
ijkbikplgkkmngeblmlbkhdemflghkbm,Lotro.fr Raid Planner - Google Calendar Sync,
khaeekaaklggcalmgphlbjjapkfhneea,CFCA CryptoKit.CUP Extension,
gjaliinpmkmkehebabkfkhpbfaekgljn,Left Right Sound Select,
oilcfopfbikfeapigpknngnmdcpijgnl,JDE-xpansion,
ajdlbabmblincabmmnnhfjnlmmhfadgg,SimpleDividends,
nhnenjnokfjkaojkbpfojjgaeljeofom,Special free 7 figure launch webinar,
ifhfpdbgpmalhoigckoojjjpepbionkn,Clear Browser Cache,
dhmmhkdbghagmodolkpeajhaggphjani,No means Yesn't,
bejfpdecpahejpgifnpilijfeghpmdac,Sol Thunder,
hicbenbldlkghoodigniooplopgjjpnh,Confetti Habit Tracker,
gobllagbamaeepcbgdfeikomhelbfhko,Purdy Steemit : making steemit.com purdy!,
appombffebbgnjddejabpboaibmafing,Scrape Hawk,
onlpbgcgiknneacakonfimlakcmhikme,whatsdarky,
jkpnolnkacalnkhekhglefcknffdkahe,pmp-exam-tran-translator,
objmjhmkpipkgollnfnabdneiihdnafj,WaniKani Notifier Redux,
amojbcoojjcaadfmejmmhacibnpakejc,NB 팝업제거,
eigbkbjbljgomioeleegpbmjhkaglgao,Workable Rating Remover.,
obifdoljlkgoecmagmheogjjlleppmjf,Phone Manager,
kglhakdblbnkhmcmihemhbbhkbofifom,Gitlab Discord Approvers,
jecenlbahggfodilcnagmcllileaalij,Openspace,
fneccpjdkpoklohjnaeockpddalmgpkb,Easel QA,
hkocffpmmelgidgjhkadhmhgfeckcpge,Custom Teamspeak 3 Display - by Frizzant,
bbombkgmpnekkibkifclmcpfagelcopl,Page Tool,
igofeciijkcngihacencnmbagckfloal,Album Artwork Fetcher,
iidjjilfiifhilogbpbogokipojknkba,Trump the News,
anjganfnhmflphjcoondfocamjfangld,NEO (NEO) Price Ticker,
djgnebfaligoncobimfdflekagaehmih,Hello World Demo,
kimgfbhinaigoahlilmenjgbkcdfbeic,Google Result Highlighter,
ialkgjcmgjhnbckmolibjoeeglgbaegf,HP Wolf Security Extension,
ijdfnmbclpjjonoehpboopalfepbocjj,Tablist,
iglkjobcdjnhggcaldigakomkppakmla,University of Ottawa Rate my Prof,
adggkioidaobooponkejkhjpopcnonpo,Tweetdeck HTML Button Extension,
faineknjlccakafmjpnlimcjpainfdmn,"The Bat Nerds - Blog about Baseball, Softball",
kahpbooeghofnilchemiehfeoiakncnh,Close Other Tabs,
fignfccppmliikeaojiijbjnojogobbi,Boruto's Dad,
baipflbfcdiodngiocfjnclcaemonbai,Rowzzy,
alkfhfgkepamooonkjdolamnbilhkmjg,Tab reopen key on incognito mode,
ianjmfndalobopghadlipffinjopjgeg,Magnet-ссылка - http://rutracker.org,
nogbbfcagldaahdjgoddhkgapaoacmck,Jonathan's Thoughts,
biaomnnlegcdbppjckegpakinnomadje,Japanese Dictionary,
bbaedkibggnbkcfdgpcfhhdpndhafhbn,D-Scramble,
magffpbmfnbgbfclpdojclgiffjjfgmd,Dólar - Cotação & Gráfico (FDR),
anofhjncgbeabghakjfpknjalemoabdf,Watch Limit,
bnebaophfpnmlobhhchioedjiopmjnbm,Banggood Tracking & Exchange & Images,
koimplaajgobcjmhbecmhoimfbaijbmh,Cliently for Pipedrive,
nfomdbijhhmjnojjhknamemkmohaedec,KORO : Modernize Your New Tab,
hmpnpfmhpioamedfhpkgjfmhdgnkilce,Soylent Science,
iaeomijkbgphnlmaiohmgnoffocobmfb,United States Covid-19/Coronavirus Tracker,
iimbklncmihcjnnkgjgjpelaiijdmlld,Spiderman Da Colorare,
nejfjabadecdgcjcinaakajnpgbabllp,GenderSwapper,
ndjajphjiphkffhniphpjonkleledcdc,Yahoo!Japan、Google検索回数表示バー,
fpfjgjkggolgdmfpiloagmngmkmihgnb,Muambator Extended,
oebliolkhgihdbiejffphhigjkjlbikl,Time Sink,
lgengifdcccjpgepdkpbgndjminjbhfl,inBuilder,
cmmmhbianacbeffhdimooggkpjkbfjoh,Index Tracker,
oaninmndmkkddojmjjiieoelfaejfbeo,Weekly Biblical Encouragement,
mnnhidokencgjcgojhfgcjeeldjhncmb,Focuser,
ofagmhdacmjmedooocoglnhfpfenjfkk,Github Gemnasium,
ikgemclfhcfnnkgfpelepmbhcfhipoma,Bitmex Helper,
jgpilhblmknfggjpkdcabajchcccgfeo,EDrop - Drop Shipping Tool,
hdlhboohbcbdmkcnjcldhcpgmoliflee,Memes,
jknpnlchihkeblojfehkajaiapnkpkkp,Universal Client,
oapgmeapgbmdojmelccgekofdepjinpi,Hide My Web,
mlglijdceicplpkebmecdbjkcddcklgh,TeamTabs collaborative browsing (Alpha ver.),
cbheenbihjdgbmbogbefcgnpfoflhnhl,Private Bookmarks,
mcpnnnpikpjfpimpgmnlknadphdgmpjg,Search Scrambler,
gcfhkdlkdiokmcpdoadalnebjkkgnamg,WEB.DE Go!,
lbjenjfljjnlkbdfbgmgcnkfnddaeccl,FuriKani,
bohkgjccccgdimejjnihcpgmaeiekhak,Twitch KappaPaster9000,
cflpaeofkooaljblkchekcfagmnfeopf,Soundcraft UI Midi Control,
edfpjmgpnoaodfilghinkbmonahpemgi,ISAM LogViewer,
nlbhcphfldljgepbiggpcbdpbhpkfhmi,Readmoo分享書：逛網路書店的好幫手。,
ppbbnicomlpilfkohhknjdkndelfncjl,Image Extractor - by Visual View,
jfocolikmfgljlbblhgpkcjlpehnapkm,Quickview for YouTube,
ghkoeojoeiepgpgndcogbcegdlghpdae,Extension Live de SweetMustaches,
jgbkfdjdcbohgenpccfgldadaofnfknl,_bem_tv ext,
gpgfjbchpnclonmdeinfoioaibldafbe,LF - open self tab,
pijhlhemoeoldopgekfehehggmlfpmpe,Bookworm,
delajkmngnneldbknaahlhhfilaedafh,Brony crypter,
kblnilmcdjaojaidjdppiekbnlpchekf,MyClass Launcher,
lgbokmfkipeecaegndnhbdpdkmiobnfj,ScriptDesigner widget,
bfobjnddngabheobmidmdifcfaifjpbb,metaTaber,
hlmmemiblfoacgfpjdigpnombechabda,Market Parse,
meoepdeiaemmhpoiplfkkgpgihlamghl,Covid Extension,
lnblpallbpppjcbofjaafmabelgijneb,Water Engine,
opeajkladelglljdblcjgkiclppcbkae,GitHub Pages,
eockgiilhkknhmpnpkbfdghembdfenjp,Plexiglass,
noekcgjjbgjbaklcfgebnpbnfhchbegk,Umbraco Developer Glimpse7,
chjjjomlolhgnfbnapjbjcmcbigaehnk,Margin Inspector,
mhgahehopklfajcpemmkbaljeagacdkp,Edaura Video Collaboration Desktop Streamer,
lafmogkhpjleigddjenkdpjcadohhhjc,LinQR,
kfmkpfnmkjgcalngkpkjpjngjkfkjecl,chrome-extension-mocker,
gghmjencocgfkbmfhccmfngonpbhlldf,Smile Wide,
olcgjaefdhgefkncijppodoglfgbnjkk,Rmaki,
lcmopbhidaefeeggcolkigedbgedcopj,מילים לחצילים,
oooaebjijfadmkbkgmcieohkpdfdcmpo,Bittask for Bitbucket,
gmjdaaahidcimfaipifeoekglllgdllb,SE Chat Faces,
cgappbkmoappklnbnjkocbmgpnfdcodp,kinetic,
kcobjngafmahnffhfomjghcefeiclbch,MeetProgramCEO,
aahljnhiglcpoigfdnekhdbokkhkhagj,Shipstation Shipping Assistant,
lnckehgilhhkaafjmlgpbcepaegaofoi,比特币,
nhemmoiipefeikgocbmloifdbacejmab,Feed w/o Lapid,
jhmapflgckgmkedahaoakekmkpffkihc,kintone Dark Mode,
addobefaeblfepgnjpfmcodjgpmipfga,Chrome Notepad,
eijoagbdkjifbgbkhebmdpaofdmniomg,Empowerify,
mjgjkhbmlfndknjbndhdmmjiebblchea,Multiple linear rotation,
dnpdfahhgnhnbdjpdggaofdaomkedlgc,Workspace ONE UEM Extension,
ajifpgnpomokokpfcbaaogdlgmfpmklf,W3Dart.com : Audio-Visual bug reporting tool,
nhnigpicgneefgfkfpbnmninmomcfkie,Google Meet Pro - Upbringo,
mjollmhmpjomgphjklheglekjpjebjec,WikImage,
amndhfgjaafohnepkldkjnijlpbaofdk,XMR.to,
iihjckfemnlglmafncjgpfckobigbmaf,Timeout,
bfacamkncebkphfahhljkjkhpinmicof,New Tab Stretches,
lldffjgebdkkdnkkkihdhehceaghdcdd,High School GPA Calculator,
cjjflamapghknimmdoljjhnenngpbjpl,Knowles Training Services,
jloofcpmloobonjkfaheldmomepapmie,The PE Geek,
apmjfapajdfmonndfeebmjpnngjacmjc,CopyPro,
bilpjifiehackbebnhphlapiifmmdieo,Camio,
gffppfcjkahcbpajekmknhfeggmcmnek,Keyboard Tab Mover,
fciphjhpmhklhijidaelgkajfabnbkdn,BluePencil by Zoho Writer,
hinmcgipjjndkedddmmpidnjikjebejj,Crease,
aflgknnjpkjdoapemodkijpmgclcingn,Readly,
nikcbpbhlpdkbfekbiojeppjfiajfmmm,VIN Lookup,
kckjhgncjgdbiaadckjcnhbonfihmcic,SVG Fetcher,
klnjohdlhpigcnadfpckddiddonhibed,GSB IVME Conference Screen Caster,
clpbjnhnklabamkibpaafmmfhodjpmhl,Open with JDownloader,
apdmcnlgnkbjenphgkcngojmjeoopabp,'Elon Musk' to 'Grimes's Boyfriend',
ekagpjcaocnnpkimbaaoekiffolnilfe,Comentar en Yabber,
nflgpafhnacaikokpehiooobhpbknkae,xkcdTopframeCorrection,
odfhejmgfacekaepogjidhhlcmjfeekj,蜜图插件 - 花瓣的好帮手,
fadbmfgccbdfompnemabmbjmpdcchind,Trump To Primate,
laoeehanpnodehnejiknhgghinngkhha,Ro-Customize,
hfoamkcipifpcealejlonjlebdioaiff,Thông tin sức khỏe,
idinmajjfeppnbimoipofocmapdpdhab,VCS Surelock,
dcnkpekmbpkdiclnbmlmiehifkcfafoe,GCP Aware,
nhgakmconlchcjjjcligmohaijmgcbkd,Roundee Screen share,
jpfpidnibjjiplhajpkmamdidmiocbed,Tab Capture,
gbbmkhdhhpbdckmfagkinlkfeolhccbb,OriginVideo,
depjhpnaigmekidgjbfhpibgdoifnnia,Boom Beach Search,
ldfaabjklahbfgemnkhcpbomdnkbkbbk,Send To Slack,
nhabmnkcikbafdgidlmjkflpiemhnbch,Clip Copy,
dljepnnpmkobafhblnkifghecgmoknpo,Markdown Editor for Trello,
gigfmkoemicegningfalknplgioapnpk,Sadra_css,
cigpbgbohbdbifldinhkapjlmaooahgh,Multitran with no ads,
knambdkfjgjcfnnackejjepjnilcpeeh,"Fotoefectos, editor de fotos",
mhcgoaegbnakdmmhiajniggjojlhchep,Techinplanet chrome extension,
pbajfhmjeeodjppfhknebbnahggdgbgl,Quick Dictionary,
ehkediiljoojmidehpemogkmfibcflka,Gmail Append HTML [Keyboard],
bhcdlhekjhmcgablaghobihglhdgfocg,Pachikuri,
eglbijlemmkljjklflgagbmgbdebdjkj,Neon IT Amazon Sponsoring,
aliimkkkogdkcafciegcmnpdigoghkbk,In-Browser Test Automator,
jepahkmnkblfichnniogaiodomcojjkc,Hearthstone Deck Highlighter,
opdmmmpiahddjnfogimkmmgmmhkbalol,Bitcoin To Buttcoin,
ipnojjhgefblecgmpbpphbgdbiecehbf,NA Opener,
kegilgkpidbclopebioomgbgilahejgo,FilterX,
ijobgcogegbghfammhcbifnkifjiegml,UserTesting Browser Recorder,
oeigonibnmglhgdnoojfcdbnbnagjapg,Mess is a dirty word,
cdokcnmhnblejobaikfpoldoglbhnmfl,BetterWorks for Gmail,
hbakeckmffkedjgbnjkokpchaodhgdpc,Google Meet Portal,
ecdhegimfnbapdpfnjnjkkedlikfioco,Walkman Organizer,
dmiglaegdelenllhmnhkobceicoppjfd,Arxiv Watcher,
gelgpoamgbniokddgkfekdfidgioglcm,Venetan spell checker,
bkihkbndnpblaglikolcfkgbhehbkkoe,ThemeBeta.com,
lgmabccifcecbhfoddhlnicdcbmilodm,Version2 Desktop Capture,
kloliancchmfilfklalpociilkfgfchn,AI翻訳 by オルツ,
igafblhljepfhmcccgklehhlbheclmob,NetSuite Links,
kfdffnefaojncoocjegphgaphgbkogpi,Give me back my scroll wheel,
gnlpgcicdhajjdgcpplolhapnklneffi,Secure Google Chat,
lboblnfejcmcaplhnbkkfcienhlhpnni,一键管理扩展,
ncoahcfojnpnlbcaodjenopdlognhlid,Upbit_Macro,
ndalbmnlfopchlbjblbdjppedbchcbem,Last Successful,
jdcmniiepfjinccadkbjliiopialnnmi,AutoRefresh+,
ilcmohdkjfcfekfmpdppgoaaemgdmhaa,Rise Player,
mkpfodpjhekjdhkchalfflggeoamfajh,Easy disposable email address,
bpcbpnlhalnkaheioffegmhhdlmooieg,Auto-Convert CSV to XLSX,
cljndkkdcnpmdoocnffafacdmmikmbli,You Got Mail Online Dating Secrets,
pibnlbjfeefbcfojpdmgbelnmhkaccid,Skip4Me,
moooghlhpgdobdelnhbjikfbaongkeaj,Radiodiodi,
afnogakjnebbgcbjkgmhaccljfejeflh,Pages2Repo,
clkhgcefglnjfiopkbelgkglccdhebmd,AI Education,
cnhpeefikelbhncojnaiofdfkipefaan,Stereogum Commenteer,
nhcafgobckfmhgcpklodicapanjiedem,Link,
aemmecgfbgnninkibcbmlaljamhinepc,"Web Radio do Samba 99,5",
akfnlkjnocfocjcndljjcehoelniogle,Habit Tracker,
gjaaaimmklkadaeodmpkjidnnbbilpjn,TypoRighter,
magkeljiiefkhelmmffdmleanhbcjibf,Pick Up Url,
abfcnaclmgkipffdebadmojcdjdepcdf,2coin,
pcgmedbmchghfgikplcimdmfldfnecec,Inkah: Chinese & Korean Pop-up Dictionary,
pnonlpnonheokmhpjmjnonhkijehjdcf,POGO.io,
nimegejmbjblillgpaookodlhgjfenhf,Login Redirect,
edeecbjkjjfcnhjagaellgfnlamfdeib,ScraperWiki-Gist,
kbolchgokcljkjojemomohjiijmlafch,Chuck Norris New Tab Page,
ihganmkmfefmfgfcebnadcbalknnnmij,Disable YouTube Share Box,
gadnpejjigmdleioaigjbnfodhkccbfp,eranol - Free Password Manager,
idpadfjbgfbiokaafigiegoginpfehdo,MemeGit,
mgnficipokmfeejkiohbohnfgjhhomed,Tools für Künstler - AuftrittsMarkt.de,
kbipjgpocaljekhjeknmhhggjecifbbd,TwoSided,
fmgakapefkckdimkoglpoooaamfpfhld,Karoo Route Grab,
lccehdhneigdildjbenkggdlibhabamk,Native2Ascii速攻！,
dgoiocbdokaidegpgilfoklljmjfkbei,Bible links opener,
iaidpdjbkmgjgickhlegbnndpcfmlchl,ATOMica,
kgehmpaejbdohkkhjjkejhodgnjeejgm,trello+,
ikifbnamadpilmpokncfbhdcbldikbdi,Download Tabber,
nkbgandjpcgmdjkdokndjnhpimplpffc,Extented ESO Forum,
cnbjaplfaplbdeokbhfpccefjccoidob,SU Jobs Lisitng by Rahul,
fjphcfkmpcdfpgcpkmkledagbeibneab,Firebase Auth in Chrome Extension Sample,
kjjjockipnpomghfnpbilhhcjjkombla,Tab Stocker,
eogpejkjgbbhikkebmpbcdglbnjllfai,Preview - Sneak peak at links,
hppkpcmelgjfccbpnfiimhipepldoeac,Netlabs Screenshare Extension,
adoiopbekmljhndnefhmagpfgioedfae,Easy Github Repo Delete,
lppbpkclblidmnncfdladphigmnlmimp,Cardinal Template,
pdhfkciemenekahpcoimfljmdifjllon,VueX,
ncaopokfahnjjdhlgfifompjlppecaia,VSESSION 録画用キャプチャー機能拡張,
ijmpjagllpccojbbfpcdkbhlcohopopg,Etsy Tools - Ad Stats Enhancer,
fdenggmoklabgalfcegoljknlalplehc,SIBOOM,
doonmnglfbnaiahmnefjmnpbjadloaok,Gmail Sunshine,
caecpfgkeblejjhgmheeehmapajabbmo,My Markup,
nfmomefhbogooebpmdhpgpnnbpjlgnje,Skipper,
icopppeohpnnliligpcnikdgjefmhbin,LazyTranslator,
pioihedddcnmkeeeomkcfppglpehegfh,Ferro,
jhhkebilfgbjalibiccpmkimoeiahljf,Query Bench,
debbcngjakfaeecpdlfpoobcknkljiod,QR Code Generator,
gfghmhedkgkppjjjckjebkcfickegglc,ProductiviTree,
bljgfkmmnopmkcbbbbhlmnidcfdckpjb,Angular 2+ Google Chrome extension,
peboekgeiffcaddndeonkmkledekeegl,Jira Log Time,
glbffpiffonfokkgfheanhbnleofjldc,Text URL Downloader,
keecndpbjnaipnhaominanhpggnldfol,eBay Search Item Excluder,
apabiiianafbkdoebdfmhbcikmcoiimi,Amazon2Backpack,
hfmcmcphnmeljmpbbkhlfplaoegimepj,AuthorViz,
mbenddaloegnliapikjidkejolpjckhj,nomopromo,
hamakmjlalaeheeachiiolmjlgbepckm,Видео обзоры для Sports.ru,
obelldghljjjdgmbognpnnbfgofbnidg,SANDOGTM,
gjpgpobcdndcdcidmgcmlphbomllapjp,Web Archiver,
eldkfggpehnmehajcanhkldgdjkmoepe,LIMEFX Helper,
bggllnkbdlkiimnpkndnceeelpabcogg,LUMES 20-20-20,
clobkklbbnhnfjkeddmhmigmabpgacdo,URL to Barcode,
ppplbdcdldelngnkblbjfclblmhgncgb,6th Toolbar Spacer,
jpoomegahpapbbfenlohnpngmgifbccc,Chatwork+,
lcefedlblhjfcnkeedimneflonneacha,Pefect Age Calculator,
inodhkekikcaapcjhcepfiplgeoffjpb,Alibaba Scenario Recorder,
hcipoaecncpapgbpkofhdbmmpajiaelj,StalkerMode,
fchfnnmlenjoppfonlacepldllfaglmg,Gender Blinder,
ebogdljhicphpcgioegigegijpogjebh,NightModer,
nihglgjifaobehpplknpldeioaplaloj,Shoes,
ocmndamjfpoefancfhkhlfdhjfjkpmhi,ENTER Zagreb | Radio,
mkehgjplmdhnbochbdmdlghjpdhlamnd,AngularJS Console,
olndffocioplakeilhkgenfgdincjlpn,Recent Bookmarks,
dnlibimlgbgballjgdogmelcjfhgojno,NEU Library Access,
ndhmmidgckcgnmjpmhmkimofibknhmjb,Interseller,
oenckcbmncobhdpimgdkiagaoncplnlh,CFCA CertEnrollment.NCB Extension,
gpmkacpkcakamljkjdjfgmncbpfjacjl,Amazonia Right Click Search - Amazon Co UK,
ifgahhlomebakdhclnfgabahajgingcc,Whappo Call Center,
ogfkecidckegilnggmfcddhabapgkbip,Tag Online Judge (Support Leetcode),
ldpegfgbldhhnnjpipcbifmadibkpjfc,DisPage,
khgbhkphjfhihhjlfbmdgcgpbohbkdmc,Piazza Filter,
enpcedkgdcblopaldlgcajgebojbnhao,Social Birthdays Export,
jghkckfflkjccpnfknombghgfcackchj,Blurred Lions,
opiekmfemljmhdooodfnfmhchemhffnn,"KH13.com, for Kingdom Hearts",
pdclhccofigkddcdjjnbkflabjdcppgh,Spaced Repetition,
oopoilhioikgaglgjofacehhlgkbaggh,Amazonアソシエイトtweetカスタマイズ,
dpflhleimmbhmcihedanghbdeoinpiig,TinkoffTicker,
hhompecpighdhclapocgaaadjnmgahoi,Random Quote,
bbnjhkepeaipkdofiakangkniolpphej,A&I Translate,
jhofdlljgmlfhpbjalhfcjkdkgcpmlfp,Nomo,
mofbdbepolljimpkacjjcfdimoblfpio,AEON.to Lens,
ieibdhokfnnddpkjdajkbdflnbmkaoki,Dorado Ad Manager beta,
baahfkpaladiplnndgakdkcfedobdabc,Mark My Work - Jira time recording made easy,
kokofjekemkckglmfpnoanadmjolbanj,github-now,
bgcopaeldiliblccidcdolfecjochhad,Scrim share,
gpcflkgljigabcndplbcadnmngkaekni,Sidebar Remover,
ellabkgcnhflepncdcnelhgclfkgmanh,CSSSteal,
cainfdbghiphakleengjodgnhaplkihp,Donald Trump Facebook Removal,
bbchhbcflojbckdiedfobmjdbmhnlpmi,GIFO - awesome gifs on Facebook,
hpbpclohalginomgpnnnalelfnjaeiac,PowerBI Links,
afkjaeaejmgifaemobngmaaidigpicpo,Copy Customized URL,
nbdcdjjfgiebbkppnnlnekbholkbapei,EviLock: autofill and auto login,
alnnkdajjdhifohikefkglejgjknaijh,PlanPlus Online,
hdmcbcfhkkbjnphoaipioeghmajgmfjd,Рос Медиа,
kjobgpnanajmkbbbfaffkneolbaeledg,BMC - Best Mens Cologne,
ljegainiahjijigfbecdgabplcndnhol,quote president unquote,
lgjeoakciijlihpeakfchhelidkhgjda,Showroomダークモード,
pfgcjiodjlgabcolfaggpdkgjfaleapj,Sender Intelligence,
nkcfbkhcgnpfkgddabjpgnfgojmemiof,PanTube,
nofdmnmoloanabhpnjokkkpfhjgjbmmo,Pixel Talk,
mfgdchikohkibmghmbklpiijfakcmlfl,Bookmark World Clock,
hggdekahccifhildkadlnnfkdcmlmpah,TELUS Digital Rating Extension,
oilihnohmigokmiakcbnmjhncdahlhon,Access Kids Regulator,
ilekfjhjjpfagaenbhgppaehhedekgbf,Button: History,
alpkcgejnhlhbolgiedbcfaklbmnicgk,Canvas Dark Mode,
jflpleoegnheglmefkpcjbmbolhiffdi,GameHunters.Club Share Bonus Links,
ginlmldponabcjidalfoboonnmloeolj,Epic UserWeb Search,
jhebhngijfohfmfonolfmlhcailnomck,UT Auto Login,
mjkpdlpoebnpeblimoacmjiohlgoflnn,What is,
ceepigemlmlbphjhffddplfecgedhoeb,pfcrypto,
eednaaamodlhlhfnpjiogjopkpllafcp,MindfulPause,
ifbdckgghfmehefajfoichlhcdiibkoc,Post It All : Sticky notes,
dbkohbfhkhlmnkikmkgndpcajchmlkld,Trello scrum points,
eefljcobcafjchbdbejhjhcojojikfjk,ニコニコタグジャンパー,
ijcmieoiplkojfkocjcjbfjjjjdmlkka,Tabs Closer,
mmfaohhdjcipkfogaanhaaoplbmkaefa,circleci-shield-badge,
kboeaaibapmekfoncghackichkpfhdoh,Merch Text - Streamline Merch By Amazon,
jpapcilobnmniahfmbgbkfcnlooaomfi,Vairus,
chkcgiipljfkednckklmilepbmijbkpb,RemoteBoard,
dnhoghpcfbeoiihmkibpgnhefikgpmgm,Metis (Μῆτις) password generator,
nmhlklogcifmkofeafamhdnminbhejho,RootsFinder ToDos,
kjjendcgkfkaaicpdiadopjkkdkahnjg,Thielblock Plus,
cmgdfekapggmapckikbjjlcnkfojbpbf,Titech Matrix Auto Complete,
gaiamdndnlkadcojnimndilcgejjglnc,Screen Share Extension,
ffibblpngipjhfmmcbnihjeiofbklmjl,Phish finder,
nndgahclinhhbdalcmgmmgiafdknchac,Search Scroll,
fpjhciagncnhehhpbhjhlkaakdjgpphp,Fn88pro,
goendnnaaghglgdkpadmpiekogkljipa,Speedboat for Hojoki,
nolbmjhicibknokpnbdaleabonbmioil,Volume Booster,
fflpcmbjflhfimhfhgcdmgjinglgflhk,MEmail,
hchligappoinaiboamdalnmofmpaickj,Image Collector,
cfennfnginlkfghncgmngkdbbcoclpho,S2KPrime Screenshare Extension,
aahjijobnncbnonimmcglbeocpckmgdi,dinobro,
hfahlbiobmiijnjmllfibkafgplnekig,Profit Panda Pro,
dikemolgkkmhlgpgnmndjekbbckmgfmh,Volume Controller,
ielihhgdcegllgkmlhjccngaiifdebjp,YoWorld Art,
eialbadjapmfcpbpciemmgcoadgdnfbp,Tab Viewer,
bhdjoenakdncbihdefmdokhkmandglkj,Google Meet Plus - Meeting Transcripts,
npigckpiilmfjkgngcffloobgehgmfme,Shaparak Verifier,
ejhffeagphghbmdaakobmfpobjijaogg,MelvorIdle - StatTracker,
fngodhbjhccmoeiahbljfaeccpgkahaj,HYPE CRO,
nafcdalbplojoibcaanaalanahdceobe,YOUÄFDSCH ONEIN,
hgnoecaneikfjlmbdchnhdkanfbdbpji,LARIS - Official Account Automation,
ffomopcglgkiomdnaijnpfanhfnhildm,exCalc Extension,
npbefkilaedbdaibnmiiedgnocbbindb,EliteStream | Series y Peliculas Online,
madblnepjfckfipkaopagflmdpcdjmhm,Radio Skovoroda,
gadkijfpineeapfidmlddbaiemjigpdb,reddit Sidebar Hider,
infimccbgaohjkejnnjkojamnhkfmoio,CbtCognitiveBehavioralTherapy.com,
nemlbcegcokokoajldaboefhnbijiblm,DropKick!,
pioanloldonockhblgpmcafggncjijga,Snippet Corpy,
naekklmnmpioippnghoddienekeloomd,What's the Point?,
egfecfbhbaljhcacmclhcddckfofckid,Latest BBC News,
gcoiledfedonbemmdcjiomlnpjkkhpoj,Checkit,
echkaidigfifkdfenhhknkohimnohbgh,Nyan,
nfkcmdcjnelhmnaippjpmbameoaploik,New Tab G,
clifonkhnokgkmdfjdhdbbepnkpffbfh,2Gees,
mfckggnkebdpaocogfekaaicafooeiik,Library Scan: OverDrive + Goodreads,
nkapjliegfpllkfipeaeeolliiihkahm,green-unroll-me.js,
ilikiljikdpdippbfmfpagekdcngfmhd,Moorpark Auto-Connect,
lndeakojhdbokjmdpilpiaeehajllgda,Android Fan Club,
ahpnadgegkabpnojifbcejomhlnbnhnd,Famitrip IBE,
kchadaomiekpofimgcjkjmdjhmabocdh,Press Bundle,
aiadcbolfdgjjfjpdbcapincfdnjapgd,BGU2GO,
npfhoibgceohdgkoighlnnnikbbepfjb,Subreddit Bookmarks,
mjiicppgfpolmaiobagangcgpfibmehg,Wesleyan Maps,
emfbefdcnhmgkfhcmiabgkfocmibbbmj,LOL大黄历,
kipoemdkgckjgpefhonjjjnoaojjobmg,Aliexpress Correos Checker,
edomigmolmlfpcdkidnjagcahdbacpbj,Print Plus,
ecmkokiihffmbpeepnkpnkglmkahofnm,Puzyaka,
lokeiablfphbmpalmakacikjccnlkpjl,Social Media References,
bmdfiifdjojbpkeapcaipadjdhhbecod,閲覧履歴ポップアップ検索,
jbhdbhilgoeiceddhlhkjbliicomledo,The Copy Me,
daghlhkcchjlpffclliphbohgoeifnab,Savings Button (Beta),
hangmahandhlldanmofnfflimjojpijg,▷ EPSON L120 RESETTER | Adjustment Program,
gcdgongcgfoihmhkohnjieejppbgoanc,Tabs for Trello,
lbgdkolchcjhngpgdlmpimjeogkdhlag,.GIF It To Me Baby,
ojlnfacccaaiakddpakbigkgbfeiblne,BrowserStack Utility,
hphemlkiblibajapikfnjnoebaepeckp,Autocomplete for LinkedIn,
lpplabkoddamljiiilcmngfimdodhpip,Pedlar,
japfgbjnihjjhgcajpgldibpdldapgoh,Document Generator,
cmnjlnadoijdhgkcglfejbinjobgmbhn,Read Tab Later,
iccnhaefappclaanibmefihpdgfjnhok,三合一集运车,
kfokpcnpgiffpnlekenpdfohkieecmdf,Javascript runner,
kjglfoaliihjejillngcdmmofmnepkbc,Shortcut for Shortcuts,
edamgphdkkopdfabbdodenbnkakpbhhj,Tibaka StreamApp,
fbflpifoodcfknnolhnambbiekfjekmb,Cruxe,
lepejoclbekgfacpgknfpjaeamfmjaji,Github Game of Life,
bfmebkjjepnclncmndhcgcmmmchijbop,Color Icon,
gkgekoobpemklogaclbobliifdfbmljf,微智能 - 浏览器插件,
mafpfjnpmblneioebkpdjlledcopckld,AsinSeed - Amazon Product & Keyword Tools,
eoekghnklnjjeefkfmjkccpdngejmaeo,VTEXP,
dndphmhgjnfmbkfiegppiglgjpibcmbb,Scope360,
cheapdoemngcfebcebleanmnhkimdjhf,Cat Vine Lite | ショート猫動画,
ldabjbgjkjmdfmdnodfmkepebimhpldp,Singlish Sri Lanka,
aakekiapfinbjhkohhimacodbpikndfp,Font Settings,
aleecdoflfiofldfpipjhcjoigokflmp,Apply Tool,
dhgedagabpahigmghcghlhklpkhnmmjn,Trading Bot GoodwinBit,
fbdnembekpbgiobohnheendigpfldhkc,YAL Tool,
ppdnpnadgdccoaaecfjejbhkpoihehcd,Simple Calculator,
nbnenbbiijokomeoejdlnphoagolpbek,job hunt,
ieneohdfniaijofjkigbbakcmcjooace,SimpleScan,
clibihlbfbomcapbiaceomafckbdgibp,Aesop Ipsum,
mkcldplhcdejkmociogajgbhldipjojc,Dividend Forward,
oadiaghpehaaplbchodiigbbjeeokila,Reddit to Mp4 converter | reditor,
bpnifohhgbeabaioeafebbgnddkgooda,BX_QUICK_ACCESS,
jolkcmlidbppgpplmcmpkdhlefemacfd,Bookmark Walker,
lmmkdhhionkgeflajjokpmeogekfdoel,Trove,
findgcmiknkgigbbimbeefdmcjmpmnog,All website image grabber - Ultimate,
nflpfcefjpdiklhfegiecnaajafmhmdc,YouReads++,
ilfaiabliekooeinlfonleniaeaijabe,42 Launcher,
mkmihomflpmobhidlcfiadgpbemnfcjf,CORGIVILLE,
dpecplbkinpdbedgejddhepkgcppgchk,Multi-File Downloader,
gambonfdngdmeceigbjmlkaadjgbalhc,Lanky Kong Enhancer,
jneecigfgcikekbeaidgadecnkecfmde,Catalyst,
oaaeanlgefipegfcbgpgnhhnpengdjld,Another Tab,
olgopnchegdehaeaikegmageipgfnidj,Worksheets for Kids,
cfimfefnjbkphfjbhhblnppejfkkgcef,Trump Tweet Viewer,
afepnjcbghimpehmkkagheajhnogdeen,Rover Curiosity Cams,
dgldedkigbbalaioohedddpameekglma,Pin Tab,
pimddpppppkfioifalgbhnjfmlcmfehd,Palavra,
papagkpjldglcaifeipgcfkhddlefnkk,D3 Deconstructor,
belmebefbmolnepgfjnielhffliijajh,戒微博,
lmmoebjlbngcjknchjclblplafibpink,Hannam Booster,
eipdjghfbmjdejlbigpdfmoigibginib,Wikipedia Without Links,
idnmhmpgbblkfpjffmdklngnabjeekfn,Useless Button,
aaddgdbihlnjhobfimfbdlpngkgmcopm,DNSBil,
bljnhgkajocmhlflgefahihojeajhjji,New Tab Startup Quotes,
bnodldnniebbjjiidjjfpdngemjdlebd,darkGoogle,
cikaggdpeomdkhhiccaopgfpmobfcgjf,Remember Django Docs Version,
pihgoonpooiopgjffdjjbhaiofdhihba,CSS Trick,
ndcmolkgdjeakcjnpolaadadjlogiahg,Regisztrációsadó kalkulátor - mobile.de,
ncpkigeklafkopcelcegambndlhkcbhb,Browser JSGuard,
knkjhcbjbphbaknkgddnlgiaimonhbjp,Saso Highlighted Search,
ljkdakphhiofpphipdoiimmejhhokgdb,BrandMaxima Instagram Hashtag Analytics,
kkknjljffdiobgejpmpcagehcpenklnd,IP Address Finder,
kjdilhacpbedfnockafonjjigimlpjcg,Tikkety,
hoejdlncobjhlajgmlebkfopeaoenebn,BiFap Data Extractor,
lcejkpppdkeclnmljajkoodehfmlgfdl,TechnoKey Secure Mail,
fcnfjmdbfcepbkabncflkdjnfpkhmdfh,ParseCV for StaffingConnect,
hlfbdniflgnohododjflcnncafdpgbkd,IBIS_relevant,
cfokcacdaonnckdmopmcgeanhkebeaio,Tab Count,
oaieodbeeaaamklhaolaphcllihkafpa,Koi Pixiv Extension,
hbffioiakemflkglioiijpfddgahchaf,AliPrice Search by Image for Lazada,
iniaadinaaepabopnmlhennfflahglif,Det heter Statoil,
cbacnmeibpjjloadmiednkfdhbejfeha,RBKweb Ultimate Survival Kit,
hgoefiiboehgnhnhdhlfckklmamnlfkc,Проигрыватель FLAC для VK,
ogonghphdgcdealjfknchhgiaabendkl,SpaceSuit,
ekjkkoeahgepnlhemegiigocfkjmkcpd,How bad is it?,
abnmcipmgodoaddnhhacaohdepbnbpdb,Background Customization,
fhilaheimglignddkjgofkcbgekhenbh,Oxygen - Atomic Crypto Wallet,
kajfghlhfkcocafkcjlajldicbikpgnp,Request Maker,
ggjlaakenonjlionbnebgnnolhmplbje,UNOFFICIAL Anilist Updater,
ebldfedgodmkhjcdahkoaamfgbcikekm,Weenie Blocker,
diamafnlikgeedibmppfgdlcdedlkgho,AucMiru - Yahuoku Checker Button,
hpfjccopidfknnnfogdldecealjmkaoc,Portland State RateMyProfessors,
bpelaihoicobbkgmhcbikncnpacdbknn,Chrome Regex Search,
dechicbjhhmbiikbkobkoaohdiimdmci,Shopaholic,
hpdkiegodjfpfgbciljalfjgfpcfbfhl,Email Scraper for Mail Merge,
hagfnmgjjbjgjdmkfoaoenikkojjbnfa,MESA forum,
pecalkbdlhhhcoenmcjnmhgnncnkdgak,Sitecore Analytics Testing Tools,
dckodpmnldknkilbndknoninhojlflbm,CULA - your URLs status,
eeaobpomnbfjfindikojncadknecoaif,World of Crime Helpframe Classic v1.15,
oigjpnkdpaimfedeamfgppopiflncapf,Preferred JS package manager,
pkhenjdifaohjnolkjkemaagcnpakfig,Bullet Screen,
gemofhkbgaijphgblpocjnkmanhpfcgd,Toxic comments Identifier Twitter - 28/01/21,
fikpnabkfejjgajljglfkkgecppingpo,github activity divider,
ilmcolcpomdegigmnfeennealjgnjfcl,Website Habit Traker,
bbbcifpllidmecincciipnhbcjhcmblm,pre-notranslate,
ofommngjmpaaaaogmaejhliofhogaacj,北汽财务网银签名下载控件,
ogceoakhkkbkaioefoffgoniefjbejnn,Muslim Radio,
afppminkfnfngihdocacbgeajbbdklkf,Refined Bitbucket,
lfijjmjnlahhgpfdbilgnnnkikacnmgg,CALLIDO™ Argument Mapper,
njjpbfibgmkogjbfkafflpodelhchfaf,Mail Hash,
ffdcifpkcnafgejmnhifacidbobkecbl,BankExamsToday,
kofhipaohlfniimaglmhoimcjlgbokmh,דף הבית,
bifcpdpibocmmchlbdlfblelnefojbmk,Better EDHRec,
acfobeeedjdiifcjlbjgieijiajmkang,Pro Sender - Free Bulk Message Sender,
jlmafbaeoofdegohdhinkhilhclaklkp,OctoLinker,
hhlnlfdgbjhidggncfhepldjdlhgpnbi,Тулбар для партнеров ИнстаФорекс,
nnnijkoehldfohcdopaflfdhdoekkjch,LookItUp,
nfdoodboklgjfenahkkajlloejahkkip,JIRA Rocket,
fajnlldimiiipghabjgnbdidcnkghkgn,Youtube's Annotations No More,
nhekhpampngofndjdlkjfeibipomhkhk,H-Word,
obghhadpkgfojmbgcklomnaojpjeddan,Hidebar,
fhklbinpebecnbklagcnkojommhdpice,Ulluminate,
ocicojjacjbckhaakapfbdkfecpegfdc,No YouTube Comments,
lmhpcmdjibbhkebfmbomehkfccllefnd,LOC,
nllehabfjhlohogoaleeaodkgkkdgjbo,One Commit Merge,
mlpdnnafcflhiocbcbneodhbdbinpima,HBO Europe Keyboard Shortcuts,
hkhhgbmlinegdbjpacanjedgcgpmpcmc,Analog Toolbar Clock CE-7,
kkkjlfejijcjgjllecmnejhogpbcigdc,Org Capture,
idbjaomcabodjbfgolcnolbpbakcapog,Kaomoji бωб - Japanese Emoticons,
lpicnjjpdgpciojopdmdchgbflhheiol,Popup To Tab,
mnbkepgphamgbkiigedbddhfdbdmmahg,Super timer,
omkmijdlolnccpehkopnoefhdckegcfl,Send to Wofh-utils.ru,
fgjkpniomfjjdnmnahjeglgobdlmglma,BrowseBetter New Tab: Productivity Redefined,
pkckefgfcfhhhhabpocpebckiboipkgl,EOS Ticker,
ipmpflfdfgdihmagggahhpijdblcnhoo,ImageBook,
jkboihlnedihckbjohaeiollighbpddo,Youtube Ad Skipper,
aokjaefeipogmkcomimlgddaiiaecbhb,myprospect.co,
fefdcjabloofphhfcinhfbinmehfcojm,countDown,
hfbbonkgmaonmiimglldgmanfbgbimhf,Drupal Helper,
ffcejpomofjkbfgmeelecmfhhckmaegp,WebHistory,
fehpipicaiihbpiegagncpdfkfmodiol,Viewtrader,
afbgkgodpomhjclhnfddafacgfgkiibd,豆瓣电影助手,
ahiajdlpjjpdmfdjbahgjjgmekmdhioe,JoeyrooPlus,
ajdaphmmjhhageboagckhfiiiofaappa,晨羽影视vip视频解析,
oakmebahenghclncfieaophafoieobbc,gallery_plugin,
mhplnfffipblmdfjpnmkpikinafpiihn,Relay Auto Worker,
eepfndconicmgmaabimbloodgoghjbdo,Twitch Points,
enfihnimccegcflhmlgheppmfomnjekf,Ryver,
ppnedjgfgifikffabnchhklloiiioklm,Teleport.video,
mnidjdifhjohmbhinodndkfapjfbmdcp,Vouch,
llhbhgpjhenpeaignokeigbcekcchlfl,BARF,
kbmdekffinpekjapcpgchgpkfokklaaj,Smart Calc,
ianffnbpcpgklmkdndkoelcidhkijllf,SaPa Written Assessment,
okdagieplikggnniejpenihhfhmnebdd,Ban List Importer (For Twitch) [Beta],
baabbccjecolffbbbikjcmdnpfdnpimi,Salesforce Case Notifier,
bagamgcignbdoeklhacijckeloobcogf,todo app,
boooeaoifliabhclnhiahpeeccingncm,Movie Tracker,
olkbchllhcflpbjfgagahpkjnjioiedg,Medium Wallet,
kngfoghceddpnfkchibmjkemdkigfkfo,Wonderland Calculator,
hepdgnbegplahokplefbifdlobgdldke,Aliexpress Coupon Finder,
kalflefghdkamomjlapjdbecjfpadakh,Simple newtab,
hlfclhcejpmacbpohfefhjgbhgihdpig,Winebid.com Real Price,
mnhmiianlmpgpmallbgfeklmoenjljbm,Customeet,
gaciolbdinpdmjhpmjpfimgonadhppnd,Alexa Search,
ebjgbkabcnggfocfbjgeglelojkpeobk,Youtube on Spotify,
ljihmifnpegklfjlcojokpeglonfigel,Trumpington the Fascist,
cgkpclgiekphdehmioamcngioijfplem,Swap Moments and Notifications on Twitter,
npcbkabbfegjnmeaaehjlebbimfbodia,Consent Annotation tool,
aapfjjpenamafgaldmnfdldakcepimlg,PAADC,
idelahdpoffenoimhdnppcpienlobcfj,IroTradex Helper,
majeadnlpakboofpppkeknhokcgepiej,Tickee Countdown,
gphoobijaphjgacbpndbennmoglkfobm,Abacus Learnining Lab Screen Sharing,
kbcjadjfmllcgmabedikehnmdkakbkpk,Ascend It,
pmknhocdemkjddgphkdneljlokgfejca,Flocking infinity,
cgggfndkphggbgeimpplooflemnfndok,Melvor Idle Combat Simulator Reloaded,
gjljhneflhcnhjcanciapemlamamokjp,Inspresso,
mpoelpofecbpngkengkfbmdndjomgebp,Youtube Shorts Sidepanel - Tabbee,
fdmnececjeoecjbfbhinmnbfnndbdlhg,Sofist AI Advisor,
fahlljdibdeccbmppibneekoanpmicjm,Clinic Mono,
pjkneekhjpaccopklpjpbajkallcdpog,AdMeme,
jnbfjcagnimdookcncakomikecgapoij,Private Codes,
njfkbbdphllgkbdomopoiibhdkkohnbf,Project Fib,
bmjdeaihnngnnnaldgakphcaanioohgn,Mute Notifications,
oepbcjjbipfaecfbpmimikkkiioelaii,ScreenCapture,
acoblfmcdfihphocnnbcokdchegphalf,"qiita ( ˘ω˘)ﾉ""Y☆Yヾ(˘ω˘ ) twitter",
jdogfefgaagaledbkgeffgbjlaaplpgo,Transmogrify for Plex,
coejeaiafbifhmdoaagoacmgepolecfn,kintone Ctrl Enter,
gekdcilpgnncjifnhkoaapkkoggaefmo,Seternity Tracker,
jjcffohjbmpjfbgabceaeahdjkjcjljp,100 Get Out,
fbafkcpabokfokjklljncgbdlijndmng,Semji,
fmcmnlmlijonlmjmdmanmbgiihkdkjci,Convert 'Bernie Bros' to 'Rowdy Peasants',
ifoiaiiohomjlebghcdonnefnibdjjne,Maximize Tinychat,
pmgmgaejgbjiooiklinoelilmnldlhcf,github-php-function-jumper,
ehdcdancjbfkckpjnpjlakcfililnhkl,Cadavan - Order Tool,
langaimdkocnaajedhdaigflpiiobjpj,CFCA SecEditCtlAdv.DEMO Extension,
kkgplidldpnfiljmkbodiklghijobflj,Device42 AutoLogin,
ncbgojnlohcebjffaaifegijljdidcfh,ServiceNow Alert,
hdffkgchgefennocijbfhkamaejpalpj,Twurl,
ghfjnpjmjapkgnckgplmgahkkodlgkel,InstaDesign,
gacibopojllnagibhihioefhaiefpoem,lagou-helper,
pgncjabkcbkckldnngdnfpkfnhkjilap,QuickSearch,
adakfpemmbngeohfigfpldjimamijoek,Settings Button,
gncdclnpfoalpifodcileemdhaobpfic,ApkFinds,
bkokdhlfeenoinbflpeiaboamjjmohel,Jikobukken Search KANZEN GATTAI for 駅前不動産,
gacfakhdjblhojjecllgohnjgjikdhgb,Amazon Cart Hider,
nlhibcelmcakfgbdmeinlojopoadhnfe,Seen That! For YouTube,
emnloaceabobbiblamhpdeffnpncchcd,Track Plus,
lofomkfpahkabmmocnnbmaaeooolmnlf,Redtrust authentication controller BETA,
dpipdndjcofdfhknlfloeokjiooiojoo,Force HTTPS for all traffic,
nkbjllanmmhhdfjdicaoifapmfghlnie,Gmail AdBlocker,
ddgkgmkobplknpfacjocmfkphblpilbk,houseme,
olghnkfiljkinfbnichocbepnimdfclf,MailCheck,
nncejjibkfkbenadgddfcjhddpfdadpp,Simple Bookmarks New Tab,
fhdooeibldcjnddihendmeepmkfhabmc,HaxClip,
mkoomiocmcmcljiiogpgbdklcgbhpeod,Developer's Shelf,
pojoanmgikhcfdefilfpceobloieicjd,ore,
nbdhmbajecdannlcdfiomapadcaelnba,Full page screen capture,
pcaanhhfglonkfpmpjgflifljpfdlpbn,Healthy Habits,
dfjohgimlgemdgecpbenenigohbelmlk,Quotes,
hnjlpfloofgnnjblkdanjhmlkeojooji,kintone Image Paster,
dmcadhlpdoobjippmpbpbipofobadoip,GitLab MergeButton Control,
lfoilbjanlbkeklbchlehpkpohfmiadd,SVGCanvas,
hbhlaaifabbloepklhebigaaimpipfdi,TransCare Click to Call,
cbnbefhglephagedeognbkfnomclapkh,One Tap Paste,
dlcjllapchpeedkecmhfnpfenpbglioo,Salesforce Change Set Turbo,
nlnbgfcjlgjckbmbagalgdeaacmlcobb,ルー語翻訳,
niphabbblhfbffjpplfhcfbiingbbemp,Random Door Knocker,
bgakagohhjcallelplmlafmloidpkpma,SimpleCode QRer,
iajpfoidhjamafnifhlkgkjgglhbmhpn,Muir,
afcmlgnnhepidfcmjhedncfampegbddj,Outliner,
ebckjjiadgdimaganepjmpnlebncmhcd,Inv24 FREE Invoice Maker Online,
ncldckdbdcnldikkenolamhgkcppdjpo,UBuy.com.vn Order Tool,
mlgjhceidbojkclhllnggjgdkmkgjdin,Online Bill PK,
pfcdhnmafnfpieljjdonlmpmjjpenhho,EcosyPlus,
onikkccimfdclmadifhalfnkjllgeloe,Blinking Eye,
lhemojfngjeonbniimpodmfbgibnmjel,Trigger Teak,
lpflcbhegpdlpobplhahfhcficjackdj,UT Orientation+,
pakcidlifdcmoacdlaeddinfcjmllljn,ScoreMaster,
comoodengbhchaeglcgaaokhaicgngoo,ランデ・イント,
kloeilgjpkopmbnlcppnjofkibgfnckc,E Money Network,
ldpocomgcigniblojpibkdimchnpnofn,theelectricsmoker,
hkgmldnainaglpjngpajnnjfhpdjkohh,KanColle Command Center 改,
kcfhljenkbhelpfophfokmcbahjcllai,To-Do-List,
pcffiafokehbbgghkdgafdnokchkgcij,Revolut People,
kmonaagaebfcnmmifddkllobfmpckgpk,Airvoice,
bfhmecnhdehblbnadegfpbmmbbobkjff,Simple YouTube Loop,
lokcdpkhpieckjijdhfidnjnbnhepjph,Soi cầu WAP KUBET.LINK,
cekdmophnoffapeifhfgjjkjpcpmnkno,Meet Auth Switch,
gaakbjifoeokcmhbdpgaflahiphfelfd,Run In Playground,
ciiblgoklihkddoapidgagipedipefke,NITech BB Extension,
fekjpjaehfnfhcbakbkkhbjfcpmaffff,Карты городов России и мира,
mcolhhemfacpoaghjidhliecpianpnjn,Cashback Service - SecretDiscounter.com,
khkoofdalhndgpihmjeabjljegaghbph,Death to comments!,
iiccelmcaeljhopnbmofjnfpgpddmnpd,WatchPls,
gncgbgdmioamlfdcliheeepnmgknlekm,Egolatron,
nfanbbpnoaomnehhkkkfmahbfbomflbj,Статистика в Рекламном кабинете ВК,
edmepgmakhcklafnhjhagpfmjnjhcfmj,DeCode,
mlnehhebibgppkcgmidpchhpoiikdcak,ポイ活プラス ポイントサイトをワンクリックで比較！,
flceoicaagcdbfohackgnhpekefapagi,MyTruth,
nhlgmmenohfeheknddaebljgbcgaamhe,Twittext,
ihikiifeljhingnbijdncnjjnpmcbkln,Boldrinize,
opadloaiiilnjibkfkopaokgfkhggjgb,PhotoTracker Lite,
ipifbkaeoemnolclmoefnieocpdpehne,Kanbanizer,
odhpkalfpjjjehelccedplbhfhhcfiba,Beast iptv - High Quality iptv HD FHD 4K,
ookpicebklignicedgafhphmejjegljh,CTZ MWL Validator,
gehkpoaijpigjieajnpoibifhdibhidf,IceScrum Optimizer,
mngolennfpnhllkhcjhbflkdggncnlhj,Woke Powerschool,
ciomikhpohnecdfdpiakhjbmfbmjpmkf,360 Degree Extension,
bbjgacljilhnllgnjclgbgpdheapfloe,KindSafe.com,
fpmahcaijpfjkckfdppolkfmheooefem,Metamorph,
lpkfojaeodaelndibdiagcmajlchnpok,Social Geek,
bnaleaigeeaockjojmidjnpfkhaobdbg,Twitch Tabs,
ahkmkbpmiiindmcidjhcfimpkiaflick,Stalkcoder,
dadjkjhedljpelgcdeefpaiifembfkic,Url Editor,
baohlncmiihiifielklkcdmbokfnpafn,Trump Taco,
cknblpomlcogconbiooomhnpdcndhjjj,Lomadizador de links,
lpkedkjnogeobpgnipjkpanboblchnbg,hoverWiki,
jnedjlpmcbhlomgepalamljkpogdpmlb,ShopPin,
bdjnmlcmojknnbkhnglijimdkmpmmpij,Sajin,
iglbakfobmoijpbigmlfklckogbefnlf,MTurk Suite,
klonhilkpgjmgkinpepcjoioelbfophg,WebRequest Redirect,
imgbocgcbdkmlgdpikobfbjbafmglkna,Clappify,
mhmjllnibpmibpkmmlgecppbhppianjh,Watch and Learn Screen Recording,
baicfbiaoaijngpekfgpklmlclncojbm,Nicolas Page,
cemgkjnaglilngdjaciinlacpbjfekhd,Access Alerts!,
nndobbigajgcjhnljnegclldlcjggopa,Derpisearch,
hicebekaedhfidkjanjfahfegmfgofhp,ProSeoKit,
pngplamaphggnfkfdkjgkogglgplagac,Toggle Design Mode,
ehnggpfjmbapbcpgdjhonppagcefeicl,Buffer Buddy,
jolcefamincmnepgphdiojccmfaflane,FPS Control,
cemmbegipoglnffhabpjekghghlefenn,Document template finder,
oloanaogkpldoickabibfhcainjimbcl,二维码(QR Code)生成器,
eofoblinhpjfhkjlfckmeidagfogclib,Agile CRM,
hadlbjeaakhjiecelclklhmghefilcde,C1,
ekilihfbhknpfdackiolkhapdolbbpae,GitHub Report Card,
iokgnekppainfgbhhiiifdkiopbemgbe,THE PAINTLY,
knpepjnhkndfopaikkghhnblaogihgnc,Scroll up,
oahhjmmbodjhpdiecjeffoelddalcigl,Super Quick Spell Check Extension,
nblbbjihpoiegibpakhoignokojgoikh,Sweater Weather,
ggkedpioohgmaanpifhldbboibljkdmp,CAT PARTY!😻🎉🐈🥳😹,
fjkjfdmodcgnnfbkkfmicncleejhnfde,Translucent,
cdlammifaiaedopfjihjnlidjjkcngja,Systemd butts,
dickhbnfhenadgcniknhlcihnkhoecai,WeGrabb,
fanfkijknnpmfngaenfbhjikpffjhlae,TCG Meetings,
faocebieceamcoekdlecidhccajflhbj,智慧参谋,
agcgngkppacineoebbkladiglkndpbaf,Home Gears Lab - Latest Blog News,
fbefnfiojiejgdpdlkiigdjfbpejpofl,Netflix Rewind,
pigmdmblbaogdphiceajgjijiijldbch,BTC/USD rate,
fdpfnfidhlijopfejncgamefcoemjboe,昼间日历,
ijabhlckfakioipenejnlannadfjjlji,Read It For Me on Twitch,
hcaobdjpbhcoahmmdapbmifecjebakij,DirectFN web scraping tools,
dlokjpkfkcpodigokkjjpomofimjhpnb,Chronotes,
kgchjogbfebbmechehjmpimfinfhhbeo,M7 Metrics Sheet Generator,
cinfedeefcmppdlgnfjbjjgmojmpoibk,LoremIpsumInput,
mbdopegcoeemgpnbfiobaihbipnicplh,Boards.ie 'Most Thanked' Extension,
olmdgfdealonndcanmjifgbngnggkilb,Amazon SNS Unsubscribe Blocker,
dbcnbegbcdfdlndabgemkabfhfllocma,Love O'Clock,
mjkioojopjemgkhdncehnfbanlikfeej,AdGuard: Free Ad Blocker For Chrome,
mbngifhbcjigbpgjldmlnphkgbpgecim,amplifyer.io Screensharing,
cifpdghkbnfniilnolkfojllmomkldcm,Brandheroes,
gmmppcbmmdkihhpahhmodfjgknkkaaco,Art QR,
kjphlkhlnibhdiehhobniokffmlgbnbk,Obamarmy,
hgohfinkmbjghllknbjejeagkmckehif,OpenedTabs,
pkkclfmmjdfbfieemooapkimhfkhkheb,FaceTweet,
eohpihmnjndedfccbibjjlechjjeoooh,How To Run OmeTV on PC,
oniljfenfhbbjpmpcphgnpjhbapcapek,Adfly Notification Bypass,
ailbpeoongmfjfnilklgbljlibjfojln,Постим картинки на стену,
lipgmjpepegfmijhpkoedhckijlelkgl,Find this pic,
iegeibkepacjmhecnmdhgmjiladkaicm,URL Trimmer,
glhgbnfahejdlhlgihdfjlijocejcloh,Github装饰器,
hkonlfgbpejilcpfnopkjfegbbbgimnp,Subreddit Tracker,
jkenjndnmcgfdbajcobaelhpnfeeleei,Milos,
nfhhefbdidgbkindmihbpehonibnjkne,価格検索,
bgmlbkgcllhoplgpiobmmppfkeledlkc,Net Price Preview,
omoljdnncdeeglgmagijlamhjlagobep,Planner Helper,
ppcfncdbjkhiecjijgoalhijkcjfhfdi,Tab Cluster,
dfnjmmhkdljagjpneebefnipjnhhdlad,Daily Unlearnings,
oofcmapinmlnokjjigaojblalakmcohg,Reddit Up/Down Vote Viewer,
gabpfodolhajpbkgblfdmplhghaoefmd,ALIVE,
fklmphlpjhkdmklfpjgepbfmdeaofaib,Epocale Sneaker Rengin Tarzın !,
hfdbipneeabcabelaenmohodcoebecbh,allround-login,
kmonkhbnghcmlhgbmlpagpapfomioidg,Darken text,
cngbbdenkpbkfafopcokangbkijdncmb,Hi!PDA Like,
neolobaahcjkdmiapecgecfnnbfckobm,KolayNot,
hlhabhmnklidddklapmklccngaofgfim,MercuryWM,
fcoijfhoeghecncdjbbbijojldffknac,Itgen.io. Дополнительные возможности,
gnpbpbbdcikepgimaaflpdobempiegcp,Chromium Iteration Viewer,
ofpjaihjnmaccagommbdjhlmbobneohe,Auto UCSB Covid Survey Filler,
hciojpdgjcfdboenbmbdmmmdldjdegeo,Satellite,
cdfkjclhhojbgnpidbejchhklnjbjfhh,Search with Google Instead,
pfiieiadpcemdkcaaicekbiokgnojnim,Always Copy,
lpkeebafkmjhfgldgdignoohimpopbce,iTribe: Live Stock Market News,
kbmkcbkddchlabbhbpjdenhakjnjkakd,Timestamp Converter GMT,
oecanaofdbihkioldeekecipabohjpih,カートボックス獲得率UP！価格差お知らせ by LC,
kjiahchloelkakfmgojnonikpkbbnlae,Jbzz Live,
fgigbcegdhghooekkdkblahmoecnhign,Pocket Pharmacist,
poaehadhnllahlnjjgmfbplhkhoglgap,Github image preview,
pifhbnipfaeggbakgkbhedbeidpbcfpd,Brownstone Law Blog Extension,
jelodfdnefehogcbjjgcnhnggnlpidlo,Jira Epic Management,
gfbgnibpfiedglcnoeonjjahfnlnkbgm,NOSEC Chrome agent,
gjhdhplhghkgihmafiakncjnkdnfcnni,FBMP QuickListing,
dkcnafamklnciihlcegbhnnneiankghc,To the Batmobile!,
cmbconaimdngicdnbpjnjocbpkdpmfkg,Chirr App,
lkijfedegilaikaacnoblhekmlegpeln,The WishWiz,
cngoheiekmkbfbiagoheckdoedncmpjm,Slinky,
poalacabnkdncdkbnhngbjamiipnhejm,Pokemon Go Random Characters,
iieckkdnefpmajfmdhkeikemhegjphni,DC To SUNSfan,
mkfaibcieogbhcneiohnhggglkdmncmo,BioSeek Reader,
gnlfpcbhdipbidmkchkjlleppeijclbj,Send to Airtable,
nmcpboaodklmmpjbjdgpjeoibbolicbf,Cyber Privacy Suite Lite version,
dfphnckjoinkfflhfbnjoiggfflnekcb,Moo.do,
dgecimhfkoapmggekdnbpceljdagmhbm,STFU Twitch,
epooaphlbkpkngjiegoejikpecmobnec,탄단지 계산기,
aoofnmlljjgifabglpelnbmipdfnfflk,Mandarin + Cantonese Dictionary,
jbaonoancjdpalicgbjgiejiihoedldg,Marc Simulator 2014,
lfjomnfceffakkjdndfikaomdcnpafho,Cancel to Accountability,
kohpofmemdipemkpjhlbipgnijngddbf,Emoticones,
gdngaleeolacajdmmfdbebdhojampnjo,Duck Duck Private,
ffglkflcahomdbijcjdkhckmjcckjkdg,Anki Jiten (BETA),
apakncmfbjcjgljgpkcnhkdlljhllcmk,W88in88 - Review,
edmpbiamnlgdichailkadlagmbklhbpk,Skin Cancer Image Search,
bfcodeehkjogenemacopdbhabjebnbah,Visited,
jjjfidpbfbgpbeefhedfncmalkomiihl,SugarPie,
gkfhlhbmlhmhbagjgflocbggjncgnlfo,Focus To Read,
dakfcfjijjjdbbealnnoggmddhcbpegh,DevelopMona,
foeebnigjiagjipifnmpbiljglfdpmbf,BUPT_AutoLogin,
aiononfnhamncmeabjklilkblgppnpll,Legal Square Screenshare Extension,
djapbmnnekhagpakpogilpigbjomloph,Deeker to English,
apemmpfolfbecfidokaonjffikkbjoib,RPH,
nlabeldifnjcmojijjihlmpmoogjeocn,Github Heart Throb,
iecemhejdahkagpehphofmbmeapbcggd,Smile Anywhere,
gdadkikmljhfdjnkgldacmanbppjicko,TirauraResGoodAddon,
dhbaefjkmjohcihdpghdehgoikfjdmoe,Phish-friend,
ejjcgcillnknldlnjomjockdceikloja,Streaming Video Party Tool,
eaclabcmledkofhboichipmjogodflfl,iVerbs,
gpicedcgegaokienkdbbcagodgacpbpd,Display Access Keys,
hdifnhiliocdiomkphonngpedadhinof,No History,
ancncpgncdaicilplhhenaonpljlfmll,Factifi: AI Powered Real-Time Fact-Checking,
mpkidglonkmobokbnanagkdhdodmbhef,Text navigator,
bhbmbcgcieopphpjcakcadfphkejpnpn,Adobe Creative Cloud,
cecffnhaipeihokjlcglhgknbbkhceme,Bias Detection Technology,
jpklklofaallfdmjbkjmkimebjdbpdmg,Xpress Sign-On Extension(NH-XSO 7.1.1),
idmpgkhfahoelhapamfabobikfamnoni,9gag Viewed Posts,
mofhjokdplbehhododbnhhigobcjdelb,AntiPhishing,
macphaihpnlbhkjijpihoddinkpbcaan,K - 会社情報まとめて検索アシストさん,
hdfjmkeahbpapbpkfknpienaejkhjlni,Simple Modern Architecture Tab,
ngbgkpgkpahliidmgemcjeacclodenng,Яндекс.Реферат,
hdfonjapiofbfokpidfpelmjpinomkkj,Quote,
ngjnkanfphagcaokhjecbgkboelgfcnf,Print,
cbdklpckiafghnomalngdchnimkjghcm,Tabnoki,
plncnpocaddbiiggfiflhiabkgmklcge,Mini Break Timer: Every 20 Minutes,
eaoflpgigmnhpmdgnphpomomaflfglmj,Optimizely Toggle for Chrome,
efjbaneaebkanjmhengnedpllfdiocin,Sitemod.io,
oikgcnjambfooaigmdljblbaeelmekem,XFinder. Search,
abbakcklnbaccfjgpenaaimnkdgdighf,Quotes Homepage,
poddalglecjonakpmnkkflhokhfkmnjo,SchoolHelper,
gcjogmlabadfnnknmmamahfgbpigamkg,Leadsquared OTP Reader,
bajnnknccbcdicehdmolfkmmhhhfedle,网家,
dpjcaenfdmnkejglgpgglncaknebocbb,Keyschool BBB Screenshare Extension,
mbcpgjahcbnoafmbmeoommbhgpaopdfe,HODLGANG,
hkgldcdijfnkdgclbgkoghjbplfkhdja,Intelligent JP,
lkokajeihdoabgeihmldapaggkpkpaog,Disable Refresh Browser Shortcut,
oehenlknghhacpdggkllhlpblkpgbgpi,Trading101 Screenshare Extension,
kkclfmikbdhngfpppefnicilkfjdcoig,Hablush Automatic Flash Acceptance,
egibicfbnmaomiemceckoeeoihjficna,Supover Seller Hub,
bkicfdfanedgnlddinjiojphnehpjnpd,SFMC OBJECT FINDER,
gngckdddchfohlcgpmhjpbdfkllbddek,ZenTab,
hiejfnfnpmajcbgpcnkaldmomchgnlln,Lectio Auto-Login,
dabkmgjickhpbbadonemdmlalnohflao,Hermes (BETA) - Enhance your github experience,
nhcgejenbogeimhladggplmkbimcfemb,Screen Grabber,
chcdkemhhpmgoadkkpaacmidejeaegji,QIWI Бонус,
fajnkijapkckfnaoklgjeenaghblmpah,Buy Mode,
aablhocpokemmcjkhlffllfkookhlnbh,中文数字大写转换,
igfnlmhkkjbjgfjpekckflkakdmjacdl,Flight-Advisor -- Route Delay Calculator,
kmilbdnhbihjpmlihngmidbmmjleghnm,Поиск Serebra.RU,
hjllohbggnbpnddaohabbeoaldobbjdk,HoofitPEV,
eahccdmjepadkeiampmhagnlmfmognbm,Remove Pulse from LinkedIn home feed,
goiekmbjkpchgmmnfeipcoejpnlmofdd,ShareDownloader Remote Extension,
dnnjlaebcepcagnefdgodliagfhbebba,Ecom Radar,
gfpdmpcfjbafljdhocmkkpffobfhepjd,MultiSurf,
ddogenmagmhmcmijpjieekgackcegecn,Netflix Randomizer,
aoebcgakfaghjfeifibpggnelepdalhf,Password to text,
hpfdpfnlmdppndddbgacmjebhefmdndj,Engrade Enhancement Suite,
ffcinmkbpiamlpccghkkglghggpahnab,Send to Mail,
lbgcehjgpkdbognpokbnmplpdnndjafp,Intranext Meetings,
agaphapjjnmojcinpfmadipplnbdbkmp,Marquify,
gpcdaemhklenghncnmgddmepceidocnh,ahoadon,
bimlgjfdjedodphdolppgkefieghncgp,Earn Twitch Points,
cfghpjmgdnienmgcajbmjjemfnnmldlh,Auto Form Filler,
abodcdbdfpjmgfgbpajmdnbkpblphghj,MaxiMarkets helper,
amnomdcmjmbpjmbokddapbjiakbmbomd,srbTranslit,
gmpmnomnfkfmoihfddiclaeoacckmdik,Copy WordPress Edit links,
eombigpkodehcbjbcpjdjmgjigcplmma,Blink Search,
fbnpmcpajifmidcabmlpimbkadodjeao,Rebelliuz PRO,
ipooeblefgjhpfcmpjgccamencpbjodd,Pinboard Search,
mfendjaalcdimoghomonhmmnaebpckma,Tiếp thu giao tiếp tiếng anh nâng cao,
pahmblijiehmecneejmjgjckpkbakopi,MGL DBS Dryout Recalculation,
kofhmlkejonbhoiclcmgdgmdenlebegg,Block websites please,
aeldaiciondpifckgneogidgbefijjmp,Hydrotab,
knimhldkkllbjpgnhnccljbgkmdpoobo,Esports,
abhcicpgkieoddkaocomjdkdlhdnbfpb,EvoWars.io Game,
lgjchdkleacefliaipelhmolddijgell,Page Todo,
eofnlacaaagbofklfoohmbcmlkapgnbe,Quickly Orders - Extension,
bjeojhoaeoiaokmhbhnmnkfehhmmnafg,monospace,
cjocmjldhpajeiefhbleeijaifjdapme,Replayr YouTube Button,
nkcpocoicelbcnefnklplkgohpeaiooo,LeadPyramid,
elakoaelmiommkofcofgogldcjlklbgk,Bandit,
mjbafgjfpdmfkmpgacmgkpdccgbmblke,Grails Doc,
hfmhhpcahkcajmihkfllkchcgblncbeo,LAPRAS EXTENSION,
oiippbihabnhogpmofapffgbglkbemib,Policy Highlights: Focus on Vital Keywords,
hihjalbgkgfoofckjhpogeiiahedcdom,Microburbs,
fgmneikookdgjbiffenfcheolefiolcd,Fuzzy🔍,
ajnndpogengjkcjcgkpikjpihjcijhgp,RIDI 키워드,
cmnagdmahmfiknbccbdkclidabdlihkh,ChatGPT Screenshot,
kpcegfjegingdcibkdkcckkndpknkkmb,Fish Readz,
ooafkfheljmflnjfcjaaeoplbpoiameo,BTCP Ticker,
ockkppjghejhdjjpfpjifeingleeahab,Thay đổi thiết bị người dùng,
edhedflmkediehkcpbpakhbjjjckcibn,Property Tax Help,
cdpegimclchefkhgkgcfelcbnhionkgp,filelist.ro helper,
gjoiaejlpcifogojeabdmbbkonjhmjhd,Trello Collapse Empty Lanes,
fbgmmcohdjhodafiajocpklmaikfhlai,Lichess Friends List Opener,
hiindfmgljampomgiacjkjbaieigeajd,Show IDs,
epjcokeflnmnpfbfligbfnpieakeajcg,Kingchessmaster,
bdoeoojhpckgfipkackklbhdhellkdlp,WazirX Porfolio Manager,
kaflcmgcjmjopegepfhblnclcbmjklog,Bitbucket pull requests viewer,
lecgdlmnijdongfifdegmglolnpjcgfk,Detoxbox,
jhkdbfjbnpojbpjfmfcjalijcplheobj,CollabVM Tunnel Fixer & Dark Theme,
fecggmlinojicmegomodbdkidjnbdpff,1ClickSettings,
pgoojmbohnadnodifaplkpdfakjkbejn,LIAM MCCABE Name Corrector,
mdhnpbckmbamleoifflackmhgahdiaai,Marti Hotels & Marinas,
cdgenckhkdajaoncpmlfgdffajdiigmh,Liteforex Copy Trade,
cmkdggmomfklbfhdghpimcoeekcongmd,FocusList,
cbdkiihkjgcicfchaenahlljjenhekho,Smart Links GPT,
hhcoefmghkhedjhpdncnjjgfnlebgpdc,GS YT Ext,
heolgpojkkeacaokbpolhalhlaidpkkc,Coplay,
bpnfbipafjfbccdkebhhgchnkbhlaoal,Upwork Screen Sharing,
hmgolbedepjligcmhhhhcjlfakngjcok,Tradingview Alarm,
dbgmfbodfabdpflmlmipapijbmgcgjfg,Papertrail Clickable Links,
occeglpgjohjalbfgaphbonajobfohlm,Helmholtz München - VNCtalk Desktop Streamer,
kjbolallckghpiehjepficgglkkdcdok,Amazon悪質業者アラート,
dfcohjgmojcfnhmbcdfoinmbkliiliek,CZ - DJ for Google Chrome,
dbkaienfbonmbigpfeacbpceheecncma,Mutual Funds Tracker,
hgnfaglopnogfojdnhcljcagcmjalhba,OkaySpeak,
kifdifbjpepmmjaokengbdjddbofpfmc,SmartSpeedr,
pigekgheddnmgpefkabckldhlfcipkpm,no caps,
nlnpidjmjhnjhdapablmgbcjmnehhlfm,Whatfix for Peloton,
efpbikpioflajhddfodloagdkkmignch,CataHub Content Parser,
fpkcnmaencbbfobodmdknbkchieplbnb,Pintreel Toolbar,
giiedijckmkhbfkakndkboibpbaheolm,Html譯者,
liodieeijajagekpfcmmphocgkgipjoc,YouTube Sync,
doeaabmegppokcadigamdgdhbkpenhil,Vietnam Stock Manager,
ekbbgffnpogmjiekdgnhjepgphkbkcmb,NoBug,
kmankchoginemapbjgbijnedkpenfcco,slide method for Backlog,
bohihjloabgjdhefljnjmjnbnledndlh,AppDynamics Dashtime,
cfgpbbmhfdcigoabjilmllhamknffocm,FindTorrent,
pjpbjboafkcbfpgiodfpfbehkjobdppe,New Address Bar,
jghbeiknpbpkicbeckkkdpalgdaeehmd,UMD Schedule of Classes Professor Rating,
egjiglhnofaenmabafhplabgimbcmlgf,Ethereum toolkit,
mkbjpbldnmffdkefebdmlbomhanpgljh,MusicTab Default Search,
dhnojfogghcjfmlomjdaohbfldkblfap,Images - All-in-one Internet Search,
oehdkkifodccgoelfkaloppmnehmceek,Calculator,
opjkffjgiiammmlmmfnkhcoaailkddkm,UnMask,
jaaagcbdmhbkfnlgoihbgjkiihnfioel,Autopitch,
bacfmfmadpemocgcjoflekakdebfkmmb,酷投刷单机器人,
hmhgmlmofgelcdmgnakigkngkccaehlk,ClassLasso,
gbblbfjkpgmkiebfgcddokfmbdldbcoj,Hide Facebook Likes,
phfkkbnoiidmojlpiaibpoeiblnckeop,RBA Verbesserungsgarnitur,
bhkgjcmhgbpmedkghbphnfkjibekjdgp,Admiral Sucks!,
ppbgihjhpmnkcdfcblnmkpilcjooljbh,QuickView EC,
dojidhaadeckfdldgibcgafgaobccipb,StartHomeへクイックアクセス,
jaaghilpfpjlmceoiijgnlbgnfpjojec,xkcd Alt Text Displayer,
lbojggafdepnclikhiapkpinbfdhbdoi,Antidote,
delgjnhcmjemmlknhgmaaegknhdfgcbc,Saifas Pro Dev GoTo,
obpoklkbeeedpgboblbcnbplpmphpfda,Lenny Face Copy And Paste,
gicbdamffagolpjkjjeadalfpfeodeeh,Holmes,
dlbjnaaaglcanpjnhbpckkgbgfiepkdk,Chat To Speech,
jmggnjfpjefnhnpgbfpmapijpoaldjgi,Pixel.ee - Block Tann,
ndeoglgpjoljlpgafhbnmgkcmeleicoo,Luminous,
jgjcnicoheekcafcbnpjfndjahgfohhm,University-Plugin,
hgoojfigakagfdmdjidpkkhnjkamggml,FuckOff.YT,
bepojlpejmdpcifcmekjapkaapenpncf,Pause Debugger,
ffmkcnjagaeajomffmkpncblgcmaambb,CinchAddon,
aebamgnddkjifkidngamjohhgkfholmj,"Crunchyroll Full Screen, All The Time",
eojkkpaoohebkdkplhjjcedcpkajlibe,Google Meet Classic Impersonator,
hphigpmmifmfdgkbjedmdgkimpkgbfmi,BunnyPrice,
gaodngaiillepoddeloolejnhjglabkn,Keepin' Tabs – tabs manager,
hhlilkehjgckllchkpklddnkoibjojof,Adfox Debug Tool,
ehlpeacjjeoalidhiicjbckocegpnafn,FremilyChat,
bebheipkdljjmjhnajdbngfphbdbhahd,Print fra Politiken,
ibnmikddaopgfbbngcgcfmanjfgbcopf,m-wiki,
jlbeloojpkfehgnmfgneodpbhepgojkf,Cocomelon - Youtube for Kids,
elhnlgdkifbhhgiplhafnhoiapdhbkbg,Жмот,
fcikdboccolakdeaboibdpfpmlbfcfln,Keep Login In,
ohikfopdcaaaomnbkchbpnfbppioooia,Tsung result copier,
moebapoecfbnbdjdiaohahogheghnida,YouTube™ Video Ad Punisher / Blocker,
befdpnndkocelldonmlgcogagmcjbbbn,Better Jira UX,
ekajhcnmjjkngbfmjnbjkjmhplmpleii,GW Webstore Product Nav (ES),
bagghogdobjiomkdaaaengkcebcpcljj,Canvas SimpleShare,
dhnojcfbohjigligjeiklpcoabiddjih,Humancredit,
dibgdndojcnnbpmpcnheigngdlichmdh,Ekşi Sözlük Arama,
mkaphdacmnaokmdnobdldagpjjkkpimb,Twitter Auto Reload,
aoofmkpjkgocijfblnmjealliblhchjo,DigiNovo screen sharing for A1 Belarus,
eheapjobppkbengkdjfmjjamdohgnenp,Meu Cupom Alerta,
fhlongbcbhnghohibhmpaijihejeddne,草刈り機,
embgleaanmfgbmhicdhehpgdekddpdec,Shipright Catch,
kfoghncheahclnnidbiplloogoppcagi,WA - Bulk Messages Sender,
fifdkckobfemebeanaalmheccabnbcca,SupportSushi,
palmdpiephigbbghebiffdcilobkggab,iTunes Preview Player,
bbencfiifelhglgknaheifiekmjndlek,GitHub Old Header,
gkpfhgbnbecafjbnmgcckhpilknbnhmg,Add a Note,
jfjefgepcfillfepaobiikcidonkndoo,Duplicate Tab Killer!,
mkabammgfmchcfkobgpmcgkcmdfpjdde,DigitalOcean Toolbox,
monmhomcaccklhmlhbnhflccekmnallh,Donanımhaber - Gece Modu,
ikhjpmnccchehjphildhfonlifkcppkd,BMS Result Share,
ipgfjfjmikchhohagfkmlpceghceogdo,Dirty Data,
plfdidllminimcdbbfmapikbbbdjlbna,Simple Pomodoro Timer,
penggjcgllkdlfnppgogjfigaeimagld,Notee Chrome Tab,
gbjfdajlonpmdodkpnjihaapmiopadpn,多多罗询价助手,
ieopjhhkgilhilanlplbogobilldggab,James Hipstour,
dpiiceilamhnhfmifmopmgoncpndlppa,UnOfficial Fiverr Notifications,
hnlodhabpchholkbhgajfjabhokbglnn,MemPass,
epmimoeohdhcbafcelmkkbabkkhojnee,FavTabs,
mapdbndfkjcaakdahokfikojbamjeleg,蝦皮賣家黑精靈,
pmnfjoiniddhhhkfanhjifffgmhdacgp,Ripple coin (XRP) notify,
ooiabpencjkclmjmeelcooobdegapeal,Tweet Whatever,
gpnohbdmdddimpaigjaamdaeeheacjoh,French Fries,
pgoaejdfmhiljfkeifkdddmpiogihdgh,Bible Tab,
bofbclgnenhpggnjificbbidaenmophm,Sphaxx,
nohdapmapanejljlbbgabhdnakfnphcg,Chatwork Link Preview Blocker,
pinbpkibgjcapdonlnlidkdohcopcmhn,AgileZen Story Copy Machine,
bjdcbhdinlcogieheelieecipbohhjgg,Send It To Me,
gomlpobbaokefggbfglalgpgenipodmo,Socialize Motivis,
kahkfpeemmmjcbkffjmebbgkdmjglobi,Magis,
nhfmebcjlggkbdmiefgnffgmpaaonndb,Page Crawler,
bmghepiidepckgbciloafjgmkbhcbaai,Peppi plugin,
joedmpmimnhapomaphaoohgaipeajiji,Tab Manager,
imjdcnekdjcdkfiohcpcljhngekccino,Accordion Nav for Google Analytics™,
polajedphjkpjbfljoabmcejpcckeked,IHeader,
cilcmfnbcpnbakagighmcoilenocoeih,Пикабу только плюсики,
eedookmiboejjkfbefmnfolbdkgbmhak,"Pin: History, Bookmarks & Tabs Manager",
efcahpjiijlbojmfmaceicchnhkgdkje,Salesforce Admin Check All,
iobpoammaggnonfjodglpmgdmomnhhdd,DoublePlay - AutoQuote,
omlgnhnfjehahfhpihkdkijbgmaidkcp,2col-Coursera,
hkhbflghpnckpdllineikoeoadohgmbl,Cryptex,
fllkbcihddfijebnahpcpobekeicdmfi,ChannelNo4Network,
mkepenkbhepjelljcfiooignmpfgochi,Save Text to File,
alojgfchigjkjpcalogfjninpaejoljb,BooksAnalyzer,
hhhojmfconmjkpikkmgnldfjlldalacl,gvcs,
gagnglpkhahfajkgpaknogcingpimkal,Wiki Walk Escape,
gcfhlnaalomahoampfjhinmgjikkkgep,grasp (any host),
mdefoglhlagnobgoncgpenenkeclalfp,SpeShu Logistic,
lkjeamadaggbfkjiiemgdkamlecpkhpo,Font Size Changer for AppsScript,
jejdpfheahdggbmijedpfldgdfmaflig,Netlify Dotenv Exporter,
mdpfhpeaopddpjbnepdpdddooiggmjjm,Strategy Games,
biohplimnkjgemnkkhdbjenjkngnbpkp,Toster Stickers,
fgecbpogdmgfgaoodjcbjbhacamojkee,Buildkite New Build Branch Helper,
cpfgckdpdfmakjppmkhabjanmpeenpbo,Immune,
kbamlgbbijaedbjioeeihphciepmlako,LeetCode2GitHub,
halbddhhcplgindidfbgmkbpnjebgncg,Custom Cascades,
gegmikcnabpilimgelhabaledkcikdab,PeerTubeify,
pplkkehghfmdfghoopnelpcofbganpfc,ManExt,
phlhhjgojpgddokobbenmdmpmabbnlij,Retro Calculator,
nmpppefjehmjbiplimkfjeamnohldmko,365Scores - Live Scores and Sports News,
okdenodfkeohhfkndepnfbhlfbknkihk,CyberArk Endpoint Privilege Manager,
kmffehbidlalibfeklaefnckpidbodff,iboss cloud Enterprise,
ogkbkoekfaofdlijmahfapjfojckiikf,Etsy Sold!,
cmjgjhocjkndpnclfkdiafcekkophiaf,Keepy,
bgkkbkcbpjkldmboahcohaimiepdmlim,Bitcoin to Beanie Babies,
kbmanlpgbahjfhhggommanljgfjhjakl,速卖通纠纷处理与统计,
ckkjfkemnmgcbbejelimfpbjklfdampf,"Don't block Imgur, Please",
pmnnbamnkfkoegolgjlgkemoejnbelmk,Syllabics Translator,
cnogkjlopclfibhhcnglnhimnckoebgl,Tronbet stats,
mcpbcakicaoejannhkekgnefadpjblnk,Ekşimik,
neagipiajpnpnonobcilbljbmcfgchif,nicofseek,
doahgcfeaamjffahneldodopoagmdcmb,OhMy!Studies,
nolgokkkbahiogajofnbccbpiihnhopd,What Is My Age,
jdidkpkflhmhdcdjhfdehbmaghaaekpg,UofA Course Outline,
idfdibgccmdloekfajpdialdmhlacfkb,Tradair Analytics,
pmbilclkknkaaobifeopjddccfficbcd,Matter Of Interpretation,
ngllidpgooocgmibccdgoajmdcmljfke,爱看豆找书,
hgldghadipiblonfkkicmgcbbijnpeog,Immutable.js Object Formatter,
kkomlfoemphhegofmllflppnkajabgoa,UnAds,
ncldfeljdemlheibhiamaldhegckccbm,nanisiteru_san_add,
nkbalpdjkhpfohgonjkagacjkcndhgic,Just a Day - the Day of Week,
lhacnofniokfekpphafeajdkajcfnonj,YANT,
bnajgmchnmlnjggkflnpjllgpjbckoja,QbitTorrent Client,
iemkmlnmkonogokajokdclmipfkkhoal,SuAporte,
dbdacjoefpcminpbfchmhgjomblkdkda,Disqus Hider,
ecddapgifccgblebfibdgkagfbdagjfn,github-code-viewer,
dbhcleffdnpikonflmclfifmdfkkmomh,Ez Post,
mapcnpaoepoibkceaodjlapimifaoiog,Hide iRating,
jpoobcnlbnhjjeiggacibnbmkbnlcego,FCS Tech Deck,
iehbgmcbljekkfdfbnmajhlhnlbacljc,YouDo Chrome Helper,
kagdbnodenhahaadoginhjpalodpkkno,SIMPLETUBE+,
mhncadmiacfmkolcclpdbfnbjgadnhmg,Accropolis,
cokieldcdfcimamakkghaabdmjmpppma,MSync,
eadndfjplgieldjbigjakmdgkmoaaaoc,Xdebug helper,
lfkcmflglfldkcnijbbdpagpihliffab,Social Ads Tracking,
deejmpkeceplpcanbmmfjgnnikigbnfi,GTIN Extractor,
kiblhkcoiojbdhhnjaekompfecgelfja,Hillary Blocker,
ghboalniiaeppganfgbbdejcmjcfcjgh,Tab Freezer,
ibfkmjpgbhlbjopdalpbjkajcofgfgem,#Специи — кэшбэк-сервис от МегаФона,
neckbcapeofinmomachcfamfapaikmgd,What Day Is Today,
ocfomelpglceijhofnpobnoiaafkfgkg,They/Them/Their,
cjkblaaegegpongmennfngkdhpnlblaa,Quiver,
mphjblbbahicjbpmkapdfaogefadhcmk,Malta Stock Stalker,
deaeojdfmbcohmdjkfiokldjopfbcnpc,OctoAudit Enterprise,
hgilndgnmcgbgigmafaomonmonhplapf,VK Voice Message Hot Keys,
lhdfonhgkclaigpfmclbahllambeednh,Material Freebox OS,
ebcplekdjbdkghpljmmmiiekiocdejke,Drive Insights_Manifest V3 Testing,
modndknklpgdekmebbogdamipimpjbih,CFCA CertEnrollment.91QT Extension,
ochfbjillfnmebfnngnbgmehjjniinkn,BrainMagic,
jgcnopjghjlddcncaiohpbchlojdhgde,WorkFlowy to Google Calendar,
pnkmjipifhjeemponlmnjohfgahenifi,9块9包邮,
jhcgodhomejkefepnpccebphcpnpdbni,Instapaper Reloaded,
ijdpdaepnehjoplfifhpljcanphlohbm,Canterlot.com Extension,
odmacpopeaakginbglkiojgankkjojee,Blunble,
fpgpinpnmmgakjgadibllhngdapbhlad,advent+-,
jkgpdiebfiamkdfoeidlbgniblddbfjp,User-Agent Switcher,
hlalmipkolibhponfnlmlllbgaifkija,Reminders Tab,
ihheadokjmlbodbmoomoikieiiihonnj,Rotaty,
hbbfimdipnhmmipnkngmmofnmenkldio,No Bias News,
afhhlfojfpchajfpjefojlojfgmmdbbc,推荐到日报,
okbapghoagjbfngmjofgggchonokcmme,Bunpro Review Notifier,
jeaagcigadaihnbmmnmblfdhdpagkbfn,Wiki Lookup,
omjnggdhheknjbdpljeajooiphfpialm,Music Finder,
decaignfpjnenlfioghhlfageneijgcp,Github MD Toggler,
gdpemckobcbpkgibfiiaeoohjccaebfj,Spider Sense,
aojnohijgfljoaikgpmehcbhfpbdibnh,ESPN Tempo Free Box,
lkcafaooifipbncmgjkmigkafoggmhna,Dark Yammer,
hncmdpldpdmaholjobcnenjcchidpbge,CourseSel,
gbgjbabfffljcgcaeggipokmibddbjmg,New GFDA tab,
cfoedhohfjhgogacpcpkphmhemmabjod,Direct Access,
accfacejhjcpjdmmelaobbmhigiidima,Salesforce Training in Hyderabad,
fbbfhajbeonjmocodnkljndmooehmafi,The Groovy URL Snatcher,
gkdmeakbigkfacmmfdejchhohdohnmjo,Instapaper Notes Filter,
nbicilobgkaefdhonpiabooofmmojmfb,Strava++,
eckcjoagglpjoacklkmokabakemjmjpi,sfarmele,
bomhbmncnmnfjohhbgiejdiphjnbkbba,Rate a Meeting,
incggfbeiaapdkopakigkakdkpkfdfdd,Netflix Volume Slider Fix,
eajghbfiiklfenfnmanojpgogigcnopb,Your Availability,
kpjmimpeabekgghehodddkpkcdhclofg,Google maps copy-paste location,
pcjkhnhamldleobpaglplmodpiglmaho,ImhoReplacer,
ljgfjpadcmblnlbfogkdbmgbmkolfocp,NotPinterested for Ecosia,
khpgmhcidfbgdokkmpjogmfkkognikph,Fabulous Internal Tester Identifier,
njgopmododdceghkcgbmgfffamnjbjno,FindFlix: Netflix Secret Category Finder,
jaokkpllaoofoneeloahdcgcpifooknb,Pavlok Crypt - Secure Password Manager,
ljdlkgmkhicbdfhjagjjaepipalepjfm,Assembla Screenshots,
gggeeodhakclaaeeigfmhfdnfepgholc,NojimaEmailApproval Extension,
okldgmmplimjkekeppnionpffncjgapk,Break Tracker,
ombkgoboclhmipmpjpnmajmlgenjjfdm,My IP Address - Country/Browser/Blacklist ™,
phbigijednkcejpafbcomiilkabbkkcm,Canvas Masquerade Shortcut,
klomjfcgakppceibbbgkbdklmhiiidkl,Cloud disk player helper,
kolhklmmijjhoobdeoppilmiddgofpmk,ClickBranch Desktop Streamer,
hijkpjghojhbppoipnkjhkpcmcdolape,"Speak, Translate And See with AWS",
ikdncbjpcpkheefmnbicggciklkeebmp,FullyFeedly,
dkpphegmeomaffjanagefmejpeebfcmh,In-Page Pop-up Reporter,
pjpdcemjgnjlnljbihckfabphjpjhmbl,LWC ShadowPath Generator,
jnnodgjolpcjdnkikdjmmhfjhmbddelk,こっつん入力支援(ストア版),
nojmnfodcoklhjclgciggaamocndpdcf,Casinoupplevelse,
pndihimfdeblgjldegnaifhohgpgajdp,Doppus Pixel Helper,
injlnkldgkjddmggojppaladmiflacoc,Kitap.kz Downloader,
aeclfmgjfpkekfjjefhangcfodaflcgb,total guitar setup guide,
elmmkiodkkgebgncmfbfdcffledgfanc,Chrome Two-Digit Tab Switcher,
dbhhnnnpaeobfddmlalhnehgclcmjimi,jQuery Debugger,
plebdddjkojgbpdigfgmnhnmjhmkfhok,PikaBooster,
mgcblkkekogokdhdiepodkhdbcbgpdob,Linkify,
iakkdilimjkamffnhhhlechajbijfoni,AntiBan,
nnbnjfecfjeochhhbbblieaogpjggdcn,Pipes For New Tabs,
nfhfkijfhpnnpiojakclepbbpjhefgla,BonPatron,
phbcbondibjchehdknncgmejkapedfmg,Gematria Calculator,
honkjbajjdfegfdfjoehnibpnmcmjnbc,SEnuke TNG Pro Review,
pgmffgofnnjppcongjleophechoafipl,AmzTrends,
jkciglbnogodeadbcekphcdfekhfdjmc,calculator,
glkhhlhckaliggfifpnmglhjampfflfp,OutStanding,
aheohlkniamnhlljffkofjkfpicnakin,CodeForces Filter,
ibbfblnbaohhcpbpdolnggdcndfpcbcm,Jobs Ireland Bookmarker,
kndgpilhdhkfmjocibmmkkgioibgflpi,Agiled Timer,
edblpojghnkfnoonkkbefcbeejhbcbhp,Multicolumn for Feedly,
hdifocaiopaiepgdibaplbhnodnidnao,MyCourses File Saver,
cohnecpfcfoihjedibnggaoaibnphoeo,"Blurry Blur Sensitive Infos, Draw & Highlight",
fhjkgahfcdiahklcacjcpgnefmkcdllf,Prohibition Release,
bjgokhccnngeffggpedblhahjiioicdo,Medya Panel,
iicnnghecnmpgchcilcncbaniakgapel,Homes Like This,
iehoehfkanaobnbldjfjfabbpaiiojnp,VIZonator,
gbdkogmbkadalfodianmgohhlldcbigo,MadLinks,
dgafpbcbieanmcihbjgaicikfchngpff,Trello Board Snapshot,
makncdgkhgjppmehkcgncbikakkdhndp,ARABEASY Keyboard type Arabic in English IME,
ehbkkbccendigiccmmpnbhheleicghem,Olapic Rights Requester,
dhpiilddcjebibmnjencieajldjhmiao,DIRIT help desk,
oefpjlkcddcadcepdjnjgijpbepnakld,LuxuryStore,
fanpcdlnfenhbhnpadmmdgiohdjblaoh,Vbukit,
iheegnoenjfklmfigchejkonicagpgae,Telefon Rehberi,
foeeckemmkmaepkgbomjafnhnajnjjle,Waseda C-lang Suppoter,
lnedbihgiafdcpaeoipkflhpebonnjfl,Relocate,
jpfepkpncclpcbcgomeenoamcaaphpcl,Mental Health Mode for Lichess,
jmenfdhmijaomloifmoannhmmolnanhh,Decred Ticket Price $DCR,
eeiknmdjlamnbbdcbmknjcfnbmcfpgaa,GD008-template,
pmmhkfmjlmfafdbmncichafmcchedefb,Googley Eyes,
piipnhdgcoidmlickoiecdadmfjifppk,Lead Bot Mail,
bimhgdngikcnelkhjindmdghndfmdcde,DTU Course Analyzer,
apjlpbbpeenjbflkalpgniibeckkeojk,Positive Vibe Generator,
jnojnnfoiknjijolmbpomcggkamhpobi,SitePass,
ceoppnmgjmajcnilpjgffghmcafcajhp,Jifhub,
ejgjbfaglnbijjdngceoldepidphcbab,Samesurf Screen Sharing,
aadpjpjgnjejmneflbdcckablmkjgken,Youtube Not Gif,
mapjpddlaejfkdflanpgdpbemkemhkhn,Switch environment,
jalmmnpclgbgcphkbnglcnlobgcbhkki,Examonline : Screen Sharing,
nbhfclejlkhcknnghdkhcgfahekddhjf,Messenger Dark Mode,
hphagkchnalofmlelhecfioadebakgbl,Banana,
gjmcchhfkiepeclocdhpdkjndljiiebo,Tchat CDR popup,
jdjkeinggenkakinhdoodppfjcggnmlo,Tweet Translater for Twitter,
jakgmhgiabahjhjipjehdnjbepmcomld,Remedio Para Ejaculaçao Precoce,
hampaeccgjgknbbknpkkgmkcmcmhfjia,Intermax Networks,
gdnpkflidhidhgffbbpjijiadedepfhd,Imageify,
eabdmahfcnakadllblnpdlniadcbaaao,OptikPartner OpsysWeb,
opfhplkjgdibicljdlljfldddecghcdj,Mahoyaku Name Changer,
hmeclehlabdkeagnphboafolejbhelmf,Extension Extractor,
ladhcjndigimcmjdcgddofpcjhnbkbhm,Clock To Bomb,
jhongcfphlabkimfoamdbffjgifglifk,Kanjidex,
oojdobdhdmijopknbgkefkklhdeaegbl,DotA 2 Build Editor Fix,
ncdongbbmgkcjmdnkgjbbailjappkdea,Google Search Result Key Navigation,
phfhjdiecfnldknkfpligdiffpgplagh,Nexonic Screen Video Recorder for JIRA,
nlngjmhlfdekmgoaaiendhkcbhdcedjh,Capti Voice,
doamnkinonbcabagbccilaodpainkaic,Bing AI for Chrome,
llhljceoapbodnkbmpeahmbphilblllh,Button: Settings,
ngemhjifnenblemkojiimhhalofgcben,Kycu Live,
pnlmndgkkmaefojijhpjmjlpkljadokk,Tunemovie [NEW],
hhbmdlbanbgckkmkjlknhmmpakijpndo,FIT Debug Helper,
odbdemlbgadodebdhdaeekabpnblcdlm,Fucking great advice,
dpmdejibdkplmmpihpdamdkpljhdlomc,Kolobok Checker,
ncdjpdhbgabjpdabgacpbhckifcllmol,CaretTab BETA,
cgcipieicklglgmlagmnlkdkjagegdff,pagePos,
bbonbhlfjgpahljegfaibcgpchflglnl,JSON Formatter,
aoakbimfnggbhoplpfcpeifgbigmpepl,MouseHunt HornTracker for Chrome,
ofgnjeogeomkenefojgokknhfbnneghg,Adjuntar para Gmail,
hpcghcdjnehpkdecaflpedhklimnejia,Start Page — Yandex,
lcbfgegdcmgpfnlgilhmmjhoankncack,UtterU,
pcddapobilfljlfllgjlfihconhklinb,Programmer's Calculator,
ceeppokjmaedjlkbiagipdnnedncfjfp,Absolute date time for pixiv Sketch,
igbpoppahpjhfedefkkjpbcfbcmidbgm,Sunnytrail,
fcelljkehadncdeclakdoaeloabeimdp,Timely,
bcjedefndololfejliabdmkpokchohjj,OlyScraper,
aojbfogjfddfhpoelcphappcbdkelhhp,OBIEE Sessions,
jihfaailcmkcaohhaloniapfpambpbgh,Tab for Black Lives Matter,
jmobiglepfamkdimbpcjjaomhinajijp,MisterSnax,
opkihdncekmggmhjbdkmnlelgmlemlmd,TabAddict,
hdjjchpopcaialaolceahkdlceghijef,iQU,
mkekmkkaginnjcoicjcoieodjmbbnfcb,CoinValueGatherer,
dcoeaobaokbccdcnadncifmconllpihp,Logo Turtle Graphics,
inomcbdkomlbognphleededehadkpcfe,dou-sort-comments,
ocapmdbdoikdiecnpibcgibbphioennm,Fitocracy Unit Converter,
epokajiceibnoalmmjgpgljfmamlhflk,HoloFuncEnhancer,
mapphepmmmckbdimgccdejadelcfhpcb,Ewents Meetings,
focedbhnfjpjmccheaofogieeeipoaed,RecordSnail,
lcikmoblojcfbgphophhfpjmdoakdidi,SuiteHelper,
mnpdpppgidppdhingkmlcmmgdjknecif,Go2Doc,
bdehcpoaefpnfbdpdcidjmminjpflnkg,SupCop,
cbiohbnmefglohaemcbbecmoipkaomfb,Geocaching Logbook Creator,
ndloicgiicnbkcjngpbdaidimgkfhoep,AutoRefund,
jcajilnlaakgoampekencpnbjjikphkm,@ IDN - AddressBar,
mabldmbaojanihoffokcnchcbbpbmpac,Hakata facebook,
eobpfipgbnimppmpmcladpjdgeobmbaf,Tweet Page,
hmfnchcnbjlfbhgnkhhfoipdojapeoee,Генератор SEO-ссылок из русского текста,
jhpheijfhpbkaejncokigfaihgdndjhg,simpleBlock,
bihnckbeihlchlkbddiiaeaphpalbakj,Best App To Learn Vietnamese (Android/iPhone),
mpodmjidjogbkfdificcepecjpdaccog,Todo list chrome extension,
kafhjpkgnfgjikcfpkkgcppijiifepih,Auth Token Extractor,
fdhmkgkmlbaklgekdnbhllbfofmpmafk,"DEV | Floik | Make interactive demos, guides",
okmhneofinpilciglijihehjpaegledb,PC Matic Adblocker Lite,
gckjoaicbopdnkkkcmbhmamioeepjjkn,Android iMessage Messages Theme,
bnhpilifpihcelmjfgibhbnedonjlabk,Better-FIDS,
calbehnejmijlkldkkenillgakgjdjfm,光子易信息采集工具,
mgmaillnibgiaibaghpimjfihodpddbo,google-time-control,
pinnoonagidjeonljokaamppjnppcfcl,ProductivEasy Website Blocker,
nefmoihghdmfocfijobaagfbajjjneoc,Mensis - Suivi de prix Amazon,
knmeiejeaddjcdnjgmhbpogofohlcpij,方舟,
hlgdidfjgmaeianfacplpaadejpggcpj,devdo.com Browser Integration,
paaohihajiloonkfjmadnkjonjlhdaac,DePauw University Rate My Professor,
nkgdeejdhkeaiifichnhfooeikidekbi,Skip Steam discovery queues,
obbgkndfbmpkjgcfbdbdghoibllpjeme,PSD Meetings,
iappbbhgmglhcabjflglbpjpfeimkkni,Toggl Legacy Style,
hkbfcjgjbggpljkiomdejclgdpejnomp,OmniStart,
jkmajpplbomebfegjjagbeoblheeehld,Salesforce Data/Metadata Utility,
bieodlolkaahjlgebjijmafnmccgncdf,DevHubNotifier,
hbpanmdcaepbocfpjhaococmomieadko,RealCodeDay,
almmnepfdabcgbkidbpcoiilinfpdklk,Erik wins at life,
dmdgjgglapnjambggkgjnlpjmmebjalo,UNfkConnect,
lcnppndgdocndmomkfnbhgeooaepfabf,enticle,
mmbfkedeacmmdknhnpigejlpbjimbnhi,Lists for Life,
kdhdbdecpnpoeibagopilgadiaadphac,Liberal to Cuck,
lddnjnckchmmlepmndojlekmflodpcgc,MrPiggy,
folafkamgdbhdeejjhohajojeogpoknm,股票基金助手 - 盯盘助手,
calmcffpjklommgidajodglkmeejkaof,Cash For Klein,
pfghlbihmhcgcmjnmnghjgdollglbjlh,Cansinos!,
linodoanmmlaghdokpjbdiebhkmdklmd,iRiS School,
nojdcggjcpgmoelgichpfnibeicneeng,Graphify,
anlnnkjbeghilckinoacicijciahgbfb,Bonus Code Assistant,
dhhiangfpdoigoljilnibodicldceood,eHarmony Chrome Extension,
oajdjjcjlllhmklicblbjfmfkekeldfa,Gastly,
eigblbgjknlfbajkfhopmcojidlgcehm,XMR.PT,
bchflmikkbhjggjecfbdfmbceeknodkp,Safename Lite,
dlcdjjicgcojejpfkbeihiafdgeopddl,NP Remover,
igodhgcphmmjhmdmngglbclogeklbekg,Kobisi.com,
oajodhnjpfmcfcigblehfjekbjnaiono,myWizard Extension Housing Prod,
hbjkpapgkolonobiohhihjlbfeihcbio,Csgopolygon Withdraw Assistant,
epbimhhenalihknndiglmjaehfpifaeg,ActionScript 3.0 Search,
cbbnpaebafddmdjmhgcjbjkhfjjmbfga,Digit Chooser,
inclhklmomfeifhjdaajfijnhgkmfagk,2day is a Good Day,
dkeldadaeigibmkmiohnigndbcnfacfm,Candidates Unmasked,
fmakklmecgogfejgmhalaohhlcccnbef,Ambiciosa Nuria Barrios,
ifmahaimlfgpokifomibiajjcpljkaha,HODL,
lcedddbabkaefpnniciahijknkaokckd,Smart Web Clipper,
ggfnbomidfcadkkimfmjoojmgjkhibgp,VRTME.ie,
dbcnhcpmjkdbhdkfalinnpmogegobcoh,Parentify Studentweb,
nhoiblmpcdimfllpmhaopipipceodiif,GPT Anonymizer,
pkkpcjmhoejamejnenainbgmcnpfchma,PASHA BAHİS,
kdinipfnjcgcepijhomjokihmmlfjnbi,Config-Link,
akhcbndknelgdjnehlpnhenpdhnlepko,chatworkリンクメーカー,
gnlbjdeoinlgamnebfoeohblhcimkdcg,Shopee WeAnaly Tool,
lglfgdaoapbnoigdlbkfokdihmeppool,Naru,
bhdhcmojfidpppeghagchoommgjimbai,youtube diet,
ebcidpkkhfddjhahoekolmihbbfngcpp,Simple Task,
heklcfopgcknmiegnkeaoiaecamnhdlp,Goggle,
hfcklkdlpahapegfiikcgkoldelolndk,FPR Cop,
jeahakippiaaenjaagcmnmpecaaphcka,GTM-Cookie-Sync,
ohjmggadlimfenedmjknkiekhillamhp,AAU Moodle FIX,
akmgmfdadjblgnliibbcloaoipdcjpek,Penguins Galore!,
ejcdafgedcplmnidcepnpcfbkmcjcmjd,Clash of Orcs,
nfjepklpiblbbcggheiamcicbfndbalb,NoLeaks,
bokbgdhblfolpfanocjafjhpjkebhlfk,New Tab to Tasks,
jdkdhacdhidlhfgbgcpcgddciohlipdk,mdTocHere,
geefpmbdhidciekkfocjinkbefjegmkn,Udemy Creation Date,
ajgilddapndgbmniliponchegglobphm,Twitter Verified Account Sunglasses,
edaipoiaiajganlibdhfpjboofgjfink,Random Activity Generator,
chjpefmpdehnldeffinilhbffkfamcli,Lucky Looter,
ceojepbjmdkoagkpdmeafggjjnmimelg,天鳳の背景をひよこに変える拡張,
nieboggmgpnmaiedgpcackjnpjakgfaf,Live video recorder,
mdfifmacclfinegmcokainjogmpebkid,UTmod,
jcbjnadonmliflbgomoccpegakfhlebc,Rec Bud Pics,
gegokncnghdjbpicbdgeknjebmclbchf,Tako Wallet,
joomackpjmehfnopiojdjeoomjgggofp,Willow: Graph-Based Browsing,
kakifckibanjlglpkbnfdichejplgdap,Link Preserver for Trello,
jigoginakpimmelldkkojgepogmkaigc,DevTools Theme: My Dark Matrix,
egcbnmkcbgbjpkjlnpofmgmaoiffflkp,GitHub Compare LOC By Extension,
nafjhgipldpldpocnpjkhgocbphlbihb,CFCA CryptoKit.CRBank Extension,
nklhfofcnhanciamgjiahanaejnfddae,Rainbow Remover,
pekdiahhnbjnhmdeogikeinkkfhmodlc,Networkio Jobs,
glamhpccofagaiogibiannnbomhjdojp,Pronouns in Profile,
bgjpendpmicpifkodffabfcpkamikjbc,outtake-verify,
meliiblidnfgegbdnfogeboedehkaema,Nginx Plus,
jlmnidmojaddpapnbppcndhbjlcnpelo,CopyTabs,
lalhiinaooiafghicjkcchkieadhcfbp,Hide Lacemarket Scalpers,
eikmcegplpkneeamoljmcjgfnglcpkfc,Mesadecontrol.com - Captura asistida,
aioajmkghcemjldjecmogjbfjhldcdjh,Vidtu Screen Share,
oalmfcciblkpdbjinikclcdjnllkpoca,Tweep List for Twitter,
fbpdcbjdehdckmkjhabppnmmemigokdh,Blackboard Enhancer,
ibiapjfkfkhbolbojlfloiefnblbcepb,Auto File Link,
niemeajemiimmkponpplkpoiahklimbl,Incessant Reminders,
gcaljmfhfjllobdahcecmihmjgcjihmd,מסנן פרסומות,
hljiddmcagnhcdooapoapofebkehoobg,Đồ lót giá sỉ - Dolotgiasi,
fanbfomiicdombhlboceaapipgbjbjkm,Vivaro Bets,
pjdgiiaakebiogakdnccbohgnbkndnjn,MAL it!,
dgfigfcmgjgaioloiogajolohifeimhi,Netflix Toggle English Subtitles,
ldmodhipdcnknfdhecnmoiaecbjhnmjc,TabSaver,
mkfiamgphibplgocbkifgcpnioogccfm,GitHub Issue Badges,
aoodnpmllpdgcfcgdnminmifngcppaln,Amazon Prime Search,
jacamipglmbggloppdednanfieiennbe,Prismic Advanced Search,
odppiocdkdolfcmkjkdjaogdbkahcfck,PLATO CALENDAR,
akipcefbjlmpbcejgdaopmmidpnjlhnb,Media Hint,
lbclcekfmcjbkhmbdjbgmcffdaendddm,EyeScream,
lekcjkchipomgfhiekgkgelmnjegnjlo,Sand Quantity Refresh,
jlinpflaifheoeohbdffhfnnpghdnlel,Spin Page In,
emkclhfhfeloahhapgfmlkhickbbadfo,PageText SearchLight,
okcdibbeaalccilfgbdekohlpfhnhgce,Politifact Truth Totaler,
mijccbhecmjbiepdfpbnknpjeiggnomn,SiteBookmarks,
plpdljndcikodkdhcbcbfnbmeplcjdeh,FuriKanji,
kbkkhcgnlcdblfkocipidbodfdlmiihf,dota2ru ignore,
aoifdlchnbljhopodkpaieedbchgjpmo,Auto-complete,
gjghjbnendcjpkpmogiemlbmnelaeflb,SimpleDark,
hbkdfilmnijngnadicdddpefpohcmfef,Abaya UK,
mkkmhjmfehngglkkfmohlcbpfcmmgmli,Codeigniter 2.2 User Guide,
fgnofgeijoadhjapcacdcbggpnjpfffj,Tracy Agent,
abpgcchogpacmjndfiiapfejljgncgjk,Zavírač dialogu s asistentem na alza.cz,
ajcdfkobipfjkicnaoakfeihepnjpkad,Kartmanage Tally Sync,
aaiebkdlfjdjknpdaindaiakmhjpgkmp,2Gees Coupons - Coupon Browser Extension,
ggdfagoidfaekenhaeofhcpkkhfakijl,The Altening Saver - Unofficial,
jmfgfgimdiiilhifikgphodfoafccofi,MBR Score Calculator,
gegiolkbncjbckhcfihiogkinmggnlfi,ChuVietNhanhKey - Gõ Nhanh Tiếng Việt,
fkikabammcheoknpemcdhpiclllmpdoh,WebMusic - New MP3 Music Free Download,
dfgodbgcjinocgiojjpenjmfhbkjpjpo,Storyboard,
gajcfaaeonabamnheeonjbgihnbjjnfo,Giphat,
kopnlolakplbjejfmlgfdmgbfangophc,RefEarn App,
gdepnpocbchjmapbejcnndijdoodolnl,Survey class: For Google meet,
acpchjgielgmkgkplljakcibfbjjppbk,Migaku - Legacy,
glmeidaaambjhneppgaalmcjmcjpedeb,Sametab,
lcjepankbapkkhlgliaecnmpfhcgknag,케이티 비즈메카 근무시간 계산기,
ngnhddiplebeagjihbjopdndceopoadi,Iumy,
kpeogdjenehchfnfndbgbbhlippimgib,rss javascript,
pcihlmcbnllaghbgjddinocpdcpfecbm,YT-Encrypt,
cebngpmffaallpalgamibfalgdipbicm,Color Picker,
dibhdjggcmolfnfccbbgpfnnknljjflh,Removedor Julio Guzmán de Facebook,
gfiaihplnlfbnlhmnondjnllcmndmmoh,QPrivatize: Screen Shield,
mhgdnmddoifogpldohdjigildkepjjnp,Save Tabs,
dajfojbckbbjbbiffnfabokpbmgmmamf,Bunch Wine for Wine.com,
cpopnpmengdaogmfllafolpghameihnp,WeBWorK Helper,
cjfkkhpnjkcacnfojagblbmenjjbhedi,High Wiki,
fjdmhoihcnpkkopkppjmdfnjffppoodh,Send Link Via Email,
nofnjaialambcjohmnfekkjjinnipmbi,ImgOpSec,
edaogdblfaoeigfpcomfoddkfpmaicno,SocialNetwork Launcher,
akdabblcnpodnbaapcfadgodgfajoidn,2Newswire Plugin,
gbpajmknkcgjeinfbmfeiafhogbhgkjh,News Feed for GitHub,
fomiebabmnhlmlinnikampfblffjceoi,Heart Eyes for Messenger,
ongjkgcmehnefnimibdkemchmcigjgdc,Бот Лиги Героев,
jgimnahaelecabgmkjkobnfifoibcklo,SeeSynesthete,
ojfbmologlkjfkpakpmhhjgdnaiekbim,The_Donald,
lanlnchgpakcdjkojdehfjehnbigoipn,SODALIS Team Up Web Screen Capture,
kpleocmlmcjbfdillkamjedbmbibahed,Harp Music Laura Bailey,
gkckpclpmncgeikeichohmebdlgpneif,save2txt,
cnicnmghijbdcbabnijmddfjkngmagha,GF改 Extension,
acdepiinabpgfkbkfkamibbmeanjjocd,Grasp,
mddaegeonjbjjfabokmiobjhjoppeacb,T-Rex Tab,
onfacnppibmlhahjgbanbddaffnkkeho,네이버 쇼핑 라이브 알람,
fifipfjcpdakpdomdhekagpcngdblbba,Webapps,
ofnhpknelkonflpgldcdbmnohibhdlll,Twitch Rewards collector for New World MMORPG,
ogliajcdahfdjnfhkikbbkfcaebalhil,Kıble Pusulası,
acolpfebjhapfflnpilmbfknbblchnom,Twitch Rewards Links,
piimgpjgnagkckjlhjcppbkbjjfjmnbh,DigitalPersona,
kkbfnmhomlioikchijcdlebndbndipcd,Ungender Deutsch,
pbicaeiggebhcjkenahlamdjgjhbbekc,JS Inject,
ckjapaekdeccjiiaijkaedmbgegnjleo,URL Saver,
ocnjohieaglmmhgkebkblnjagmmkafgj,DBrief,
jjhdijelhnbfnbnbfckbincfigkdmkec,Proactive chat,
anhebaghddcipcnlgoehajobofkgghje,Chandlery for Fallen London,
lcideaabhehdckgooidgpmfhghocekfl,Private Garden newTab,
peiijebaomphjdagnapbhookbnonhclm,Yieldr Pixel Inspector,
hlbefnfheejblngppkdocekcfaiigbob,某乎助手,
ajlecdbdhhopiadkcdfkkedmeeanepec,caloriepad,
fdnmakjjnhjeocomgfedoleiijbdhkmf,Add Search Option EX,
efijiddehgcaopjjhblnjffoianeaock,Twitch Alert: Minos,
pkkgojbkjhbmnpgicpnfllcmhlijibag,Sticker: Stellar Lumens (XLM) Price Ticker,
hfmpkkkbiijojkkmndnigokgicpikfkm,YouTube Spoilershield,
ccofnkilgkcpncnookbdnoileiidolka,My Bookmarks,
fkcljmgncjjkckdandfdodbgdefgbjep,tabzen,
ebmdipifpcclnflpbmccckpjkggodhla,focus search box,
iamjmfdpekhdfkdahjmeahghgcdpehco,ドットインストール連続再生,
domfinmkohodhgghgedfdcmonefafolm,Toktogi: A Korean-English Popup Dictionary,
nkjaibedbblhpdedieglimlipcaaajip,One-click Kittens,
abjenognbecejgggoeapmmnpjmiapoph,Thought Stack,
hoogkdlepfgobakanjogmiomnimlmoob,Skyy,
dmfclndkggpjnjajmlkapblechfnpcho,lazyreader,
lhjigdijagldjpkijggjflioflpdgmbb,En uke - links aggregator extension,
gecbnhkoijmihijfooodehoocliachgk,LobbyAlarm,
cnmkiolbnmjlhdkabcgobbgdomhhdnho,Cocos Creator Devtool,
khkepdnblbdignelmabicolaneiellla,FUo,
eabcmlmpoolinjbiecaahibbfiphibin,Win Button,
hcgcimicgchmlleoghonjpfhckpjmlij,1TT Images Downloader,
anjmlknodakgoomjeifkbcfbcpgonefk,Search Manager,
iiflidlllljlnghlfigmebcnjiloohbn,Trello Flow,
bfacjelcebadgmhdefahgahbhojjdnpm,Jams Calculator,
lkafhhfkbnigailogonkdafobmmjghal,BEW - Barrier Experience for the Web,
hkoodoiaholnmgmhlkbnopojbfmbpcbn,FBI (Form Business Information),
gobfdnaljahpbkllnmlppoknlafpmhle,Тест на профориентацию,
memepciffhlkcckkmkbaccpmmfjjpdfg,Markdown for Google Keep™,
dhmcecaiihbkddcfggjanleekmbpmlbm,クローム六法,
hokncikmckoopkhijmgiihbnoiihkpfi,Custom Web,
bkkkllogahanapgnncmocgnpjddaekkl,VacFinder,
jnijbmnaaacbkinjnakgemejkicfjfik,Bitx - Basecamp instant to-dos extension,
ogfgpkaggjlmfbapfkaahaopodjeeael,Cool Kids,
hfgcmflfidjemoomcfilldpjefkecbmp,StockFinder,
lbdfemobojflllkagenldnejopbhjcmm,Zendesk Attachment Download,
lhmlhlcpehgjmnhmkmgbdkdkjgfmfmkl,TurboVax,
fbhhmdnijlmeejbfkfbmhfmcncmeehab,SciShare,
ipplkgannkoageolbhdgbkmphfmhopaj,網頁一鍵快捷,
cpedebgnbhkckacfcikkajpnkfomneei,Buscakasa,
ffpmkjnjbkcmbligmljocgiafbhnneio,Takecopter,
booecjngccfmbkmppajkfagopeceapdj,SA POST,
cibnknjjefohapdifgapmlfpkbnekbbl,Vanam - New Tab Extension,
jbfdkekecbfaikenlmmapondfplejaje,Bookmark Search,
fhcmhglnohogibbbpbodmjeggpdlboop,Popup for Keep™,
jeoddidpffcjecfojbjpjnjnbjeenhai,Tracking Transparency,
cboijagccmmdldebnggaaemcmmhfmidk,Grace Hopper 2018 Calendar View,
pdeadfkhgjmdocckaenmlnefmjkomblh,yk-2,
hafikfgdkfaiaoggaomhgefbcfacjjkm,foreverID,
hghhhfmjdmdgfjnpkmfbelagbdcjamek,Accel VPN,
pgelmogahekmflhjhjgmmgdccbjagipo,Fancy Hands,
fjfdkhihpiabibpdkddchbkmmbabhpaj,Hide Medium,
hbdlidnbnmkmbeompcakgedghogdbbkf,Excel Data Filler - CTH,
klmjgkkbknbcllohenhldfgbbkjafmgc,Rightmove Improver,
bemifmkccpafkhlknbckkapaipplfgel,ViewTweets,
ffjoemfmeicpchegiadmbipjembkmlbb,Dooray,
bkpohndgjlgpohojjndfigankhdnbgll,Canvas to Quizlet,
lhjanpmhcanjknkcfjiikkjdecjkmngn,Flash Block (Plus),
aiahkbnnpafepcgnhhecilboebmmolnn,Batch Link Downloader,
oelplgmhagacafchcofdknhlfiinkjnj,GPA FPT University,
pjiekkeoofikfjnlppimdhajhhdhkegn,Chrome Web Store Monitor,
oehjagamhjfailgjibbgjfofphbilbhf,Cleaner BWC,
clbbclekpeokoekddmmiigllfocmjpgo,Mint Ads Massaged Away,
cjbkbpgglhgohpelagbaebbmhjlckgoe,Fbclid Remover,
nlplighifcffggibcniobplggfggphia,Google Classroom Suite,
aibeeepkhjjckbdgnbmehbjehecnmafe,Belleville News-Democrat,
hfdalhgaploiaifnalgmkhifioginpnf,tarhanasepeti.com,
kgbgeachkjilajoadcpnohlfnldnmkik,Get to work! - New Tab Page,
lfcnpljmmpocjjdcnjegakopjfpemodn,Whatismyipaddress - Show My IP address,
oafehcpjkmcajaddkiokiolhebnfhcmg,WP Strona Startowa,
khpjpigbdlgncbapkpbcfnhllafjgkgf,Hackers New,
ncedkipkfdoelgpcoedbcndpdeebobhn,Comic Sans MS I love you!,
gpkenmcifacccdnangeckcokmeefhagl,Neila Live Notifier,
mmpnmbnhkpociacfbndjjblmahhlbone,Chapter 13 Payment Calculator,
gafipbpdpjcgbodnedhggfiafnnaccop,SSH. Don't report me. It is for me,
odkfgopaoacloapagbcajdcnfkingpch,Medium Automatic Sign-In,
ehpggdllcbcbhabfpiknphnndhnniepe,Fallen Zuma,
gpnjkkgajfmdmbbpadigjlhpkaopfccl,Cloudy Calculator 2,
mkkbjiafdmkbifnccbplliobhhgbkpek,SMSPAD Contacts Importer,
hbniaedmmeknjcfeiebkjcjacodolndi,COVID-19 Tracker,
dhohiopgmjndniekbklpflonniaegocn,Tab Grab Paste,
ionoeaocjpapdpjogbljfaodinlodihg,chrome-glo,
copkjnadeljgondlbefafnbbocajahal,PagerDuty Pop-Up Remover,
amlljljimgahidhepkhlhdpfljdlliko,Warlord Justifier,
ofpimjnkffjdlkilpmhjmckchfpnfdfi,TimeFlow,
aamemknciolgiibiifaplfacppgjjpkl,Amazon Harvest,
jbkacakomldccokcajehiggmpbbgcmkd,iReformat,
gkmdoophpihehbiphmilpfgoklbbgfmc,Expense Tracker,
cjgkpnmpdmdppakeljdmlajhgpaplokk,Harpy Time,
gfoajnhkjgeckhjmjijngeknagbfmodo,LagFreeChatGPT,
lgabammihbmphnbmlohpekadhebcajog,Selly,
gfalpjoajcgeoebjfhoednajknadndca,mailTrip,
aigdkhcdmkaehfcnhabhkfpomkcflpcm,Az Dekorasyon,
bemfclgkakebamdophbbkkhffiongdgp,Tiện ích đặt hàng của Globalship,
nhndampajkkhamolmmnalddigpojomph,ActiveGS,
gpogjaoepjikcbllekpibcgjgfjboiph,Newness for Chrome,
kkjlehpaghmppmkfihgiejaaapgkinai,Office redirector,
fofknigdicmheemnoelfiblohgnhcekd,DigiNovo screen sharing,
enleholalgmjbjbpkhdhiodkhedohone,Block Anything,
noccoohlmcmckbplaggkfobjlipcbjfe,Teacup.gg,
bimdkbbnmijmfphlbcklkijlaajjkdch,Friday Night Funkin Cursor,
mfhbpajmedjkeilakapcdmlkdiohpgan,LinkedINonymous,
oedfdgfeknhnkpnajphbbkjfmjhgjapg,Content Cop (Idubbbztv Meme),
gbilkbjobnalinlfchaieepkkhaogpfd,VisitedSiteDetector,
hlppimdcjcpihnnpbpalllflgmjbeedc,NHL HUT Builder,
doblgdpkffjcibnaeikclepafjhogfle,gchange-client,
aledfobeblbbciknabocnlbfaohlfjhe,Amazon小助手,
binkgikcjajbgmiklgmommnaalfpimdg,Scuola Italiana di PNL,
dnombkmfbdfoajkkjbdbijimcebpanhj,Clientflow,
ffpjegijenjngmidlmahaekajbhhdmml,Direct Links for Ebay/Paypal/Amazon.,
bjimpfmgoeofnkemfjbnficoelhbgapg,Export Quizlet to Moodle or Canvas,
opekekncnpkljanbmddpdlhmeiinebpo,FDS Helper,
fhopcbdfcaleefngfpglahlpfhagendo,Medium Next Generation Stats,
anfdnhenkombplichcifaiecpcfifhdp,Bookmark Assistant,
oekldebgglamjinopejlfdefedeodlfe,Google Ad Blocker,
amppablblpkieebandnoajjmppnlehkc,Page title tool,
pmlaenkfonebgalakpadidkkjocabmhc,MailSift AI,
kgcpgbimgmfhpilldcpgkcbokbikednc,one click,
igdigflifnjnhooafgglmeefikobalhk,AMPInspect,
ldggafhenilfdnihbkpolgkgabibbehj,ghProfiler,
mnhcahplnkdmhhhhklificmpmmaekabl,Franklin Screen Sharing,
pndpkpdjfmeedgphgfepaegagpnhkgng,Productivity Helmet,
gcdngipjhonihoajbjaieeoekanakgjk,Fitocracy Prop Bomber,
nkgclknlhklbpoclobgkenobijacaobo,Copypasta for Twitch,
ndgbomimpkpkhdgfjamadadpmfmbajbi,WebWrap,
jgjineahnbodlpdfhhkmgbeghaieocgd,SearchSK,
llidcihmjceniojdhhdnejnbbjdepphi,Change content color,
amabhfielmdcjgahcjkipdhlffejidjo,Danmaku,
caikemhebfaieainegdbfiibbipihpol,C895.org HTML5 Live Player,
aimbadogbpipbbjlgbhmhfokflfkmdhh,VCOMCAR,
oakefghfmmcnejnpgpehidmbjgkelmdm,Tumblr Tag Copy,
jknaiemmajopmpcpmmheafgjbhpjnedk,Ad 'n Popup-Blocker,
elpfmifjjcappkphpbnodifaaknhklmj,StackOverflow rating,
honmhhcimiofihhpfkkjmlnhhkhfddbp,Vaporwave Aesthetic Generator,
mjpndfmkcbaannaldoldelhgkdnbecmd,AUSITools,
iagkfbcmjgeodpjjhafegmjnedpaandi,quick cite,
ebdjmjgokgjakdpigpmilfebpnfaibeb,OpenLink Data Explorer,
dhalhiibgkdpdmfgnhjpnadlmabdbgho,Ashoka,
clailnfkkjjkjjjeeedmbhhbkofihdjf,Kame Doc,
eilgkciojljbamjaghpbacaakhlpafgj,Screensharing for the eASy Conference,
fkcfecmfcfmealjioddcpgghpmdgbeag,42logtime,
emompfhmdpalpbplkpelhplciciaapcc,Ambivid player for Youtube,
bjeimfljblopekddchokccgajkbjakca,Clear Plus: Organize seus investimentos,
khlpmpfgbhhpejppdaaacgjnanpddoei,SmartCall,
cpgnghjibbicdnkeighjohbbeofniane,TiQ UI Modifier,
nfmloiebeieogaehdfdibfkfgfjcobgk,Supr.Link 超級連結,
nplpnljodajnjkpbgiflkmmcbpfiljac,Zhongwen: Dictionnaire chinois-français,
gagmhnbbnoealbgkjikehgpglhjbdkgf,[Earthchie] ทำให้เว็บกลับมามีสี,
kdlhmpjpaehdknpcdmdphbamcmhehnjg,Project Notes for Codeable,
hibapfglclddpijkfkglgoiegonbdnli,Lightspeed Signal Helper,
bnpfaalcobpnjdbkmhmhlchialhgaapm,Web Risk Info,
mkngibcmcaidiompkhfjdnimnalkljcg,Pinject,
ljifnlajfgdleepchhblhnnneckmlgjn,KN Parameterizer,
kchmoabkcchjakjchbhdegjmeagoghhp,Gyde for Zoho CRM,
gjdgiohjblmihmkhocoaejikghojefbh,VK Message Sound,
gnmnehlajghjnmiecdeefbpbnoclppjp,Trend Switcher Finder Pro for TradingView,
fmbcdhjmhddnnpeomknikdbboejbhdcl,Clippy the Paperclip Assistant,
pjjknfgjdjlbmhhbfkfiaijpkncmjcjm,FaceRant,
dbfijdeoamkhadimchkpakjopmalaghj,皆残,
pocgkidhafccnjhoklgelojcohpfgckn,ePorezna,
oocojnjooaicacckbjpeembcjbmgaamk,youtube shenanigans,
jhiocdmmaannaccoofjfmjpbfkogmnap,"Panda | Hacker News, Dribbble, Designer News",
ggagpicglhdfdlajnbpngpndlienaaej,Close All Inactive Tabs,
fggehoeohlcblgnaocikggnblikbokdi,Macys.com for Chrome,
efeadgcnogaincjkbobaflephojpiiei,Add nominations to Google Calendar,
jbplakkefflidgnjhckoahendgekokfc,DOM node tree viewer.,
mpjnbjlbcohfkbdmoffafmdmlokagjek,Discord Profile Pic Preview,
lmofebnkodbmemflnendlcpgfdbkgakd,IncogSwitch,
fenkeapgendkbamkllkaneehllpbobhg,DragAndDrop Gestures Mini,
dcfmjoeidejbheinlmnggocbjhapcgoe,Quiz Fix,
klhpkldaplimhdnjmngooacblfobadci,Knowledge Assistant,
aijoconefkeekmmdkobmkjdpeclppigm,Restyle Letto,
mnkogfadjaloagkfdfhpkldblfljjhdk,FrustratedTech - Server Admin Tool,
gfhgkigfoiinpdghllmpjfjdcnohkodm,中午吃什么?,
gjhmkhgcegfkihgpgjmhceohcgefofgf,Hide Grades Div,
nlnkcinjjeoojlhdiedbbolilahmnldj,Tab Sorter,
efeedjjnceomajphgfbofklhhkioehhn,Ukarajinska Latynka,
gkmalpcopalhdnminncdmjejcfnkdgnm,Description histories for Trello,
jagjaegjlencbkmclhedofpoelhpgeln,KSQA,
ohflkdcfnnplhoneiekhkoipfaegdmmc,Since,
lcopifdaabhlkbpgkomhnkiojklclcke,Post Facto,
ilpahpkbjhkiacoimfhdhchfkmmomemj,tbx: Team Browser Extension,
fabmnggpampjmglmkbojpebjbhmfflkb,Best of Shrek,
gnglmoidnlfnfjclcepoebilbojokcko,Banglatech,
komolablmhfobefcfiianchnmggpmpmd,Cloud Browser,
amfepecmobgaflidkebmofbgdgkgpman,ROBLOX Forums+,
ianjpcljilmgmcplpjkbkloloilgfila,Decision Buddy,
golbhkmeojhncogkbmomlgdpchkcichc,Lhasa Clipboard Extension,
jgffdfnjjdggdfceegfjdapnjkbjfmca,Email Meter — Custom Signature,
djcpompcfhelikflabhddconckhiekae,PSSQA: Bridge Extension Main,
onhgmjhnaeipfgacbglaphlmllkpoijo,DCO GitHub UI,
onkmpijjdapellfindiohcfgmifppegh,New Tab with Aerial Videos,
pcfboomnbpcgcbjfoolbiijmanofcmmd,Click2Dial,
jcpoakihppiijhadkpjjkgicbioddnpe,Snippet.codes,
fdokpfekfffnjjhpmidmjpbkiinapddc,Insellerate Click2Call,
kkkbeobfnlpmnicdfeniadepkmhgecgp,Daily Goal Tracker,
npedoklkaclmikfmkpdlangkhljgmhni,Monaco Editor,
feofefipohdpgppfkjchohecpbihhfpb,Kaizen Business Solution,
fomkefjnijnmkmbldpbbdjjlekinhfbf,ProtectedSearch.io,
djjfiilkgjcgjeefoflfgaplgdofoepe,MyMetrix Extension by comScore Inc.,
epjgogeknnnaanaegbdheeciocdlcknl,Simple SEO Tools,
iplkhnicblmmlhpcaiofbagipldfcblj,Immute: Mute Tabs via Keyboard,
agohapoegdjgdkbplncdgpncdlaaofpi,Make Borders,
gbojiplhnhbhfhhkjacacijiglpmcpbh,Permalinker,
kolcdbonbggbngfdehifhfkcboihnnih,Crunchbase Enhancer,
efcenemblnjjgdddnipfihjofokenafg,FXOpen Traders Tools,
dgpamfflfpcgpfodabneljmlhnodekne,CellHTML,
khomacefeomcipbnbjlkanejinoodbgk,0Wikipedia,
bcbbcjkfbblbagmogdnkjccfcgflabic,Time Extension,
hhkmgccnikjbbimojaobdjkbcfkmlede,IX Desktop Streamer(Jitsi),
pkflkepckdmffmbejmeopeacibomnpci,Digikar_musashi_naika,
llgckgmlfabfbmbgnnijgfhhbkpmihlb,BookTrakr Button,
lhcfoecgkgfedblibkeafohealmemkgn,Cu-hacker for サイボウズ Office (on cybozu.com),
mmlcadncconjliabhgkmffhmhohooomc,Labs,
eoflmmmmmlmgchodgijndimmbnlljppf,Herrera Highlight,
ncacolcmjamfbpnddcmldhnohhiomkeg,FlightMemory BTS Add-In,
lklnjalkeikmgdbdiajfambhfihikhne,Whale Promotion Remover,
afeijlgmanpjidpdpbdjjhphchafgccg,EJDic Script for Kindle Cloud Reader,
eknonbejihilmjgaldmbhfckpailcehk,VK Quick Reply,
opednjnkpnkdndkmaciahffknkefpnle,Age Counter,
loigpbgkmjjhjodnhlpmbjmojchpdjih,Popsicle: A Minimalist New Tab Replacement,
limpefcllllaonjgoolhfcmajfkblnna,屏蔽豆瓣黑名单广播,
fjnpgbmeiinepboplnihopnhlochefdk,Automatically add UTMs to Pardot email URLs,
jkipjbpekemmicmkccfimpohngmgahlf,Whush task manager,
odfbiiioihfmdpmlghcengccaaalnbme,Paranoid Man,
ilidkhplmkdomofhjpkdgnapgkaadmhg,Event Logger,
blpgdogcjmmkhendjpiilidbllpainfh,Clock Icon,
pgjlemoacllebidgpchfhdgeifkmbigi,Pepega Catch!,
nibbcdcgcodphdooajibdolfbabffjmi,AidExtension,
mccpnogjigflfmlfkjnnmklcpljifljo,Incognito mode for AspDotNetStorefront,
mnphpikddbmcjlnpooppcmfegmhiaeji,PogChamp Universe,
hipkglgmjjkjoipghkcmopbccjbdpgnj,PESCO Bill,
hpklmnmfdeefigcnbpbcjchkejgopkig,Arch Attender,
oeaaooibbinhgidefngnokhdaoflondo,GreenDefMF2,
dmjfmlflhgdjjnlbindgcgaiielgjnee,Lunar Clock,
mhkegkfehaapadhgdgnlokglbakajbbe,ProjectKorra Notifier,
njfogjbfnbiahacbffofhfgoihmalkod,Koci's Twitch Chat Shortcuts,
ncgomhdgmkicjeclohgokhciihpfdlhi,GitHub Release Downloads,
hbnhfedhbhimdcllidncidmdlnkfkicp,HTML Fix,
chaaaliebgjcbcdjbdafgbepchnoocdm,Sneknet 2020,
ndbljakpfcbaanipholeejgcpajnbjmf,Sleep In Google Meet,
oaocieklgnankpgmdbbepdkjpfheohgi,Bongo Screenshare Extension,
jhkpjfpjfjgjohghkbekkbpokmjhblbe,Trump Replacer,
aldihiefnmdalclppcahjjgkfaadpaig,Single Origin,
igpmcdajjmlppbncchkmgfljhblkkhdl,CSS替换器,
fdjemjfcplhejdekgjbdjjobbkipoddd,Time Tab,
hekpbdhfindhodcimcjhgmljblcpjjde,"That's dumb, you're dumb)",
gjgcfgihcndpmadahcnmfhgggpimgddo,making QRCode of the url,
ibdbmfooophklejilghomfoilbilmlnc,Odesli Link,
pbaaoijcnacbdikjgfjogoppoilmkbek,显示浏览器版本,
npaebkdojgajejbpgegfgkdgfkokmepi,Weather App,
ddfpejahmbbadmmhgcfmieoagobpijnp,QiitaのLGTMをGoogle検索結果に表示するやつ,
mlncaeehagffkpjkhngpbdplgbbmkgke,Craigslist Replied,
jbccpcdfddckidlmgkdbgpheeodndiee,Headliner,
phgdjnidddpccdkbedmfifceiljljgdo,Finch Developer Tools,
kcnfkfgheabfjdhjiiiohfdabkicdilb,ListenPlayer Sync,
jjbcfglkgpkfdpicemlikjccdljdkflb,y100阅卷助手,
ndocjjjchbahmbjnnjemcepgmdgcekon,VantageCircle,
nifbhamfolffddjiacjehkopndloofnc,PR to Master Warning for GitHub,
jpoinealdacefofgjkjkppcmkakgfenc,webpageImage,
mnimebllcoicadiecchkeeokjckglbdl,SRP Content Farm Result Hider,
nidmklgpplnfghikfnkbdgldlkdgddcn,Habivator - build a habit!,
jcdfcpjmfpbnimkdackbcmdgdpoeklio,Hacker News Stack,
hlaopobfebekecdpebdddihfjnakhkka,Task On,
hgdcepkjjodlklkgandigdlbjkhbnnlo,GetMyDrivers SafeWeb – Online Privacy Essentials,
hokekbookipbkbcmlldckdpmplhaglcj,honduraseducacional.com,
chfgdccpmmgmamnjogpbajijchidapbg,ジョブカンアラート,
gpppkkkidmlbdenkajgcpfkjocmdbock,Fructify: Productivity + New Tab,
pnelkdgjfmmkcogamkjkcajgdkomjgco,QuickTabSwitch,
gbjmehegalkaenbobcopphhhdigiaoha,Smart Calculator,
gclhfppjknfinffhafoafpmalcdhggga,Google Search Numbering,
ccdkhnkekclnbmcbbmkphappoipobabf,The Dot Game,
iomkepogdndjihppdhpihjeebokjmeka,ITIGIC - Learn Technical Tips and Tricks,
neliildhmoikkppdkceoamhedaligona,Twenty First of June - Extension,
fobaiklceebfhicnhljajlphkkcejlbb,Загрузчик на фото хостинг Arevera,
clebechkjgkellfchpaofjljofclphbg,Stay Productive,
fllbapppibbfdkfidjcmoflpgklekjja,RTL-TFS,
ngcbfbejbomlcodiplcnmpellgochbje,ShivtzPRO,
bpepmpmpcadijihffpfiohfdffpmggeg,Nexweave - Website Personalization,
adojbaogkahmobnpgedmeogendnljkfb,Franckenator,
lobkjdlbepleddkoepdajiaognkpnigc,Gazelle Snatched,
foimdmmeabkjflioekobhdkogahadpmg,Video Safelist for YouTube,
bfnccmfehfmogkoomahefaidgmlmbpbo,A barcode generator,
jfoaibbgcmgnjdiepjpbmgffccdomlkb,MotionKey,
pdfepgdcmifhbmldcofnkmnbabamjdnm,TabsFolder,
jjmhdalphhlkjleijnhjnaddlcpcpapp,Calvailable,
ipanhcjnbhelglccnikmfmikmeakbcfk,Crunchyroll Skipper,
nhiijiajgkhdnggjnamiijohbbelagjj,Top Shot Toolkit,
aoiodneddehlaijdfheenbeghgnflinp,Auto Login,
hbkloijocofoflnonipbmedfahfgppho,Animinder,
klhlkoabjmofmjkhbmelmfnhkbjaohdj,Click Copy Sentence,
abedhonfilfoedpnlhhapjmhlmgjlmkg,Flash News,
phpkncncfefejkabbpomlnhgopmldiem,Wu Tang Name Generator | Wu Tang Clan Names,
faicpolgbaeibgbchhddgkfkmeabpnea,英語学習用Utils,
bldoicimcoafdgnogapghnbcmnhcgmee,Filter And Sort for eBay,
lbkfekhldbhpmanjgbepioddcbpbcfbo,Messenger Connector | Messenger Toolkit,
lcbfccbenbgpfeiejifigngbdcenngam,Remove blocks,
goggaojmhaffpnohojhoplgmabacfoin,VOiZiT,
lnhdeipbglmkjgdloflclkcleiljggba,Yandex.Music - play/pause,
pppdcofgoapbpfjeflmkcljcihlpnini,EzAttach for Gmail,
mjpnohbpjaiojfhdgfeljbkphfoioiki,Url2QR-code-Base,
kmondopnmblnlbaiknnjfjdemohffljl,Chrome Darkener,
mohdemnjahcknclbfjpaakekhghjicgf,New Tab Calendar,
kafcdkbaiijoccgiefljmlanpabnigao,Swizi Plugin Dev Helper,
kjgffkdgmjgcbikfimohbpnliigbmfhj,LinkedIn OneClick Export CSV,
facipoonhenhmanggoikiaecfidagekm,Wisdom Jobs,
adpanfejnlkfkfjgkeabhgpcmjocicao,Amazon Copy ASIN,
gnhhkkbccjcahpmndfnhfckdfblfkfmh,Snapdeal Price Tracker,
oafnpgedcpjcjcjienbbbmmgophaogho,Paymo user checker,
bjhhoiedgihcfbcndafjfbdbicflaepc,OtherTube,
hlpkiefeeipdioepgdemnfnodeejdnfe,Irasubhost Download,
linkbhnfbppadaeohnhbnlnkggaogonk,WarrantyNowVoid's PoopGuy,
nppgnmfaaegnkomldcgobefphblcmdcn,Aura Alliance Meeting,
jdngnclcddahjnencjfimiikllknaibb,ニコカラ検索,
ldhkmaacjclodhgjjehimfidgdmlhfhb,TuStartup,
gponoibmbapmedhompdbibkenpdklbjl,MLP2Cruella,
aiflbjkpngokagpkndmhemibpadajmma,Lightweight Multi Notepad,
knejejppgddlkcpomcchdomboceocebg,Stop search ads,
kifknlgkhhmifmnimnbkdaekghchfadf,Theresa Problem,
gibbmhbhnbijggfpdfmmnpjkgfngamfd,Words of Iron Automation Tool,
cdnfbmdblnpjkdmhkdnlapblifkignbn,Chatterly,
gppchgjioofffjfgbfliikgkibfjjpkj,conversor de letras bonitas,
hbabjcmngkoppjaibgbpdbbcfhhmakmo,Tabulate,
pkfhcpfcdaioocalokdmdmafdaacallp,Gmail with 2 Dates,
felgfbgneplangkgkcdplofccdicjaeb,知乎安卓平板端优化 (for Yandex),
ppccoilacanjcjljekaggmeaeakdfhce,exbeak,
adaiboomihahdddciolkcfhalmdnlneh,Better CDCS,
odffeinbeihabojiibnaeggeapingmpk,Random query,
kfijlmgjjcidbmhomgenfljoinpkmkhg,Task Tracker,
jkelaffnfnkacniggckfieeckchomdgf,XC Ski Strava,
kjjpnnnfdfbohjbjpgflpjjnmoladhfi,BookLink,
pbedggocbcdnjoamkoemejiljefnokan,Hide Internal Zendesk Comments,
hbnmdgcdginbiabpiliphgbepbopajla,e-mover,
mflmgpdkgbihgojplljecakngbcokfme,Current Time in US Time Zones,
fhjdnhpildnjpfelhpbicemjohfompdm,Podio Helper,
ogcmjchbmdichlfelhmceldndgmgpcem,Bob Extension,
ocjjknbofcggmblgmlpfpmhccojaecnp,Chromescape Navigator,
afpabggmiobnjgoledlhfkicbidpfjlf,Loft,
kabiaojjhmfigjfbblloiihghcjlccoo,Series2gether Party,
lljflhbnficpboanjnjfnpkklldhkoja,Short Note,
lcnaompagfbijfpgelhblijfgajcdnao,Art Palette,
oojoggdimfailbafpahnefinofinciic,Takvim / Saat / Hava Durumu,
olhbihbchpeedhbjigaijncajphnkilg,PiP Videos,
kcbbmbmkmpnngmmkoggmoddkfbboggod,Such2 Search,
lfmedncgekmfnhkgpafcadeljdmabkgj,Twitch dark theme fixer,
opmjojcpjhlbmlmpakpagpoaedmfmjcn,Auto AWS Allow,
hbhkcmchcdkahklamhobghgheheohacc,My Trade Style,
kpcoecmjnaamkhggnajhimdefmgpdcmn,Kity Email,
plgkifjefgnakpadlnkmlcfmkiegahfe,Teddit Please,
odbdgjlemmhnflklkdhdfcifpnllnemo,finanstopp.no,
pmmppjhepjlbpggbehdgjnljcikibpkp,Curs Valutar EURO / USD,
gdokmfmamddafdjbllohladhfocefmhe,Blueprint Task Capture,
nnhcpdamcbkaohgngkaabdhicjjnpnml,wublub-xp,
dofiimcmnmincloafjcfnjpdfefgmfic,Multi Highlight (preview),
dgmcbnhfgeejfapefklhjpilfiholhcc,Viskisieppo,
mmmjpjajlahpmdadaigpcjdanhbjmlma,Voice Controlled Media Player,
emccgmdedbgijjlifelneohhdkkbefig,Auto-Generate Table of Contents for Github,
pfakheagikeomkmcckjjeociffdihcjk,Tab Customizer 2.0,
fiimfhgiolppcalaognocicbnibopdbi,Web打刻自動入力システム,
bphgmpcnpcgodbpihggodaejphlkgnkg,GitHub Confirm It,
mngnomcgkkfekkjddagbhgamjgpjamoe,Page Editor,
egpmkeedlhphenpnjhlnlaohcmbmmccj,AutoMute Incognito,
ohepjlikehhcmfmankkckkcbbegljijb,Device Px Calculator,
fmdbkkpchfklnbfaddbkpegifpchpcdg,/r/ Reddit Shortcut,
cphjjfdiphbdcppboodcpkgephbegldd,Derp Learning,
cjgkiokoamefcjjpbhcldneamjoolobp,Asksuite Hotel Chatbot,
mheleidccioamimekojienbdfclcbaan,Q Accelerator,
edlfdlfahkpddadcajjioeopcjcghglk,ChromaHash,
olhjigkfnlocckgkfhgikjejjcdipgcp,Reddit News Fixer,
oaikgbnakhkjnaaiamecipeghkoamkke,ASTEER SEO Writing Assistant,
hiokkipjpomgippmpjbnkjdpgbacbgfk,Canvas Answer Scratcher,
kdanfmfplchlkjfcmnkbkgnpdapdblmm,HummingSend for Linkedin Recruiter,
fmdadngcedgkmbfdnabjkjijieikeeok,zeroOne,
maibekeljflfnaknpgkahjkjhgoefmgg,BuxInside Extension,
cbnoahoehnigijjkgdabcjdidneanbmn,NetDB IoT Search Engine,
idkhibimkohnbdblccblmbjooacpbieg,React test selectors extensions,
dnkmglnhmbbaaejbfamfccphmmkfnnig,PontoDaHora,
jeomfladfjnhaabeldjpohegnlkcaoih,Textrator,
djgpcibjopchenlpgafpcdifplicfagc,MLP Cashback BonusRadar,
nedhbppankibdjolmecdfhdmeogboehh,Kalvie Screenshare Extension,
papmlhcjaocmpfoiidecejpbimenohgj,OrbitFenix Flash Enabler,
hcjjkpimilpgcbeojajfeninibcaocgb,Live Past 100 Well,
mcecmabeaehiihgjcchlnobiahaadmdg,MXtoolbox lookup tool,
locbifcbeldmnphbgkdigjmkbfkhbnca,Coil,
hihcjkhhlbmckhhnjamfomegbnlffcni,Leetcode Timer,
haepempglmogloijokhkmnhbmknbmegg,PTCL Speed Test,
gmdpjnpdojjhpfcphepgppfmnmggkmph,IU Click 2 Dial,
oefkkgfcahbeccgckjgbnfclcmnjgidg,Real-Debrid extension,
jhpamlhmchhnapkegepdmkffplafgnla,EAC Plugin,
eelejbibhkemafklolplpifljdaikffd,FUCK UP SOME COMMAS,
egijfgkcfmicjeojibdjkheiddlabilf,yandex-market-enable-keyboard-arrows,
gddplijpjcadnhpnlpkjoppgedpengbo,Accessibility monitor,
glmbhiglkmodlegfbedgbimhnohokekp,Intercom transcript,
pejkhbellllimfkjjigljjbocnkmdemj,Deuce AutoRefresh,
kgabfelbdpeifcemndligpdfddhbbmfm,Squashed Merge Message,
gpnepihajljigdgpcafkcjpgopbpkjkk,LearnFaster,
kckehnjnpbmoccaigplpjcmfpokejhmh,NoteTaker,
npehcdhhiidcnhldehkoohmgaiahkefo,Телефонный справочник NUM,
lbhlinioehnnkdcndmlbnhgdenmonhnb,Gender Neutralizer,
kiiegggcednbhfjegeipfllkihlobdhn,GO-Global,
dlnlgdoiagahlbceihnpebobpjcbcdbd,Tiện ích lên đơn hàng anbaolam.vn,
fabpcpjfbjbchcdhomkcpekhlincilbn,Stay Connected - Art of Living,
bfiadjiiofoefpnhdaaahhhagdbcpjjj,OdooCRM Inbox,
epdopdipgjgiphanljkeomlihmgnhphn,The Other Side,
piipamkobcdmadkhbgikdimhlclgcgan,MyLS++,
kikkgbneijimbklikodhaclklmadbbci,Smoothix,
pdlkjdlbjjfmlfhijdbdpkilpdoncgdk,Save to folder from context menu,
klajmadebhkajkpjhaelaeocjiihfnij,楽JAN,
lgehmhknkijkhhdlhdieghagaihfkimn,Kommander,
jdadckafhliibhblifnnkkbofidpfjcd,My Position in Queue,
aijcgkcgldkomeddnlpbhdelcpfamklm,"NoIndex,NoFollow Meta Tag Checker",
pbmjicpccenkicbnlgemnajhcchjioda,THOT Protector,
ocieckfahekefmdojmkabngpkcclmecg,artcloud,
iidccgfffeecdihjbmgoedphgmeeolka,Stopwatch and Counter,
fkpoipoabekjghhplpafbpipfbofehah,NB Helper,
bokapmcogldekdjkllbkkcldjfjmeojc,SFshare - Custom Salesforce Connector,
pjkidfdlchekbnoondncddlbbmkinahe,ACRM Copilot,
alogffpadpfhmmdakdbhcfhboajcekhm,To-Do App Anonyviet,
emjnnidoomafmoahfadlekdndkjkdnoi,Super Reader FanFiction.net,
amemnncpilahdeflgpaoegclmbfghmab,Extend B-Stats!,
obhccbbobidmbaaaadgkgiacbcjgjebd,Shortcuts for Chromium,
agdfmailiceelhnajpjknfokimcokeek,ReelRemy Party: Stream with friends,
hhhlbediooifeabnlleljnbddcelmdpm,Zoom Utils,
nlnckofcfgfhlnlkokahlnokohnfloib,Proco,
pcmdclajhocfphjlgbhniglijghlmlfg,Reddit /r/showerthoughts Newtab,
pkmdjabelopohmbkdehdanmkpoobecca,AliEx Image Downloader & Editor,
akfikgmhbajiaekdbgchbmhkceclncda,YT Thumbnail Downloader,
oepadbhedpegnnijmhcobkenjhijkmal,Hacker News Reading Time,
gmkdgcbfjnhfdkcblecehjfimjlmolmj,ModularGrid Random,
idggmfecagfiaomgdonheelkaglchnpn,WhatsThis,
fcchpofenfikkjphfnbbnngemcnihfhn,memeMe,
bgeekhfckekbmmkbmoecipjcpnadhaci,Pizzarena Forever,
aaanbpflpadmmnkbnlkdehkpjhgbbehl,ぱっと保存メモ帳,
fcbmboifimeamaigebmbjnbggpjjafbj,Cricbet99 ext,
donljlliiecjcagcenoeohjmabfegkph,Flip this,
kolklnebpigejnjdnddogpomkanjpmka,SPOT Survey Blocker,
dophfdfbpjnlcdgdjhnmghollijdkmnc,Spacebar Counter,
mpmbggephbkclmjemijleiflmigmakea,Spoon manager helper for Chrome,
hlocdldhenknnoeekamppifhiheighbg,Fautz Speiseplan,
nabjhnledpbdbjmjdhcjjppcbflkpeof,LeFouBruiteur Live Notifier,
popjkfgkkpdilaomahepkcloahbnplmg,Giftly,
oobphcndhljfbmllppplinbdagpnfbjp,I-Know,
fhklnogonfmkoiamnemdcoodbjpgfdfl,looks-good-after-reading,
goamegimanchjbahibnpgkebehebpnhc,STAGE TEN Screen Sharing,
bgnbommfihgbaljebmepagfbbmdboicf,Premium Iran,
ncdahjmcejidjhmnmldoklnajjgohmpd,Faceit Friends,
bplcohkfbecijgmhipakjcefefbcbfpb,TopReviews,
okphnmjblgipbcpplapdleieficiaoee,Kiara Extension,
gbonhjnojgankpmeabgjohacpcfhjbpm,MoviesBaba,
ljiahdgiihofaeahpkplbdkjaicpkcno,Email_Finder,
bhdoamafjclkjalgmndfnpfpfpllopdh,Công cụ đặt hàng của Chuyenhang365,
pdcekngbijflmkhojadofbfnmecmhaim,Anti-vax to pro-disease,
niflkbcabljnoonhlbajmganinkplfpd,Ghosty,
kbbjgmpfbfcpdbjjpnmlblohndobdcco,Twitch HTML5,
abpaakeghokednebpeffjcjcgkhadgke,The Kotter Group,
mjcamldajgnpgjcpacomkgfhccnibldg,Laboratory,
kblmbefkfbimlifaddimbjgejgmcdakc,anyShare,
ikpilljmpfkphnnnmlpjmnebgjagieeg,Exelare Open Sourcing,
fmajmkhjmknoegfgdhpiflefolclojef,Screen Share Application,
padhecljpmdefpkhpphkjdanjbmkhgoc,Ponddy Digest – Weekly Chinese Articles,
iclnmbgdedngcclmfjpkfjljakllneij,Genesyx Game Helper,
cbocckhlohemokkpacidakhpnnpagaom,Google翻訳 英文整形,
mclehildkcbjgncpanjhilbfjdipelpi,Nunze,
cnonkgapmofblpkobcagimkjidigjpib,Passify,
libfabeekinlfiflmceioonbbgmkfcgi,SimplyVideo Screensharing Extension,
nhbnahlojlidbmglfgdgplhnbamnlknd,WebCourses 4 Auto Login,
iiaekebldphlpkgjhafcgfeocmgidmpj,Chase Amazon Search,
ebaefdpblafgialklhjkpakpjfjblnbd,Yo Bitcoin,
bffkcodidofdjjlddojbomgniebblkgf,SportsBooth Screensharing,
fjfegpobkpkdmcogjibdckigcnocedif,CUHK(SZ) & CUHK Class Schedule Exporter,
eghjmcffkdfjodehamkejhoglbapogig,Shopping Quick Scroll,
jpeanighlianefpkkinhabdlhjalibej,Anyword,
gbdmnmhblkicegjlbcdjiemdobhcdjfo,BeProfit,
eclachnndenoddpdjihhlhnmhfdmjjnb,AutoFaktura FTZ+ Plugin (WM Autodele),
gfengfepgheocmfajdhhjgkodffaemio,Daraz Tool,
mbglppdnipeddfbnlohekfgedkdoicnn,Family Movie Filter,
iadgbgpboplgmdjdnpcjhdkolaiiefjd,Colewood Disavow Helper,
emmaindehpocmjdcfgecjmnoapeepado,let me search,
mfockbbapaconnlmcnbfeioaapajopng,Gimper Online,
mhhdapogpbjjpdcojpamkdngcjogpghp,dFOX,
pgmecgbodgbbimifehibeojmehopiega,Link Counter,
hhbpkhhbmppcfmoiokiphbpmegmnhfga,Row Highlighter,
ckggcdckeejlbkikadhgofghjboplgob,Vanish AI Extension,
ikcleedhpnkajcggbaehhbpldeeogkkd,Social Lead Machine,
jafjbjofifkelkemdjpmhhpmmgdmmlpf,OnX Maps EarthLink,
lpilbaoepdcckcccgjenjolphmbekgeo,Chorinator+,
ofanakmpghafbihchhgaddmkcdkbkihk,ReviewMe!,
lkijkidklikholkieiaaapfpoajhnijm,Naver Cafe Best Post,
ncfgijbhbaheiaibgkcgaepmfjpmjcia,Phyron Demo Tool,
ipjpgfnglegpkpkeoddojccalkgmkpbb,RoundUp.ai,
keecdmdfhddgmiclpcmhgeamfaecamll,CodeTree,
ifjnfhigmpbckdhicelpjfebifbllghl,Punkass Kids!! Get Off My Browser,
incidfiopdpenddingekgkhmdnkackke,Desktop Screen Capture,
blecahjbdenphbhmgmchammlajojlakp,Discussion for Google Play Store™,
hnbfbigkanngllmmnkmmcjmefldbiodb,External Link Converter,
hephcnjbohgfnlpjephnbpocpemmhddl,HS Links,
holbpikmjepcdgpfclodjljclfnpojak,Reticle,
ocgobcogcfdgimhkmpbadjljinnkpdph,Oh No RSStv4U crashed,
mbgddfahdjkafkbokdlpkjckidbcgnfk,Adicionar Lero-lero,
edgnkjgbjpcmkafcefillmnkagjdcepd,meet.ei-link.com,
ifgdeokhnfkbgdocafpokgdnnfbnbbok,Larry Filter for Twitter,
jjhaapnocionkfnjmmobikjdeakeebpc,Ecu Edit Extension,
peegjieaifjdjchmgjjeojjfcomfhign,Toolbox Travian,
mmlnmnondplegpechcdicboeecegkffn,Airbnb Listing Compare App,
negciknliikcmfcgegchjoemdmllgack,cnki 科研助手,
mbbaankfjcjbgkdkdckefageohpgidog,FbBlokr,
hheaegmmfmdkbaakapikmfghcfeehcmo,Random Input,
gpcddccmdcalkmfjicallifmnddihkgp,智淘_复制宝贝,
hgabbjfneihcmbbcnbnfdnfdcbpodnhp,Signature,
ppoobnoipkllpmpnnldhpghefjhiinoh,Cageify,
diebikgmpmeppiilkaijjbdgciafajmg,Emmet LiveStyle,
fjebcodhehjcnnckiageenbifhkboioj,Meet Chat Viewer: Notificar chat Google Meet,
ehnlgmgdeiniedehbamagbfbljmhekdm,Gameminer.net Autojoin Bot,
lfphjcfkgaiiojhbippbghhdikoibedi,Find Korea from Dropdowns,
imelpkmhjnlcnhnfaakmdmbfaaoofdgk,Aesthetic Motivation Extension by MeliiZa,
pjhdailganojmpdidndmdjidjcgahmgh,Tetr Emote List,
gocgbnckcebedcielkcikcjbmgejaknb,Clipmate media files saver,
plgkaedealnnbkngbdgiilehecfbaklm,Improved History,
jingalbegnecipdojldjeeincnpdhonm,Pje+C,
dakkgfoefikgfelhkipieldndpaomddd,LKfonts,
dmihmacgmljciebmenpanbfkllboajkl,Runneth,
mejfljhfeahhhicjefeehikaooffggmf,Classic Retweet,
ljdhjpmbnkbengahefamnhmegbdifhlb,My Style,
mpbfbagkldpnghllbalpppagdheiopcb,Reddit Redirector,
oficfgdfeoknbjfhommlpiekdapmnebh,Live On,
nneaoajfnffjmflnhmngcmobbfcefnba,Medic On Demand - screen sharing,
fiijncnagchpgghldoelhknhelgbakan,Generate CPR,
hljbdckdcaembijljeijodimhelaphll,ChromeShelf,
gbgefaaedcfbdedbamiicioofngkgnlb,Draggable Player Area by Eric,
pkbpddppnkjmlbgliipgmhjeialadokj,WebSocket Server Test,
bmemoakjblaajdlfbgmlplpbddjpjecc,Control Panel Login,
njmjiiojeneaocghjckmglnggecpfmpg,Subadub for twoseven.xyz,
nadpgpdlmalcbdlanmjcegjoabdkekmf,Reiki Dojo Croatia,
dbooiaehffjgamioblkbhjepjajejeag,Cisco Security for Chromebook - Dev,
leniedonafebbkeogmeigpagcfeeleio,THE BULLSHIT BUTTON,
ijemamfialppfhkgdjggaikmbjejobaa,Copia Nota,
nkfibacdfkbihliababbmmlhapnndmda,What's that mountain,
ngbbodgaoggbhglmpdlkbgafhniakboa,BaitRadar,
gcciplpdnddimongoimloaabpincoloc,CodezTech Launcher,
lbbnflmcjoiccbnphomocoiomkcaohlb,Asset Search,
aelbbfcpamecnjckdkkahhafeflfihdc,TMview Quick Check,
pgcjkbchebhidlgpnekdnomnadjnmmgm,CB Writer,
bjkkgiokpelbekeldjbjfklkjhfdbjgk,DomainFlag,
jbhmbnnjnblofofeegonlonfpgbieagd,Mindful Extension,
kcojbcejpenmkppahepfhdnnmfdohhdb,buymaOrder,
jgjbkbfgimonbbgbcinofcahnjlnicff,lazy_yandex_music_developers,
jmkfbghghbfilijgakphfjmlamedbhhl,Frogstension,
nemddiighkfffpgoegbcbhajofobpkep,Habitus,
kbjbpcegpnjlinplpkkffdiebdddkpdo,Custom Scrollbars,
hlblemoeejhimmggbhheapknebnlhhnb,My Personal Notepad,
fefhbndhjbpfggfackdcgdiikdpbgomn,Tic-Tac-Toe,
lfjdpgbhohpnbcobhiejhkflppbdhcnp,Chromium Review Tool,
dbjnipefhkdkfnjjffcboiipeopigclo,Saleo,
nmaminhfnpbhhanhkkjggigepepffljb,remindMe later,
aedgoefpkibhaiigkbjjgccgncldoice,Alice Keeler SlideShot,
ejfgcoabhgdgaafjeindjmegacbklcin,ColorFish 🐠 Color Picker,
ijepoopnmhdclmamigdibjmdpmdmmmfe,Omnibox Twitter,
fpblaokgdpfincfmfngampgfamajcphi,Last Tweet Date,
mnidnnmlledadkjajgchmhmmnilncdfk,Avocardo,
plpngdlpkpapinbbheohgcgpikiepfge,Dark-Themed Chrome File Explorer,
jgoelkpjdglenbpmeefjphnfmmgkedfj,Mock the Vote,
iphijkpimanklcdijdfoadecdeglfikl,Skia Buildbot Monitor,
ggnblkcmkokilofcdfjpkeoebmlpggac,Five Nights at Freddy's,
abkidbifhkchpcflnhfnligddnhjjjeg,google-search-result-formatter,
hbemiififohjapjghhnhogghbbkllffl,Seize The Day Action Planner,
lnpcolgkdbhilcikjmclfoabcpiadpcj,Mimimi all web,
gpnbegpiaoneelnlppjakfglabokigoo,EM Pro Tools,
ldogpfnclikbmghanjihlechbngpoofe,One More Todo List,
dgngdndfoepijbjffjmleionchodilpf,Fire Sauce TV,
pmjnmockoldbadnfeaddafgjiopknkdj,XKCD Substitutions - COMPLETE,
nhiannhalledfohikpmbclkalcknilcg,Hyliter,
fbafckloaekfiondldajjjffkampjokf,KlavoTools Kango,
jfhohpnecbpdjdfgelfliincelabpcib,VK Text Reverse,
gljobjgjdhmficpapgmobajjdjaflbcj,Bill Hicks Quotes,
afpkdmlkmbohokejhkooafjjafaipnap,El bromercio chrome extension,
geclbbfhndfjcgghimioopopfhilncda,Reward eShop plug-in,
lophbplfkejkpndhjfmfhjmlmehfmbng,GPA,
negcnjbebkllkhdjoojlbdijhcaghgin,Mykundenservice.com,
mdhlknpfdmgcobmlbkabgffkdckgbgjb,DDNS Client For NameCheap,
jmfmokfnbggmoakgpccfkhnacbjmboio,Tabmap,
bfeabegodlanlchpijhpjhaklommbhfe,anti-phishing,
hjieiomebbkmkokbeffgiglicbkhapoo,Modern Digital Signage — Pixelart Player,
ghcaljdhebacmafedfoojdhdnefmdpmn,Answer Copy Calculator,
imklnjmnoabnopdonkpakaghodoeolld,DemandZen Contact Retriever,
fpdehenmbphoijfollkningldmdfilim,Glance Networks,
kileddibikllndemimhgkknmeeglhlob,Todo List,
jbgmliljebhojiimfpolmoeplgkefclm,TEMIR HRM Assistant,
gekdgheakgjdkikhmomomgnjokjhijjb,Salesforce Lightning to Classic,
anpeogcpdefhoeafiapjlbgjpaegoaoo,Youtube Spauser,
ckgpjgmdfgheojokphgdiohinmeciakf,youtube_chat_pinner,
bgcncelakilpgcbpddbfnckhlghmpdpb,EZReader,
gjeknfojpjealpdkemplipfhmmikolii,Habitica Search Clearer,
inglfcnookfealpmioedfnhoafkmkbhn,Sploot Extension,
jphfmfbdedghfhhjijaogeloiehomfni,Web2Native Bridge emulator,
beejcfphifdejmaghhhbegoiiokgknfo,Find That Tab,
fihjfcnfoimfdlgfcigmpcjkeflladfl,TODO,
oodhhmadhpeklbkbkankhjjkpnfompgc,Among Us Wallpapers New Tab,
khknngacdoebgckhlfjalboakomkpndm,Change Site To WCAG High Contrast,
pghinhafmfkegplogdjljibiflnhlafg,Bookmark Remark,
kaieohnnclhainkmbgkiobpecldjlphc,Note Everything (Beta),
kbahabhfomcpjcdmlegedkbgddhmgnmk,"Те, Кто Успели",
fgocmfccdbifkndobljabenondbiilof,Jump the Rockets,
jeiiokmlakmkkdkoenhffpnmbajippge,公主代付小幫手,
klgacinhofiibjdkiehbfconajbkkgic,HiConversion Extension,
nkpnepcgnkcblkehfbieghfplnafmckb,GoToubun Subreddit Styler,
dadpodfjbdninjcljagiccmbhhdldgao,Fox Forum Helper Beta,
mjpkjnknmdnceobfgpecgcgibnojhiab,Trump Block,
mbbmgafocgogdobkgojhedbpagibiklc,DOTA 2 Stat Switcher,
lbadkacchmcnkjfakibfhhohljfdnbkn,爱爷游戏的扩展,
flhbeabcinhdnpbmapigmippphgfinga,New Tab Page for Trello,
pkcckhopgadkfiihpdinpkjhgobnjpma,WWF Panda Search,
imfclobohmnejnoflbooenagjbekgphh,Tenko-Tori,
jpieelkeidbhenlimodpcacklibpekln,Trump Reminders,
jmannejmocekgjmodglhplclhcjnmodn,Dinosaur Game Night version,
ncafadljibopomaadmjbehndjijfcopo,Helpers.work,
ljelghodcnccegncomkbfpkacbkagecf,Ecustsd signature on website,
ibpdjihnoibgomfkimgbhfkmecbdndje,StackMind.AI - Intelligent ChatGPT History Organizer & Search,
pniofgipkoogpgincjecpplpdhoakbhd,red orchid cactus wallpaper,
caklnpbfllfacfiogmmdcnaoaofpdhaa,Coursera Video Captions,
kohedmkeahkfbjcbcogjpoliboldaeda,Cenamatic,
infolkakifickpdmjgcggmhklgkkbpid,Imperial eJournals for Chrome,
khcenbpnhbeplojhaolbpldmoppicold,Tree Style History,
fgeepfdoajkngokpfdocbogjbcjbbjgp,Domain Forumlari,
nbnocjjjcabknnadklnobhnlnlbgcfnj,节假日日历,
ogekfeglnnokbeehfnilhbgfponmjmlo,"Support for the ""blink"" tag",
cbjdaggeapjmojocbjgbpbengncjpcic,Affect Filter,
obkmfcjddkoocaplmjkkehhbcoacplmj,TirauraOekakiAddon,
npommjglaanmblhmmoblaclcbkdpffko,Midi Health Clinician Assistant,
mojnmhcekdpbcciebnjdjajnnpbafbjm,L'Oasis 139,
pdhglmnoadkhiboabiajojcaidikpnfl,Comment Cleaner for Facebook™,
ijpoimfelikefjledmkmjagedndgccda,Basecamp Improvements,
mddafibghdbhfheggnifgloplohoicbk,SmartGWT Developer Console,
nljkllekebobfcalojpihljklmpkbdij,Newerth Servers,
jaimlomiojjmdhipacahmpnfefpbbeig,TLmanaGer,
inlphfnbcepbaogelcdakmekbckgaofo,NetflixProxy,
iiaadipohcenaagngllohhjehohdcehp,New Tab Apps,
hjfidodgpaocpiliegpplghoobenilcj,The Verge Mini,
fmbiminakmgaaglnogaemeighbdoolmi,Hub,
pbdgamicahklofpiacopniolflccljhg,dll.im 短网址生成|二维码生成,
iphobhalielbooelfkjgoecifdfokogm,TVQuickShow,
kfhabohagpkmkmfbeffaaihlnjhfcnpj,GoFastCall,
pmfchpaiilbighoamadefbidbnlhgcfp,kd global,
opncgkgpjjbcalppcbjgmhdabmhnkbfd,IChapp,
fceankoalphgakeplaphillmcgmdeckc,Web Page Annotator,
jhlgahbjffmkpnmhfjgmopdogpdbchfc,MediaTek Toolkit,
nghndfiaocgpmcbeafglhknklfgddebe,Google Calendar Scroll Disabler,
dhilgiccnfcdipikddkegbpphmnobpnn,new tab links,
bahiheklpgbopgmingbkhglekcldkecg,Tiblar Greentext,
fkgebaegmcnelkblomidkpodmbjemndg,Hell Rabbits Live,
ljooahnmjphoelfcjecohjmjhifcdemb,Subspce,
begfocfoplhcgcgoanehfhhegfhflfbp,Compartir escritorio Videoconferencia.online,
mflfpckbfebjcfngomggjdkkgmojomoj,任意门Lite,
pnhcklacellfncndpbedjbdbmligjfcn,HappyPath,
pjlakaelpgbdkfmjgcmmjmnlfpecgaki,不來梅短網址,
obbhbiljgjpeoeijlnbnnmkajgiaggnc,X_ITE,
apbckjfldaonennodlaigjafkkfhfapp,DOC Converter,
anjboclfbcaeoblfhlgamgihdbdjijlj,ZAP Express,
ojdhpiapiiphnknbbgddcfnlagfgpjnp,Google Meet Mute Toggler,
afjoigbfhfpncofjdpkgkofijgmecpha,FlashCards,
hedbkglijkagopkdbnhakcchagnepefl,Awesometalk for Business,
gegkjdmjoolcbngagnekecgpkdgiihii,Покупки59.РФ,
cblbbikodhoplndgnmefnbeolnhnbbkf,Zendesk Alerts,
iikebejemfnipagihijgdgddbcbghifh,Remove Troll Quirks,
pbpfncipceagadjjnfjbgieknpagokpi,Rozu Video,
pacodmbkcmiokmgnhmonbkalpakbegpk,Cryptocurrency explorer,
fgofjchpfnbjgipmccdlbjffkcgohjej,11bis,
dlckklnbefkepkjemodnlbjokaimbedb,Picasso - New Tab Page,
hoijhdloilmokgoenciedbokagejpdam,Merch Search For,
ionanhncopjcanccbalccdjjffajaedi,Brightery Twitter Bot,
fmgamnjfcnkcpfbbgifncejeplbpoebg,Weh Inspector,
hkddpeghpgmgmonmmkpjfhnaihagjiki,Tone/ly,
hiebaljcpdhijhkadjdaiijkjmnbcjho,RecruiterZapper,
jfkjkkepblkmhhcofkdkgjekligghpkp,SA Emotes for Facebook and Twitter,
knfmilnanlejokgnpfcebfaakdmmhpko,Make PogChamp Great Again,
ljfabpoffmgadjjfokkemmnamloihbco,feedly shortcuts,
almlkcipiaahebeekamanodcnlciikea,Softphone Alert,
gmabelidioeoenafpihbilfbgonhjcpf,微博自动爬楼,
ckdomikkinngpfpodjjannnbojbembhj,Battletag for Battlelog™,
namcdcihkaoleboofphdhjnjgflmlnod,Quranic-Net Element,
gpghjpgahmbnajfheckemjnbjkkacjoe,2stocks Webinars Deskshare Extension,
alffknfjjhplkjmpdonomjpoldjiobnn,Gitshots on Github,
pjpihpogiidfbgdbmkmmhileaijeakan,GitLab Web Debugger,
cffhcidaacfnglcaaegjfbbcccgappfb,FIFA 18 FB,
gnlbmdhhjonaldcdfiieaakfhhgamehl,Reagent Info (Одноклассники),
nhaommnkcfogjlhlphdfaejnnpepepeb,HappyGet 2 for QTS 4,
mnfgfiahbejbkckglcppdnjjnecgncgo,PromptPath,
jgkeahcgamgaaokdnllfgmbnkhhodkml,The Butterfly Effect - Lite,
bieghfndedbhilnbegdkjmienfmngjfb,roll20extension,
odjijndndebejodmefcnlabdikdhcldf,LinkedIn Profile Mode,
ohciamgkcmonnkjjmbcioljgifddbcga,OCC Debugger,
moodhejnmooapdadpnihfoimojaonihm,FPESA Notification Service,
migdeedihinjhphdkgchddhpcmfdfbfb,Dad Jokes For You,
eopjamdnofihpioajgfdikhhbobonhbb,网易有道翻译,
kbndmginnhajgnjcncdepimedpgielff,XKCD New Tab,
dkabnplfedapdgcghepkpehlhnncbfkm,Meme That News,
okceekbljckdpicamokjiadmgiklohfj,TempoNote,
hpkhacfiekoehbifbdilapdkcfbjeaid,Split Online,
nfelkghoppdamcmhdggnpcgkfnnbddma,Tisoware Clock in/out,
flagnkejdjdacdnaklmhkodbnjgkofph,TeamCity Playlist,
odplillgomblmjnnjcomgakhjbmbjcep,FoodSpace,
kdmehhpdjfbfleemcokmapfijbimmjgm,Prince Software And Solutions,
ojibodgofbgimjfhapealdllclagbejh,COVID-19 Reporter,
hmkhgjleffdghpoedkphieambpfcilio,getty toolbar changes for iStock contributors,
oojclknofkaanfacdbdknfogiakgfalg,Tabs Collage,
ejhndbdoebjedcihefhdmgldkbnlcbdp,KeenyRange,
jbbfjepmodndibhhmpjjcakjhibacgho,Media Key Sharer,
hemgkbfmploojfhljdcpbloffgkfamlb,AudibleHero for Audible,
ejjfgahdiphopekkdkkkapolodefpenn,Focus YouTube: Remove the recommendations,
imkkdabijgkodinlhgncdfmghdcdacmg,Die2Nite Enhancer,
jknifhpffikggickgalmbhedfaognbii,OpenTabs,
agddlcilhjaiekablhdnaojfagkpnnjg,Mailcastr - Email tracker for free.,
mkfndjjcdgdlgnpocgljgcembjpaoekj,Clean News,
fgbgocjffecmdoafgkachonmggoannjb,Supp,
ademcdacngafppceeajjbhagmmaphgdi,2ch-caster,
lgabpdaeilfnceejbenaadbjifbiffbd,Zinstant,
jngakadallbjaegilbficfnbjgiekhkk,CozoraScreenSharing,
nagickomfedojgpcnndmbomkdgiidmlj,Sapia.ai Extension (Beta),
nphihgndmlbjaenficpnlmaoalpcgioi,Hue Notifier for Hadoop,
nmcploolhdjnilphpifheagcogmojdpd,JSView,
dicnjlkhklnelajinhppahiffonojnig,Wald AI Security,
gbcbngphmgnfomcmkligahdgcnacgjog,PS Tunnel ~ Browser Extension,
ogimbgbaldleieilnofjeienjondgmfn,Performance Planner Analyzer,
klaiijdkfghcdapikgmpljmbkhpgalkl,YT Light Switch,
pkepkgjchpahghcfdmdokoonapagblem,GitHub Remarks,
hbffamghdehohidgmlnohhgkmgemplhc,Steemhunt,
mapimlkdaecmhlhapakmonjdlpiejbeh,HW info,
hmfohlbcdiknndndakmejahobcghefcj,Cashback,
mjhfenemkgacendijoamgpioaafdkbjf,How many GiB used on huawei 4G box,
nljjleggilfdkefokapecmngghmobfjh,HealthTag,
emdcakjipggfjalbfdlcdfblkljpmfki,iOSS CoPilot,
bkhonkbidgpbiiocpcmakmheigldfkdj,Excavator launcher,
hclflnemjmbjnohglfdbmmlmlbpemaij,Just do it!,
dkaigpgifndhkfccncaajmmkolmmikli,Blow Hint,
fmgbiideakflpndelgkidpmldoehonnm,TabLog: Tab and Window Productivity Manager,
gbgjaofajpfgmglnealiconpgefkhmoo,Basecamp To-Do Duplicator,
mfikcokdfehaofebfhoehbajfgbofdpk,Mapbox Vector Tiles,
ckjpjogecpcibagiggbejclbihmochpn,LGTM for Github,
njhojiojdfelbbljmcknhcnpllcjdkli,Inspector de Elementos,
lanahpmblpfiibgemfjmjbehnbkfjofi,Prayagraj Text replacement,
bigidmbjjiedgdepflglbchlceiiomlo,Unlikeable,
nmccodebdamfpfjblhopbblcbehldcck,unsmoother,
lllhkijapbmlekoldcoohglpihmcjdgj,Server IP,
ogagocolmbldodofjddhoclnbekeefne,Simple Calculator,
ihnhlbapembmhagkkoipbodjifielean,Hentley,
cdemlnndglgohepfjnndbghhcomicgnb,Ultisend,
ajkajplhpfhghdbhpapcoomlcbdgahfd,Oschina Favorite Sync,
kidigdfjdfgmadpnemkfnbbjhdggdgph,FlatWeb,
ghniladkapjacfajiooekgkfopkjblpn,Bukubrow,
ljjgadmlbbmcmbmgapjjklbnlliedefc,Knolist Chrome Extension,
pmhfbelbjofadmfjpggaemekecfgpalg,Microsoft Bing Homepage & News,
jfchnphgogjhineanplmfkofljiagjfb,Downloads,
hidmifbkbnjidnpjofmbpbandgkkbejg,Group Add Tag,
ibiamkipmkkignmechblpbdahngkjpam,Better500px,
eachmpbcaoeffcmbeokmafkgdaffedpi,MagicNumbers,
eokbemickongbblekfefmfkcihpamnii,GitHub Copy,
cmihcgdapcmampcgliabplhjopgfonii,QRUrl,
knganpdmgfipilnepdjfonnlhcfgnlmc,TOTO-13 helper,
ocopnmamhldgfhkjepfagpcgmbnhhdal,Tactical Exposure - Update Latest Blog,
mgjhboffdncjecchhfkbnpkbolhnnmap,RB Desktop Streamer,
dphamlpjikbcgkhmclpdgceofplmoonm,CEREFINE | New Tab,
aicmnalgbohpjjocjcdmgdolbliahcjj,Internet Marketing Deals and Discount Coupons,
omdknmokhdhpbciifdcbobijfpjnahgl,Thatflix - Community for Netflix,
jmjgdfollcmomdjljhjkcenehcgbiogm,YouTube Timestamps to Playlist,
bhgkffnlmkkimfbomibamhgoaecelckc,KIDS MODE,
aklgphppnaannfmmijfggcckafbkbihi,Twitch Channel Points Auto Redeem,
meghldmooffcmhnaifecebgeeaemkjle,Toggl To Manager.io,
ejgkinembcbakgnmlejjcajkefnddlin,KBBI,
deammnpnlbcpgpmbkcojdenfbmncjpac,Copy title,
bkegjcmidjgnmjbeninfbhoaelblpgic,Plain Text Linker,
ienephhenhijhhfadgobajpepoipobfc,Pivotal Tracker Story Number Mask,
idggegmnaibibpgknbmlcmdigdbpnpbp,Toolmark - A Bookmark manager for tools,
kmickmhkjdjhhehdfehhbhfalalajjng,IMDb for Torrentz,
pigkacakkilmgbkoelcdacjhgkehhccm,Pawmodoro Timer,
ombhmkjlfmgmehkgkpbabldhihlmjkgb,HapsoLutelly,
mgjnfpdkolomcdfcfgmdkanbdmbpbekb,Duplazy,
cokojpejpecocaccoahecdpideligpgh,IMI Screen Sharing,
ojnijeelknkboepginhdnepplmfjhppl,Audio Equalizer,
cllbcjjaobbeplenbfhlpnhcmhfehgep,HistoryTree,
hfnfdaaagjghkojkicihmochhdnhijen,Hyperledger Fabric Quick Launcher,
hdeokdmicimliiahlghdgnbhfipebcmf,Rebajas Amazon,
fhlbnkpnhlilchkcijopagllblhpggai,WakeUp Me,
gnolmicnninaipcopkblicecdeepifme,SEAO Automatisé,
mfhepbgkodlddcnlleipeddpdneapabj,Đèn năng lượng mặt trời chỉnh độ sáng,
hmhdchlgkaelnphlklcdddpigfiblbhb,Tada Extension,
fkmojdpmdmdmeohmebiejjclmegkalli,Salesforce Marketing Cloud Extension,
jpgoefbglglhnondmghkbblbkgncokhf,生きた絵文字,
jefljfijjdkelmbagjilegbiemgkjmah,Следи Пратки (Sledi Pratki),
lieaegbbfeljomghhccianjcfjdfjpai,VK wall cleaner,
imhhnehiopfkoogocbgihgepdkedbcfi,Beatnik,
ejofklmfaddnolnagbohbdjclcejelbi,Lenny Faces Chrome Extension,
calfneijepnjpbceddomabgkliplpapn,Shooting Sicovem,
mienaogfjihpcafkcpghjgalmfpoilia,Free QR-Code Generator,
ehfogconngjcielhngfamnbdgfomlimb,Two Steps Forward: A New Tab To Do List,
jblhcglpbfhcnmilihbkjbgpkkhifgei,Prayer That Works: Text Replacement,
iikpjgfbnnjkndoeclapbghkbmhggdpg,Close other tabs,
njfbamejflimjphfaemanngkbfhifbbn,Command Finder,
enanfencmjgdciihnaljbkdcboliofdo,GMeet Auto Lookup,
mbigoenlkbemdkkjhdpmcbkejihhjbnh,YouTube Scrubbing Rate Controller,
iljjenghdkelgjcolpijbmljfiejjphn,Wordzen for Gmail,
modeppgkmcnljacnelpgbfcmeilomocj,Lazy Eye Reader,
oificcdbanageckeddkhmkoebgomhbmi,Fashion Colour Match,
kmacmdooodjocenomhjgoocjoihmdknc,RUSSIANEASY view Russian web in Latin letters,
cclblcpihmdfkcipeaficngmdihndfmj,Dark Skin for the tech game™,
hbiakhjegegifpajfgnobkljicbedhcd,LockPW,
docpeacmdmpmhhnaignlcbmkkfdofmgi,Coursera Multiple Subtitles,
fimgkmekgmlbhpbmbjemfjlmdclpaeal,NY Times via AADL,
ebnpoaaghgihccdchcjbjkoiiiddjcfg,Freelancer.com Jobs Search RSS,
kcgldkebiaephahnedlmfkebkeijboab,Fuzzy Filter,
ndckcpbolbioaahljlkjpoodmhmmojhc,Trollscan,
iaiocnohmlmpebgminjbfadfaalfbbai,Project Conquerors & Vous,
cmghhjbnnflaafhofciooojpoepamamj,Moodle ID Filler,
ialgefhfgeimkoljfgffabdkldlnpagd,Flaiderp.tv,
hjiakddeppmjoefbcaonbppcinehoffn,Immigration DNA Testing New York,
lacpphnhgffoechinofedikogigcpekh,Yada,
flbcldampnlijghdaijjflemgffooimm,Tabs Later,
aamdbafophajiecmhbnbakndfgjkfpce,CrowdWorkers,
njbffmpcpkbmpoffiejjpbemfbpgdbak,Keyakizaka46 YouTube Extension,
lmngdaaglnmigfdaoggdipngloccbnoh,WaniKani: Context Sentence Flash Cards,
ljfdnijmhoidniafkdkoakhkeikdbnep,Shutup Button,
keobkeaihgkidbpfjojklhjjlfjgaejp,Add to Google Bookmarks (context menu),
mkcjnnikmjpffddmjgmphcijkbdlnhfd,mnml new tab,
mbilignobkifnhohpkiahkmmochlfpah,Snake Blocker,
ldgkpmkjpldnhnhjfbeafffcdlkcifcg,Amazon Tidy - A Cleaner Amazon,
fcfbmocmhpgoddgmbnicnefbogkcajef,京牛对账插件,
kdipbnfhllkcbponjbgmcdbgpdlaifcg,DoubleTube,
mknfolfjmjdlcjncfpfdnfnnhhchifaa,Cogger,
obacdfnaklkjhjdijidhdmchhecpiphb,ISCA Anti-Semitism Reporter,
mmmnkbbceakbidnnajbnbcfdmalcfcal,RedditBooru,
npjhpkhnhdkcglekeailemkebeceigka,+1 link Extension,
oepcdonebemhhbmjloolcbcjmhlcfmod,Switch NYT between web and mobile,
epgnobcgnmchnhgkgpedebbmhbblfcob,Prettier Lichess,
aoampkabohcjpdihdcpdgabenggcfehj,Ness - scan document,
ggjegkpgeoncnnkodefmpajiompilapd,BitFlyer Orderbook by aiduudia,
nfokiacfbfiibpgbpllkaeneohpcdknl,Moodle Fixer,
pnobpdkmohpodagdpjdmebniclobeccc,Mod SGI Salvage,
nacjhadbbpbmfhkomndlalihcfchhfjc,No smoking Airbnb,
mofibfpfhdmamlelhoabjckdkpdhnbnm,Hacker News,
ppppahbmgjnmiioildpbclepjmfcbggo,Search Highlight,
lbkhapggekoodkgnlhmpidbmcmmamhmb,SportyBruh - Amazon Price Tracker,
eocompbffkacmofflnhgldaihlaebhoa,Echo,
dficejdpbifjefipjlhimblngndocnph,jirahelper,
ipjkmdfealmjcgeklfbpnjnejhdofnma,Twitter social tooolkit,
pfpchkdlfkmdflpfkmfimnljnfeohbml,CR LinkedIn Automatic Message Sender,
epkcbbpjbpdefbclninghbadlbkdkpkg,Birdie,
pkbdojddadoogfnjcblknggopgcbdnhn,Youtube Zero Annotations,
fnjpomkbleoheneikbmoiaiodmnbkibb,Taplytics,
khineeknpnogfcholchjihimhofilcfp,Local Memory Project,
hiohikggdjlojnlhbkahkkeggklamphf,Search Term Marker,
hjogelpnbdghffjcieeihhplflgalioe,掘り出しもんサーチボタン,
pkookonaoajageocccieapneiplaaanp,Teitak,
dlhkmkkanaoccmlkgeicfppikalelnaj,socialMedia Traveller,
hpnkdhdhojgaejcfbljfejpmlnjconnb,Profes,
hleifpgbhiladknmecmkpgbgfmlnjhoh,Read Later,
fafnibnpfejgmleffgpnddkboddbipgm,Quire,
dpnfbehbbngchomnngkdjopcnjhhlmep,JIRA - Open external links in a new tab,
jafkfcddjbcfdjnogbhogflaagohdohf,Html2Book,
anicnllbmigahjhkajnbjanfjdlofcof,CFCA CryptoKit.csgmall Extension,
hcbdfbbdfflnaeplppollmejpaenfkin,Youtube multi tab search,
jakffddleodaemnfbbahpigjndfldnnc,BotKZ Live,
ehokpnohgdjmmllloldfffpoecgmmcgc,SIS Helper,
goaokdddopmnnjgfhhbbhgoilaaijmaj,Immo-Notes,
egkmfmdgojodepheneemanpmhdgebjjd,SorareTools,
jdakbaajckankfaadpapgnnlealoigaj,Movie Finder,
dcfidcgfeeagmcfifhmaiicljbdiegbm,meet.onat.edu.ua,
ahcabmnbhifepacfihgbbigipnjoipjl,EuroShare,
adghhgkpcaioipapmgfopnekjpnabecb,Geordify,
khoppgkppdngpljlpaaddejhppkjnban,Redhat Search Assistant,
lplekocfhhdadellpmilcaobpmlkgdde,Word and Page Count for Google Docs,
cgbnndhamaehfagjjfnofgnhmhljfcln,Gas Grill Hub - Latest News Update,
fkannmeocmmhlkdhmmfkmbjanjickbnl,OpenU delete crap info,
pmolhkonbppmihdpjmgclnclfppjndom,WorkFlowy Clipper,
obfiaegcnkjlkphniahbokcljiddiidc,Favlink,
dompoccllcaliphengbfbjihlnjnohae,Temer Golpista,
iclhpbjkidiaoklhdeiohlhiapoikbcf,bumble4me,
boohhlbipnjcfijdhiaagiomalbfacdh,Snap Video Controller,
defnjhfadlciopemdaokkbjpelljckpi,RJGM PowerBuild,
gghaldlmgjedmnbjaimplpdpmpnbbkdc,Firebase Auth in Chrome Extension Sample,
aiiaoeidafjmbmncceigjjbhoopljehf,WebStream WebRTC Screen Capture,
kfhbojnnbaefnlalnjloocpkmnpabjod,Dealmoon 北美省钱 RSS 推送,
ocohmdjfaoempplhffbnfelcookkajmd,grumpify,
decehbilpgknnlnkbgkcggjbgjbphljb,Can I Use,
jahikodpmkaiiecegfmgeliocpengcml,*Collect*,
jckpglhnbjcdnjkdpijjlhhadhphondf,kPoint Screen Capture Assistant,
codhkppmaiogifohnenadkhgfknebede,CONNECTIX Desktop sharing,
ioocopmkmnndpmigdcfmkdgpkpefnkkn,Home Air Wiki - Latest News Update,
lnfnmcgdbfjenenkmcioobpcgjplbieg,Reflix,
acfjibngajioenhoaodeinmejahmamho,BWList,
pbcnmblmklgklkdkimofpjjjomaaceed,Shop in BTC,
kdfkgbamfloddnfeobddpglmpnefkdjk,Elearning Ehou ext web2.0,
kmgjgnkielgdbpodeihfkdonficehajm,Make Kanban boards more scanable,
dfkeeojfbmlgfgakfkfglidndlokadic,Cool Socrates,
pfjnmdbbglmeedegjfldcnlpnfahilef,pairs premium,
bdlmplknmdmmekdindcbnffaohhcpjfc,Scrapinghub to Command Line,
gboiagojhgfomjaahlbhadkgndcbimgd,Explicitr,
fniphkhigniidpeeogcnmhgcnhfnajbo,Lepšia očkovacia registrácia,
dliblbmghmiciihcambmgbfgpooplkmj,Rakuten merchandising extension,
iiacjfkjpjmnapncgppmjijgmjlgldha,Vajehyab,
fkoanpnbdofolodbnfgiigppacpkfmgb,售后宝环境切换小助手,
edhnoodpplcedbalpigcmgojicolfdbg,smartZoom,
jkglakbobakoconkmkdogojoacoaeeam,企画くん,
labpecbpdmienkbfjplaoelbdgkbpbho,二维码QRcode,
olcigjikeingmohficilmkpcjiibkodk,Restdoc Browser Extension,
lkfkidfbenipdkmnngmdjfnmkhekinlm,Beast Drop,
ogphkfonbmkpklolpjeccnemijpaempn,UBINER,
bkkajlepfjjadfhahhmbhpondcmddcie,Search Privately,
aokfjofcdfchkampnjebpajjmchokaii,Power Tools Wiki - Blog News Update,
gljjpclbcjgfmjadblnlhdfidlchbkno,webosu!preview,
ihaafmkncpajmpnhbbcnhiammmepjlkd,Twitter Quick Blocker,
lgbjgkagaihamajlogajfhonaklbelkl,Beppify,
odciinkioeagogcogbpelccibomlenhl,Dark Horse downloader,
bacebgmhldoedeobhcfpkiamifkggpcb,Obisis Gano Calculator,
acpgjmjldamjjinpkchgnimfcdilcilb,autoFill,
efifhfcjmhjnoeelhboolebndfkffjon,Mxp,
bhpfhknmncbaalkndliahjmghdpdgedd,Open Source Contribution Trigger,
hhddbheipffnedlmnefnkjeplkgbajij,XToys,
dmkmcfbncloddcinfdifpendjfddnmop,XCast Labs Screensharing,
lcaifgpakmekhcapoeghkbidbhjnaomk,SEOClerks Alert Notifications,
cmballfcidacmmjjoabfhbmdcehdiiok,Show Me Downloads,
kinpmamlamjlpopjchmamndpnckjkkba,Garantme VO Helper,
napjkgbigbaahmgapkadjfhffagmhhmi,recopick demo for hani,
opcpaplcokkljidmofjoanhpppdekahe,Valoreazioni.com - Borsa Italiana,
kjaijlienhcnoaaghdpmkflogmkhmeng,TabTopper,
dnaadcedokipbckjmkfibiapahdokjgk,Passketch,
aiclakakddgicleahdjdoebaomldhiga,Productive.ly,
kacdckgmbkcgoffaopajcdaghpbgkbdk,Vktrolls,
eemiegbnmakdnebkpnfdlpjagoojnmkc,BrickBuyer,
dmoogfgibbljacipjmkfdgmgcfdmmgmc,Pulp Quotes,
plalgghfenhnglifinifnnhnacnlmnpa,Smart File Converter,
nhelfegoaeheibigdihhfohpanicniig,OpenCase AMZ By SellerDashboard.ai,
oiabgomphebmcdglaoppphombggcdbpg,Slinky,
mcdomdjmmhkcdhejlgfjmnljkkedogln,Ad Density - Measure In a Single Click,
ldhbihjmhegcgcheedbpppkhoahkplje,豆瓣小组图片批量上传插件,
afjifanaibbcelmkkobefdliemgofbjg,Clean Feedly,
iijihdhfehaeckjpkfebcmmnmejaoaef,AET - Advanced Editor's Tool,
denhpihaldkjjglmmcphigeoengailko,PDSB BYOD Avatar Remover Lite,
fonhjbpoimjmgfgbboichngpjlmilbmk,Memrise Audio Uploader,
ljieamjpdgfblngkpnejoplgdolnjlho,ShrinkWrap,
oeacpimkbibkkpfnieemfkindikbgboa,Meine Schwangerschaftswoche,
bpebnkkgaihjdelcgpmopcnkddinoggg,BuildTeam - Notifier,
pimalalkfhkmnlhoapdlhilkghboiimc,Frame,
lgcakfimpplkkfogpnglopbooheigama,Readable Walls of Text,
jjngiepgcmippleagconedjfenogjiij,Comcbt Plus,
amleackadkomdccpbfginhnecfhhognj,Fd Cypress Recorder,
pakadhboejicipdghijdbiacpbaifadb,Flash Telecom click2call,
hoppidldjeoaongdlmhhncpogllopila,URL To QR Generator,
aldilnpghkandlmfcooiahjmcknjojhg,swtch,
akngncmebaenfdgfbmommpnonpidhaod,Secure screen sharing,
jlaglnmbneeofcncdadnlbfelcbemdff,仮想通貨 価格チェッカー,
ipibbjaaojhnnincihhloapfaomabjam,تحديد اتجاه القِبلة,
odhncbakhagnhobhofmgkiiccnfkilga,Donald T. Rump,
mfdfbjloobkiiegpapkjeppdehijaokb,Disquad Community Leaderboard,
ojlmnblnndgpdmggodkenhcoioeachie,Habersiz Kalma,
cfjdncfphkjagdnjabdfjkgekgmlpalf,HTTP Status Cats Homepage,
cjdnohlmolgcpdfgkbfgjakihnoddmfl,Disable Adding People for Google Meet™,
pfaeeofjkgbfapcggokhelpapddklgij,Quickly Calculate Percentage,
jhdcddjgmcjebkhncplmioakpcnocopb,Just Speech,
acgkfoonbncfblkndjlpmhchicibdpna,YoHubs - Stay in Touch,
peiliooomcmmdblajjigldgigloomnkn,Magic Bookmark,
inlmibbiikijlmkibcbdbjnhndbgkica,OAuth Tutorial FriendBlock,
bkdbbfdjfadafkmenenpjfhcngohiljn,Movies Under 5 Bucks,
kipblmdakacejdlgihnojiliinheadla,Ring4 Meeting,
bdlecjncfafhlnehekghapanflfcbikk,Cookie AutoClear,
klcheodcjdbkbiljlcfiphagmkhbifmm,LinkFrame,
caapppcakanllhbknaepljddjaecfiod,BGU.Dist,
idpdlhklianllbpdlbjokidbckfecpkg,Dscuz.com,
ldaliobcgcbdpfhmdpcbighahcmpaebm,Spletni val,
ihfgglejeolnlbolpjmnhfpfkefjoeec,YouGov Pulse,
kamkokalfcealmajmkihoohogjdldpic,Sales Butler,
cejjgkenpffblhbndpkahhlmadananop,Dotorage,
ffgkhikhijimhbmjkbfcchjlgdlfccmb,CsgoBLOCKS modifications,
mfhbebgoclkghebffdldpobeajmbecfk,StarMask,
nkgldikaifljadeeogdbanlckplpbffj,Video Speed Changer,
embfhnfkfobkdohleknckodkmhgmpdli,Codebattle,
nihhdipdkcoagkeepnohjoepdhbgpnnp,Chargify Accordion Tool,
ldmalomcjocgbbkphpdjkiplccdllnni,Monacoin viewer,
momphlnnfcfahjjofidepemapjghebmd,Mark Wrap,
fpihbbjdjlbgiehkfdnefgmlngdkakfc,微信公众平台-元数据,
ohnmjgpkhenaehffldejimleambpipgo,Az Order,
ijkpfjogjgdenljphhgmdbagcdkiibjg,Player for PlayTV content,
faabjiemdnpokkcpinnfigpnpapnlelk,eServices Greece,
kppkmcjkbcokhfapgnmnpofjgojmjhod,Link to tab,
eahphalndmiganhjibpfedaokkcpmjhn,Floating Video Pro,
pddpkgmncnhfoocmomfplhdagmilnlji,CTV Screen Recording,
dpkmndablgcmfdolfagpiggkaicgocfk,twitch-chat-highlight,
djdmadneanknadilpjiknlnanaolmbfk,Copy All Urls,
lafejnfjocpobabckpeeikppdmmfckld,Dark Theme for Planner Web App,
jianejkfaidfclgjgnmdbmcecnijlokh,Tempster,
omcomcgngbaplhkdijdkkfiedopldonf,LMUABAB,
laopelbjnneopmliaipgcbccjjgadhbh,Desert Flowers in Bloom wallpaper,
gbdcdelppenbmjhgknfggghpdjmbdjlp,Are you sure?,
ngolkdjlofdaiiigaoncpjdfjjdeanlo,PixelModo by Danny,
ohecehgbdkppgpiebkkkldgofdcncmjh,Amadeus Digital DNA Extension,
nfkfaajobpcjpmcmpcacncimfmjppgoj,台湾高铁抢票插件,
ofplemiepgiehjgedpmhcdifelnpocmm,Panda Gif New Tab,
eefonmpeckgledjmdgfdfoklnmolfkmh,Netology - Export to Google Calendar,
ffhikimmoafjhkpaoalllpjlpoimkddk,Naturum Blog Manager Extension,
lgjbbgpdcecjcfmmlgpjedodehfeepcg,Utility functions for main add-on,
idobcmolldinonohmdhfhcjfjipefkie,Cheers!,
bdmafhojphemhoeiiklcibmcejfdgfni,Spider Devtools,
dkoklmaljholfboljaohpcjpgkafappb,Wiki Parser,
hadnnhaladhhcfljbhonjgdchddhoagp,Tengrinews.kz,
pcjacnadlmodpiibjkjbhjpokgcpblih,Schoology Overdue Cleaner,
obainiaadbgalepifhcgedakpniabohh,Maziho Měsíčky,
caidggjajppheihpeoeokndacpgjncmn,Slitherio Bot,
hidiaohanaingihnmjdnnkcjhbodfgjm,123Movies website,
pcphablpigdpgkcampplpkbaanjkkfpn,Matrix Suffix Switcher,
phbjhmbdcecahmckhhbdabmnhmjcpjab,Elenco,
edkjhdnefmlehnlnjfbjnmnpiglhdgjn,Douchecamp,
pjdgipnaecfecchignfflihocgilpkan,Brand Review,
kjfgahmgajigdohpbeabmlpnikpllcfh,Basal Metabolic Rate (BMR) Calculator,
ajfmlajjgkoonceppcibikphgdcnpaep,TradeAllCrypto Helper,
dmfiamgfldnjpcemlnhkljhccmkafplf,Cryptocurrency Exchange Rates,
jjkjonjbbjokmgkobemgoddmahempjno,Electric Scooter Reviews & Guides,
kjfieggjdmajgodfiechccohjjgiedfa,Search-Club New Tab,
hhjbldoceagnoijlkafgkbbbillnogaj,Human Readable Timestamps!,
fbbmjjofcankblokaikinphcfdfhbbop,Oh Dear! simple verification,
jcpkgjfbhhglonendnnmicgicebbemjd,Datagma,
inoibemooflnpohpjcmmonjejboknkof,Noticias de Protestante Digital,
fejpcoffdpgcfoioanjommofnhkapmpo,Screenshare | Voltic GmbH,
cebppknaomfckghmlcmakemojakcegpc,4k To Butt,
jbfcdpgdleaofalmddijghpgihpjijjj,ScanURL.me - FREE to check safety of website,
kkjpbipajbgabnogopadmdfalfobhbbp,Zoutons Coupon finder,
dpodflepnifmnifholnajjffjmkolaae,param appender,
iopnmknglkghokbjkmokaljefoanpjba,Reddit Stocks,
copbchabioaecpfhobdipnpdllpcipjl,Savings Calculator,
pdcbcibaaofdpmonnmjhcgcolpkjampa,DailyNewsTalks,
bmbfmfhbineehedibkgpllkfooggfhdc,Amazon URL Copy Faster,
gloopgoaoljfjofkfejdnejeadehdpkc,Wiki this website,
anppcjcjdogokgejeaabggdgmmgdldcn,Countdown,
dooapdohfejchmkobcippdfeejgbhlgn,Techzei,
pmdhlinlolmokpkcjdldojaibdkjjnad,GW Webstore Product Nav (AU),
miigdaflenlgnjhhjcdhkfmimekhfcin,Custom Auth,
ffmakolbpmndcjpihjhhcnenioihpphm,about:blank Extension,
pocpeokkkifomeaaobopeacnnepnaldl,Fleex - Intelligent subtitles,
keahjhmpjhfhmjcakligjflfcilfocgi,sourceguru,
onofbmidejemdipmoogeeenedcccjkfi,Harvester,
dfkoahlhkhmkedkljhgochhlmoggkdje,Agave Hire,
ghkbmakmoociniohnkglmjiphhjeddkg,Netflix Comments,
jiooblkanpgjigoglkflahbehlmhkhnk,Himalaya,
aecnedihkacckiliafbgjjcnmnpcmcmb,Docket Alarm - Quick Search,
jmnpgckhmpmfijmfpnkkmcoklepkcape,Recruitee Meetings,
oklkocdpbpkmoeepenloempjknbhaaal,Boardist Web clipper,
dfdobmhlmkdmiokclbhgmiiehioogbbi,ソーシャルゲームPCブラウザ,
hfbjphgoffoahbnlkpfijmefofmmcfng,TF2 S.T.A.R.S.,
pbedfkpeladmgbljahahbnejcagkhadb,DPS Spitfire,
pjonegmmmclaihfglajojmfcpfambpcd,OCI Workshop Extension,
ckjgpiipkbgfmieemibdbjdgjbggfccp,Digikar_umuyasu_shinnryoujyo,
lofhgnhbjellcpcdpkbejffjejhchacj,PwdHash-PoC port,
ibpdmkhaolabfhfielfcghefaldiankj,Elements of Typographic Stylesheet,
obadgcdnnnihfohckolhmkophbpdkapi,"disregard that, i'm an asshole",
lidhpbnnljgkbcdmojdjfjdbcijheogb,Search Bar,
aecmhjjghimigepncpjelhpkpagogcnc,DogeGuard,
ejcociefgmkjjjjnnmednlgekghobgbh,Tweet Intent,
oppbionihgmdihdaadmonohoccdkalmo,Tabium,
pdagioidoiplkieipnnhmfkpdcdmabof,YMPU,
hffnmpchinjkeiadmjkbjccanmnamcfg,Rich TVX,
ibbididdadgkiflnpgohcjokiodgdkdc,Singleboersen im Test,
hpkpbfeihkdokkifjnfomcpjldjfpmig,Cowin Booking,
hkdjjblefenaffilobnkdekehpjfbein,YouTube New Tab,
lopfpngjceedjbkjhpkgpihbfaokaobc,TV Magazine,
cdfjnaelddcibpfikfinlijlflggkodj,Jira task opener,
gjkkmhdgiombhhgkklidllgenonicehh,Zombs Royale Cursor Line,
bjbbaeelahngfcibgdejkjlblnodkhoo,SaveForLater,
mciglcfodlomabhepiknpehamdoamhhh,url take away,
lpbbcliomakdndbfoldagegeopedeekm,AngryGM Anti-Anti-Swear Filter,
gcnlieiapndmecnonbobelbmeookhbek,Automatisk logon med UNI-Login,
haefcnjphcjocfglgpckndmhnelmmone,Custom whispers for warframe.market,
fmplcebhgkkbhoaoaobgpkcaiphoheco,Learnt,
ganednomkfkacjnbcjcnggekdhdngjao,Typography Snob,
ejgkcifglageljajmhjhbjieoocfmhgj,LTK Product Link,
ccnacbjdfkfbdhmambmeiihmmcdknnhh,Shop For BBFL,
odemebodmlfkipmlfnljelkbcdoembdl,Email Oops Blocker,
ahonndfjkbgdpmacjpahijipoiocbcoe,T4G Blacklist Add-on,
egknhinkgfbgogglmoghkmlopahmnoge,Free Automatic FBA Calculator For AMZ Sellers,
magpkckennnpokdacgiianfcdhniblhh,Sourcerer,
bffipdoipghopcdhkgmkhdccagbakpif,Hiro,
ijnnpllhhhbiepadlboailceloakielg,Amazon URL Shorter,
cmkdkcjfnlglbhlcpbfodkpnfaggiogm,FuzeIII - Notifications Twitch,
pcfmgeopkdbdolbnamofjmkniniidpjd,Giflinks,
iicfemjjkcbjclopbiampohjjidnfcii,Jive Anywhere,
fghkcdalenecjglfhfdphgipjhkkognp,DA Friends,
jfnifeihccihocjbfcfhicmmgpjicaec,GSConnect,
mlleoaifccleoilmdocpfjfhffmmbjgn,True Full Page for CodePen,
adgegchgnngjfbnnplnlhnaeolnhfcpl,"DeepSeek Folders, Search & Prompts - ChatFolders: Projects & Chat Organizer",
fpafikpdfalbaekfmlmlafmjkfikkmek,Cropp Ninja - Supercharged with Gemini AI,
eabegikicaeidaagihoiggcaldblpfaf,Concentrate,
lppagnomjcaohgkfljlebenbmbdmbkdj,Bypass AdBlock Detection,
jmjfjkkdcdjfbkllhfghildhhhndmkpd,LeadsHub,
eelaalpcmigneljfjmbdoelhipcgamlp,LookGadgets,
epenafndgjjdgfcjdamdbglbohammljl,Riskin Twitch Extension,
icibifmkbcdjglbidbnbllgkcdlmgmnb,Convertisseur Animal crossing,
gfgefnhidmekpekjdpephdmaalndgbie,Demo Daily Announcements,
igplcalbjbpmknpmhmbmgpmidmgmflko,Envato Balance Checker,
bocpokimicclpaiekenaeelehdjllofo,XDCPay,
cpkoppdbjemckjiidlbjebhaomojmolp,Tabtweet - Tweets On New Tab,
gecndgpfcacjllppgiffgfdhpdgibjan,Integrated Language,
ceobgmknggbgmbemhmjcgplnaoholikm,Autofill Job Application Forms for chrome,
ipbafapikgeimaanijkameloodanopkl,Y-,
mboponfadhbmeedfnoimodncccmgpcle,Solve All,
cafigjcdeapkbklkgijhldplfbmifjim,Not Just Guys -- the Gmail Plug-in,
fioomgiccfojaionhllpeeheofiakchg,Bölge Gündem Haberler Eklentisi,
mmdjpdeiflckelodpkkkhnjifanalcdk,SteamHour,
fecfannmfohdlhcechkngiijhbfbenhk,Kwikkel Notifier,
lhoipeggbebdkbanobonjeegabklnicd,Gitlab Swagger Utilities,
mgapbbfopjkmemeilbofldglpplnhlmo,Quick Pocket Dictionary,
ookjbnaeaelckplpaileancnodhjljej,不要再按錯搜尋圖片！,
hjmhhampoholemmbckpcmhbecaflggcd,Don't Like Emotions,
edhfpfillkonhllnibjabdnijaapfoka,MagicIWB Agent Extension,
kcfdpligcfikjohkndjefnjgcekgmbal,GDPR Assessment Swascan,
ijjnkhmjkgfachinichlfonaegalphcp,DM No Autoplay,
injgeeinhoiibmkmaljogmfbafnnggfh,Meet Chamada,
bakmidcahlamogllaekoajoiilbobokc,TOO TOO,
fpffoapffcmlnkoncdmohlpdognggijb,Github Pull Requests Checker,
bpnfacghgpkdiglphjbiebnmocfalkdi,Faceit pick map assistant,
nglflklnipnnaoogknealohkmakfiock,Justify,
ejdbcljacnaeahlbdjlkbniflhibiefj,Autopilot,
mjdgifdhhligineaimmgbikndpifdgml,"goodbye ""Zenkaku"" - さよなら全角英数",
mpcokgcaamljkbcokpfmfpkgihlfkfgl,Skittle Search,
aljfcphekapobkinpckljidnjnpbidcj,WPI Workday to CSV,
cchegmecehnbcgpmmnanfmdecgehokch,ScanMe,
kljjfejkagofbgklifblndjelgabcmig,Make Medium Readable Again,
iildphlpidlgdfiocgbgchgfmkhkjaii,HODLER,
dcifkdclpdnbjogfidaafaajahhgbioa,you should check out,
cmgdifbbfbhhblbacpmljaeaejpkiddn,Vacuum,
iicmhcehpnhohpnpcbkgblanebbnicpl,Sourcing Go Beta,
jjmmpgaanfddnahblogjhcmcmokjcomm,Reactions,
pclakgmlpieaagienajdnokpgaklllok,Share in Telegram,
cbmeifnhchmipnfcdnkegmfoiagdhlkf,Clear Cache for One Site,
oalcehgmilibdmphldpcdonhpjnfclom,Atlético Clube Goianiense,
mmmcbjolmdjkfhjflegdmanpaknkjcnp,HelpRatchet - HelpDesk for BaseLinker,
komllakedlmalimljpkkimejkgjkpmef,Timeplan by Brendhagen,
fhflmkedbfijbjhbiihejhkkejjahebp,ニコ生次枠移動Zero,
eknkdncohjfocgppklgkpojbcjjpofhn,Radio Antenna Iblea,
aeafcpibebodpgpdijemngbkjpejedpe,E-Applier ES-Applier,
eaiekimfeppcfgibkmaokmgkkejhnbcm,FPL Dark Mode,
ofllonaghfejikjnbdijjfocfefhhmnh,BitTab: Bitcoin New Tab Page,
lkigjecclpphfpgbihelcckjdeghimdi,Landmark to scroll,
ajcjmkaboikngmdbiefafnceamojajme,速読Japritz,
ciefakdibjnmghecfljjhjdbhnlpdgfn,Make Money Online Selling Photos (Checklist),
eddbbfkflfccodmbdiinjlpneidfoloc,雅思成绩查看器（成绩慢慢看）,
lligobmploacgdcfinacebidaogjnapd,Oversai,
dfagmpodnkdapdbjhjmenkeilmmefkal,SaveAs,
afdpfpiodobmeefhlcpgcgalloebipbh,Consul Clone KV,
mbalidglpaihcleecbpiflkangkdmloj,Sarahah Filter,
ajejbkepkpkjfpcmclhclpdljcgiocai,StartupWind Desktop Sharing,
lkggefncopjobklggpoepdgmpfdfjlkm,Ploxia – Free Instagram Bot,
pjpmgnndomgmnnfhaofncmngnonifpgi,Own Your Time,
ocbogdpaddpbohbjfiigjcedpeiaokle,/r/Star Wars Revealer,
oabmpocglgjaigdmgefdohioaikeeebf,Abgenickt von Skripnik,
cmeebapejoapfdgioceapbpbgigomoml,eMAL,
hmjkjbjlbldbjflklmgmdmpkeaopbmbd,NanoTipBot,
jhgpnofhcebhlkicgoibckmfgmncdkmh,Skip Hulu Ads (Sort of),
bgcklfalfikbieaakdjpjaeehodfhmec,Rakshak,
aooiimapfmnpoongknohnjjeifjgdnfb,Elsa by Celeritas,
lgjljgjohpoclkmfpfgmloacnjicikcj,Nicomment,
kklpgonjnnbbhogmboejgklhlmakfmpm,Phys.org Spotlight Science News,
hknpljkfnkidilkifkhjfajmdjogciea,日英分割,
ldipcbiihbfjonainibmoiggbolhgodo,Don't Name The Shooter,
lpcadilfofpbfeooonfophgcainldjig,VcReport - バリューコマース 注文レポート,
lbgdgffkmahmodcbdgaokjiccogmfkel,Lofi Radio,
dhgnbcfiilddcjgbkhmkcbcofdkmanif,h_da institutional Login,
dihdfnhgoecjinelmjpknmhndfbiipjm,Novelty Product Importer,
gaokookknjnmknngccmageaapfmahlei,GBx,
nkhjehegggjhbejagoifmndblajndjnj,Blackmart APK V.2.2.1,
acicgfcckneopchflaeebkmdieegkpik,AngularContext,
nccdfdmhhpgdgjjajomglokhgmbodmdl,Search Stack Overfow Context Menu,
bndimcggbndjmhfepclmncegfojebggo,ImageJuice,
kogpmjpahimpmhfcciipfhoahjjfkenm,Snake Game For Chrome,
fpfdmgaahiocnoiaedbppoaipfjiiaep,Viewport Detector,
jnjmpncmhemcbbknebmcpclgmmmjbkcd,TDK Türkçe Sözlük,
fbdbipdlfojffkpopckfpohmaiabglad,Parents for Azure Devops Boards,
dnfclojpjpcpkepcobligoibhnjfpllm,Music Meal: Audio Player & Playlist Streamer,
fakhknmoelnhdimdmfhmapnifcblaead,Items,
aoelbednjmdnkeldonljnijdejdnhjfi,xPath To CSS Selector,
egphfejokjicldljjpnpkobfigfmkmce,Palindrome Research Link Saver,
epfbemcokpfhpfpkgllaacngnjhffnee,Мои сериалы (на базе myshows.me),
ifdhkdemnklbblchhconnhlcgggedcaj,Percent Human: Detect ChatGPT AI Content,
cneciocfhifeoejglgkjmnjcpgdgioji,BTC Address Monitor,
bmokohopmhkkbkhgoejibgnidpfpdico,Web Log Extension,
eejfoncpjfgmeleakejdcanedmefagga,RESTer,
kapcngknfepfobkbinmkdakbjobieoam,URL Query Editor,
mopoebekmlkmahpfjjgibkbnciooimhn,Steam All Region Price Checker,
omhnlohppcemjgnmljofppckfpdgjmpn,Operant Conditioning: Quitting Reddit,
namhidhbaejckckccpigookignaomigb,Blog Notification SpeedEmailer,
ljjoedgdgmfajafgijejbomchigkojie,Actually Read it Later,
egfpgpagjnndngmlefnnaekebnepcicd,iSoluce,
hoopncmjddbfednpmdnjdhofjojfcpge,Hello Markets decrypt,
gcmoecodjdhjhpomcfebhgjgjddhfonk,Papyrus,
lbehhpicfbglgijknhemcjcmencaajid,Faster Panopto,
innfmeekncjandlanpgdmmogkcimekgo,World Clocks,
pffcnjobiiecfnddjfojkdgdjbcocmon,Set2SMS Send & Receve SMS from chrome,
kgflicojnojlmdocnkhnhkpbkadmpglh,WhatWeb Plus,
mbehfdoomcmpbejngdojlocpkgjacppl,Picket Line Notifier,
lndkcaldfpakdjdjgdpchoohjnbaaohk,Pool to poker and poker to pool,
aeekmgcfjlbcobfcmahngbinhlmmmomn,Netflix Shqip Falas!,
blbiaonjllllhnnblbddfhncokpmogjh,SellerDost - Free Daraz Product Hunting Tool,
pblgcbkfpfbmecmnbnndkcjfcoogmekj,Rico.com.vc extension,
adhbinejkbneffgflokfiifljciopahp,LRC Live,
pjpobmgdbnbegggcdgbljfgplleejmkb,Inspect Devices,
olkcoondpjagoelbfkanpmcllohimpon,Thirst,
ninhhalagoobikmjjgnhnjebjngifjee,Inflearn Extend,
dpcoeknimimkeoinpbccpmjoamdghijj,다음 팝업 사전,
alkopicchlajojakomdkgombfpnfmeob,Were You Typing,
madoapjdjnnjefokhaaofnimjfnidmlf,WSJ User Curated Lists Prototype,
gogbdmmlnloojdafblpkmkhgigcidnmn,Mustsee,
mpmobdmmnmkkigkcjngilfeicljnhfho,bitreception,
oehghgdldepmknikdpjakmpbonlkmnfa,Hack the News,
fpnakfnfggddncdgncbbpmbgbiinpiho,Hey Ladies,
joldejophkhmeajgjenfnfdpfjkalckn,Wordpress Admin Bar Control,
ejhcppphehbibgdnmjelljfeconkljmk,TensorBoard Empty Scalar Hider,
onpdpcllipfillhcfojcihknhdakilcm,Blue Prism 6.10.6 Browser Extension,
jhlliibdpnijhhaegahaokfoaekkdpem,OGame fast attack,
pdjlbbnonfklakaacbelpkajgkjljmfp,Focus Group to A Bunch of Talking Ducks,
oefkogkbfbgdkcihljelbaglodgfcpbk,IMDB X - Movie Ratings Warehouse,
khkkccmgokjjbnihhcbgacibieimibmh,Shift-It,
pincecdoplmccjffooekhehbekopdikm,NextTab,
ioncgheockjakdmpighekmfhdljboimf,Better YouTube Gaming,
mhifnpnipjdamcccaghlgkjnhdnodkka,Zaro Meetings,
nnmkeokabajieebdbgpfjhjceojopmnh,Podsluchane.pl,
elgnmbefffofjjnamaejhfpiiiepdial,Youtube Question Mark,
lnhocpligafaedgidjohnbnfgbgcdpnp,BlessedNotion,
ccpgoopbehkkjgfdgianjkbehjjeeike,RockTech Extension,
ncealcicikkhppkbapcchhohkinkinnj,艦これ QR Geter,
jejhfjabchpfgmieifoaidgkoijankgk,Worldfree4u,
gbgigpkgjokabgblffdcpbaoboainefb,AsiaJY集运助手,
adlilndhjcgcmcikngkniaokhkkoalih,Magik,
enhknmggbofiiljpiamokbhkmhgocmod,M1 Finance Color Changer,
hpgefknebnhnkifmpdakmhmknfidkhen,Page Redder,
jfhkncbamlmabilhihnmphnmgibjkben,Kay.so URL Shortener,
hmakgcpgllangepohipodfjjaeebnikf,SecureMark,
nadilcfmdnnalcjjdgkijpefgmenehid,Video Reviews on Amazon,
odkpjdbfigciinlemihdgkhildcfcifl,Akylio,
immeeicepbhkfckjkfbfdbeaglnaeajo,GRADUATE PLAN,
mpmkclglcbkjchakihfpblainfncennj,Pitch shifter - HTML5 Video audio FX,
gmngijkcjecdecpnofhadedbkoobolli,Groups Account Picker,
knhfbbabfefblmmcmingejdgahoaliie,Smooth Go (Beta),
hgloeehkbjdocndmdnbakjamnbnomiol,Do It!,
cgcfflfodgfcjgncckhjcmbibfebgfdo,PM,
ofnpblbhlbmcagpaengikhkgoenamnap,Easy Tag,
objpmojppiflcdacmlnadhbkjiffcpmc,Soul Mastery,
jdfaodoafhjoedjanmfoiiindbiobmjh,Remove All Bookmarks,
jnhmkblbgggfgeebimebebnkhgnagnpj,BabelFrog,
fcdogcdfbjpnhcnflhdpcdfjmmiedebo,Hacker News Comments Notifier Plugin,
hnnabnffilimfgdcinlijkjkdemdonea,Site Bomb,
hcepmnlphdfefjddkgkblcjkbpbpemac,Dictionary Anywhere,
jlfhnffeknpcmjngplpomknpipdoccfp,Oculi Semantic Extension,
lgjbfimgneimeblalpmjfkbbdbofbaee,BTW CONSULTING,
bakdgljglhjjbiciegefhplgjgjomifc,fredev Development Inspector,
ajjnbanpedpjbfcpaopcloaaknffnjfp,One Click Playcus Flash Games,
popadjcacgepekppeebeipjnhdacdffn,Kleingewerbe anmelden Online ( Ausfüllhilfe ),
bfihfbeddalhbihaaoefpbchdbbplbkm,OPL Stats,
lgmimdhhpjinmnmfblldoaffdabeocpb,Localhost Favicon Swap,
gilbnnlfdodjcockjpiafnepgfbdajag,Bankwest Virtual Accounts,
knjfhjecbebplkalmikclbkgkmaggkci,语鲸 - 插件,
amllnakjfhdjjlebenhjmheboaojeplk,sysPass-Browser,
mombaccochlhdjfihfnamdpehcjmncmh,Hacker News: Show Parent Comment,
jaafmhhcgenkohgfimfdnohmbnkfpekg,BsRecorder,
dkilgaafooiibcdkhgnhialfmbdgkfae,Clean calculator,
ecjoghccnjlodjlmkgmnbnkdcbnjgden,InterSafe GatewayConnection Agent,
dbgpbnpcniaegmejehalchgaeblibdag,Password Generator,
fiihbmddkbjdamhlodpokdpeckejkbda,Third Eye Health Screen Sharing,
fdfgniifelanckkbgcnghcdecoaamcoj,Twitter Violation Reports Assistant,
hdgikopflgjpcghkdgafjigdmikboloa,Kemi Portal,
hikelmjlgpfldphpfncpmiifmopigkcc,Quick Chart,
ohopphcbcjpogoifkefpbookccfeldha,Word Tweezers,
dbhbdbpojbcgaccondnioooeadignmjm,Copy Stack Overflow Code Snippets,
cjjjllacjnkbhbbggfolppbjmmnjknpc,sample,
kppenojafnegblmijeafopmlojoemoje,Shaments,
janblenphlbinhohpapenligjfknphpa,喝水控,
cgmbnkggeagllliedemjejhpdcglfdch,ticketSearch,
icjjpnmgiofpnnfpjpbjmfjnaokcdmpi,Larknote,
jboenampajcjlcddiinjemkkjdgefffb,Balton Extension,
pgapbbnjobolapgjboeobneoeajibheg,Play Signage - Smart Digital Signage,
ifpbbanhbbmoihdndahpdnbjlmbllpdl,Moska94600,
bedbihnnihlmigpnldegibebimpoajgo,DEVELOPMENT BUILD Whosum BETA,
gppbigcoahebbhkhdpdlilkncbedfpbm,Signet,
mfmkjgnjciljgjgeindelgokgdbkdndj,Chrall,
kiojkecpcejebkhcbfbhnfpodpikbajj,NPO Uitzending Gemist helper,
pmcmcjjdigdemeeknodjankbhhdepedh,Mean Kitties,
gejdcidfdknaffkhgmaaonlcplbdgceh,News Card Generator,
icfblmejfimdamccpnoihghdjdhkaedi,video mirroring,
aecidpjpafilgnhklofondnkpnldelli,國語小字典快速查詢,
ihhbdjjhchgngaofnjmjipmnfafieaej,PCIPF,
bkpcjokmnekbnkjldkiechmphnadngoj,TabZolo,
dcfcbchldhelnhnohooelmmfdkkemnal,Shutterfly Exporter,
eapbondnpopbiepnjfhnaaejfdfjhnde,Thankful,
kmmpagmkifhgdafhdjjdeedehcifpeik,BalabobaTwitter,
mfcddagpdnfokfnbnoeephmfoifgdbid,SDFC Dev Console Data Exporter,
ipigkmjphickeajabbdnpooknkbifhdm,Baby Duck,
ckmjmapnadokicapjeemoikchaikaaih,СП Помощник,
jjlbklcgfndigkgalepgohgklhdhmlkp,Imgur Chrome Helper,
aoekkpoenkmdemcheddbmclndonmiplc,listy.email,
goppegadacpfofjfkmabegbpkkffihgc,DownTik Download Video TikTok,
lddnkbpdhnfjlboghmlapndalhmjoboj,Giochi Online Gratis - Giochi.ws,
ccmhocjpnododbmnafdcmcikjaagmcee,Comfortable AmP,
lcmdfjmgigndemlclpkpnjoocbedaneg,eBay Real Sell Price,
ikeioaiadaimcgmafpnpggccdemeklma,Protein Intake Calculator,
kjclpnboponaddoejooibfooogjpmjmo,Writly Business Data Collector,
liingdbmppldhgfadddnfbhjgmmegfbg,Abacadabra organized plugin,
gekbeiajeiipganihoejjdclglbhdglg,Youtube Space Pauseify,
hdhcogehbfepcjpdphcbpaaffebppljl,The Dump Trump Club,
mofamnoejjhjcmjikdbmddpmcnknhpik,WindeSearch,
phpopkefffapdkbajahlbmnniaogmjje,Listicle To One Page,
lflophgfmbioahellkfjlmeffaedfkha,Beamy,
gpbjafnmfooolmfidnpolkclifemijal,Briquette2lait Stream Extension,
gdoimdoaihepcpkeghipedoofjeegkck,UniqTab,
bhbcbhpenkmpgbjgaleflgfmelhjlcla,Опубликовать ВКонтакте (vk.com),
fpfhjmibgfgjkdlkjfmicekmihdpbjij,Deep Type,
flbkgibablfnpdmekkfjpgaadlbkdoki,#styleoftheday,
cbmndeogjgpojiaclfojofnblpaigojp,Legi-Share: Contact the House and Senate,
opjbphlikplllhehiaafnglngompagni,MindHero,
gedamclmheaaaghbopmamikcgdpibikn,StackNarrow,
nnfhekhgpccbbfcklllodpnlfakndkgl,Careplane,
fpdjgmnhhpbpabifajcdfcfkdgddnbmi,NBA Player Stats Retriever,
ieeeikfmpalghoahehembnilldjobmgg,EC2 Security Group Notes,
ecfegnjfemalkfnohnlnecfedlloigdd,CPC & CPM  Calculator,
jigfpbbejhplngblmaenlclanjejmcno,Mxtream,
gjnkjcjcllglnnlejjjaadbmomdancfm,Did you mean?,
ibghgekfmemngopkjdlecdddiomankfp,Echo,
jhkcnjihebldapoineiklgokhdimamai,Order hàng trung quốc - 1688,
icgipifjfgikecdbdakkfpchnjbhmdnm,Doubtnut Search,
pmjhnmlhgdgojcofdehgjhjccnbdnhld,PROMO RADIO,
cgdlkdeddigbpaahepojneakfgdhjdhg,"Hoverboard Guides, Reviews, Tips & Tricks",
llgknofgmghejanicfcjdibnhpofaefd,SelectorLib,
ehpkbiodflephmnceolhpibfcobhhoag,Drippo: Dribbble Shot Enhancer,
gjmnnkfoelpinaojheapahjghplddjcf,Business Time,
dnabjecdalfmifnokifplpegmeglhibj,Inspector for Google Maps JavaScript API,
ahhpgbiejgpebbokpbgcenooehhcnbjd,Nicknamer,
pjiiefgonmdcnnmjodebjaaeojkagncn,GitHub PR Template Picker,
klnhofdgeknhmjendaalikocokikfekg,E-Takip,
jbghooeaijbjkficllpgejgpaglkjfok,image under cursor,
meooedajlemclfnbnmllkphdmlpicdff,Octum Game,
ihnbdfaklcjgidpifgglddfeipanhalp,Hours to Lose,
ciddbcbjkgfcihojgjnlooihhchpdmfa,Wiki Viewer,
njmgegappfeaehegkldebilahlnilipn,highlyreco,
eonfndgiimpkfglcconokjokakefphdj,QuickTab,
homgaeandhcohhcfbfdeohljedelgijc,Imgur Gifv as MP4 Downloader,
ikkofmhbjfhakjmmbipkeejbccbgdjjn,CompetitionGurus,
ldfoemphhkpifbmoapiokpfbkgaklemj,問卷助手︰南台科大版,
odjajibdhlhohlcbbkppjjcnknlegnjp,AStyle,
fiofgbepobhnjnamedgnnakdnlbhkhag,Conectus Screensharing,
mhkjcgnnkdmplhejjebhnaflephnlhka,Alt+D and close NSFW tabs,
dfbinefheanbhakekbeijfegpfapkemd,Clean Naver,
dhgkdkollobnolailbckohhaikklnnki,Save Tabs,
cceldmeigcfcpamajgnlapepcocegjce,Image and Video Remover,
fdmdlchmhbghfdpkkodlaaofenibbjan,StreamQR - show current URL as QR Code,
phdkkbcpgflehgaklohbocolijohipjp,Zaqwes Working Day,
hblinomkjenkmpjgbioldojabccbjnei,Comedy Corner - Terminal Lance,
dhofbcogfkldnaphlgakopmhdiinbibm,URU-Test BA,
heebikahehkkpfekldgnlafenjneaepc,图悦派图片采集工具,
pbkbcgleojeanmncinpkkgclhobodmap,Simple Stickies,
imdeibajcdbikicjnfimdefopiffafpc,Xero Reconciliation OK,
mfgoieafikaldiglpkfgifoeigjcifmk,Link Fixer,
oonikohaobfochoijlakmklbchklcmdk,Test Screen Sharing,
dlockbmnioalcdjhfafekjcocaollafc,Agent Navi,
lgcfgkoenohfloamkokelhncjojpihgl,3D Art Gallery,
ihfbkckbgcpdegdemkocphjcnklgnbcf,Elli PiP,
pcbecajgokiinhdgfmomalplkfhcejlm,AB客助手,
blckjkkhepjlkobjpdopaaggegaboaob,Sessions,
fcfbddoagppcflpdocjkebgknkpcfgbl,AnimE2Enjoy!,
fjbnmcoekgpjhcfpjaflblhkeglefoma,Anchor,
dehldelopfcidgmfdbgaljofaemkkjcg,Archie.AI: Google Analytics Chatbot,
jdiikkhlhlgndjllhoinidnkbgkjfepe,YouTube Comment Language Filter,
dlnlkhegmifbcipdgpggedmjdaganmei,no-beforeunload,
emnddjheaaomkkbfofepdjlhmdjlhdea,Depth and Complexity Emoji Icon Picker,
mdcjdabhhipgieonoompnccaohldjfkj,A11y Scripts,
idopbebpfleclhkdjmppmhgmlpdhlmlj,UVICalendar,
pdgkaaddlnkbibdlfkbgppimjahejlca,FLEX – Favslist Expansion,
cbfnmmflenhjjkkbojhipahbmhbihlok,Github Minus 1,
nblggloipobmcpphmoceeoafpejocdfo,CarmelEverything,
gndgmjpbgleanakkhheofmhdebiekdbo,Idea Cards (BETA),
ehlobofcigediapfofjjchhfllngeicf,Supportly,
fahlfihhpnaccfmpghlieegeajbaglpg,Optify,
dngkdlacebcnpndlplijlcokaighmogi,マリオメーカーのコースIDや、ユーザーIDをリンクに変換,
ppclnhcendlgggjghombboijbiobieik,Kotleba pre koktavých,
cdjgbghobmfmfcenhoahgfnfpcadddag,G-Chrome,
hicmfobjcbinceoeegookkgllpdgkcdc,JOSM Strava Heatmap,
giloohkbdeehhoajekbopfdgmghnmlhh,Embody,
jabfjoojiboeejfkgakhdocjdmhpnnkp,New Tab Fortune,
hofnpnjibbleagfiakpgdbcdnldjepgj,Environment warning,
kehgonepajllgfkepplfpemhhjjoofgd,Auto Osaka City Opas,
mnpgiimnhnmfdbcllgdcgjankdlphgpi,Mr. Stalker,
johlplegcoeinbndombihjaehcnmpljn,Domain Changer,
iokokaclomnglegfinhjjpmmgeacccki,NoRefer,
hmjfchbkcibbjgkbghogkobbglkpjlgn,Tweets Favicon Badges,
negcmloopicdcgacnnijjienejbdekhl,Libri Top,
iifbmickgclogjckinhmapmdicmpokph,EOText,
oiiflcngcepikbdemccijngnkjhdjlfc,AmazonSmile Auto Redirect,
cflmhhlddhlndhajdngbeglceebpgkfl,Seasonvar,
bgkdiaejghakfoahegidepjmppmekdeb,Classical Keemstar,
ocllggdpffecgmbehjojemifgblpjiij,CS Nav Links,
iappdokmdfafobmdcdjklmhcphcjmjbb,Yunser counter.（云设计数器）,
glfbanpbmoklgplkbaoofabmaebfongm,Jangle Jangle,
ehjpfcfacfhimlimagicojailcncehel,Evacuatiomn Planner,
kjbgkfcikicooblfmbhoalhfldlfiehj,Апельсин+,
bocbjjpebcmehmadhaiefilfieahhcmo,HTML Validator,
aedmdimelonnhkdmbcoaehbnbgjgaakc,Công Cụ Đặt Hàng Của Daily Taobao,
ekmbapaleikifnicdifaloejmhliihbd,I Love Sudoku,
aojfihpncofjkichoiiginhcjppphibh,Hacker News Links,
kmmaekcflanieekoofhdnpafecadmjab,VoxLyrics,
jigpnmkhillllgkkjndpmepocpglgdgh,Emoji copy and paste,
cegmjjjcpchfefbanlajkpedeacpjdoi,Pivotal Over 9000,
dogahdiacndnopcfnhpkfnepmldljode,Trumpspeak by Justin Hook,
gclagpkgjcfoahgoihkbdkdanampkfbk,TP Agent Portal - Back Office CSS,
kepbmncmedhjdpkebjbfepjaonegbhjc,QLIK Sense Scroller,
omkcajmfkmdodiflnkalgmodpkocfmco,PX Text Highlighter,
dfiocljefblnooijifbgodpfdenfioig,WebAssitor For APU,
gopfokpflndblbooehdbffnnjmnegeph,TeX Math Here,
onfnifephkedjnipodhdnmpipkpekpfm,GitExtension,
ecmnkaldejeaaffaehobmhapkhnicnke,摸鱼上微信,
hhhfnanaabgcafkmlplbifbhknnbmidl,World Air Quality Index,
cfgjnnpijddmhgcjnhmdioiconcgcfgm,Let guests modify Google calendar event,
ilcnigmficlggbilhgomhdkjhbkifgoh,Tshoppa Quickbutton,
lnobidaiffhooajnpibbghklbohgmonh,No registrarse para Clarín y La Nación,
cebgldbppceblpomepllpcmmebbmfcko,Convenient Redmine,
chghbamliemdoflacolmbhnphkmlmjcb,ADAMITE,
hhhlbcdjcjeaeckhmegpfchaagpiohok,Matching game,
bellobdjoahilbnopjceanjiekhfkjae,The Watchlist,
ggamfjdgahgfkfdfjcoajoflbefhlbga,Add Dallas Makerspace event to Calendar,
kfaclcnmjincibeancailcedekmbionn,Medods-Mega,
dfgjmhdilimpooppfbinonkmldfgjkab,I Love Bookmarks,
jipgediflhephgmpogicgppdbcogolmg,Stoner Rock World Wide Album Player,
bimdbekjngpcobigbdhnpmilhoaelgpo,mtim extension,
onladiaobgehegccljhpkngnemjihpdc,Ruby Toolbox data on Rubygems.org,
mniilfidgldlcjihejodkgpfbdgcomip,Class Hour,
bmlpmfedniagjiahfckjegejcgbgfhhm,mTuzo - Offers & Coupons,
nbfohdifekpbikccolcmcaclighmldkl,Ezuzah,
kbnlckcloiopdmbdidlipjnlhmhdadog,4def,
amkakglklcdbfbijfoadpcbgibanoabj,GroupZen,
pldpcmoignebohaloohealchfgaahkhd,Quick URL Opener,
gkcgpldlokenmhemengdaomdpihbboif,Fappish,
odnmjffmhmkbebhofkmeeejdbcofiejc,Switchvox Screen Sharing for Switchboard,
ekdmipoabmcjmlonhcdoijilfdoomjbm,#NAME?,
kegphgonpbelccfnbefjekinenhkaeej,Pink Jade Stone Wallpaper,
pbohpkceoppghcooppojdhdhlapphgmo,ePin for Google Chrome,
pflghiflffpippleomldgofipggccpph,Digikar_sugawara_seikei,
hdncdmcgkfbkhibfbijhobpanffcmkcd,Інспектор AUTOMOTO,
cmlefnkfdllohhoniicdaloibkdickno,@seen/sidecar,
pmkbippobcmchabghaeonfbbcncjhmjm,Github Saved Filters,
mijeaomdfeignidojjimkniocllledcd,IkaEnhance,
eljjplndnkopkklknfggleclpmiiddac,Vimsert,
mhnonlikchpkfajmfblfngbbapeleajp,BrightBart,
akjpijabogplombpcpccgmdanpjedhoi,roamstable-sidebyside,
joibipdfkleencgfgbbncoheaekffdfn,HiFrame - The Hyper IFRAME extension!,
gijalbbdloopaminilhjapmdjlmhdmcc,Jira panels hider,
mlcemmhhckcbbmfccebdcjdidjeciamc,Jorge Jesus Reactions,
bmdldmogfobfbhfbifklclnbacoojknk,Pocket Channel-i,
andonoojdabjdcacpleahlnendaeecco,Marijuana Weed Cannabis 420 Mouse Cursor,
achhibaeogcibjcfmccciglnpcmdpepm,Upcoming Movies,
oadbddkemkcbbnidafhkhnmodeckfnki,即時警報システム Pone by BSC24,
ggbpnkpnpchbgnahdhnpikmldfmmkfom,IP Analyzer,
djmemjiaekoigemohhoofehlennhcaff,Habit Keeper,
ojclbekffnkgbacniibdebdihhgenlkp,GitHub Mention Highlighter,
pbejfpkomoldkekbnahdaagbhkjodoip,Web Time Tracker,
hkaknmckahndjpohfdmhfilliekebojo,Parseltongue,
dglhdhjfhaikplcgklplalmejcahjheo,History Blacklist,
nggcfjjlnpahkgmmfkpfmoeijabkmhmd,PS4N.RU,
kiejhjecohhlmabmeligdhkkficbiiob,AucBid,
lchakbimkdddhmknaeapidnemiaijgel,Writers Per Hour,
cjpmgcoeopklmgpemggjigeedeomiaei,Clean Up Google Homepage,
gkmjnhekckfgapciinmiegpfjlnkkccb,Wechat group member exporter,
jmledancfjkclmbagfookmmnnjopaiep,Tirth's Live Website Editor,
oddgoblcnhadmnjjkjpkfkioijbcoklf,WA Bulk Message,
cfpnhaccjfaaianelddfckidjlnmoeab,Robinhood History Downloader & Analyzer,
lhkdhmmkekkpbbcogdellhmhmolbecbf,Roverlee,
lfilofimefipcadjlcbcmjdmfhinlphi,Flatiron Dark,
lpgcddiljbbajnkmembhfmmaecbgccif,ВЕСТИУА,
ehnennmkgkkgmmkgkcnoidcdahjfnmam,Udemy Interactive,
kdebapklkojiiipmkbhcnbbhbanopdfk,SAIS Timetable,
kddoggmoopncifmpgnkpchlokmhpeodg,Conectar Screen Sharing,
bpebginapdaoepffdbholoafcpdmdndh,Pregnancy - Fetus Size,
mgmejmknnjlljmmiapbcimlhpnhjdjkj,Vị nhạc App.,
dkmolnjgcflefpeajenclaejfddpcaml,Chrome Calculator,
jbpimmpmjcllclmhgmjebmphiopcfahn,Mooscript - Multi Tabber,
ipbpjemoogoafpabdoikfgpmohbbnhnj,Community Comms,
coahoojjbmhchfbaodopnkaimdhombfl,Coffee to Cappachoochoo,
cggkcnenaaoaoikpdeicghfcclallecf,TutorMeet+ - Screenshare Extension,
dcpgbeaphgkjgmiokjofjbmpfjjcbocd,Yahoo!リアルタイム検索で評判チェック,
inicknfojohdbgekdffgcdfiheflpnbh,一马: 在线代码翻译,
ebahgiakdhcobbfnijlmkpmbiebphoel,YouTube Filter,
ljepkkookbahfpobgklopkdgpgpgngkd,WatchedFlix,
calcepdepicecadfaibokdeheekbihkc,Youtube popup blocker,
dbclpopjelcamalncomebiebiodaldge,EasyGuard,
okejibnbjpkniodfdkdjmhpdgkifffoa,No Steps,
bfojgkkepfljdalgpchonfmidnblnpkc,Put a Bird On It!,
kclpoohngeojlfkbakpcleofmclfhjik,Homebytwo Importer,
fcgcldmbnnknahbpgfhjgknbbaacjaoi,Zen New Tab,
eampgdbhpjcacjjfcgnpncjkeibipmjn,Mute All,
ealpicjfmdaopfehcplgmghbbepcejli,GitEye,
dmmofgeifiaondncjagdnknopbkhmpmf,Drawesome,
nkbceicafhlobddjmlflmhbloffdekcd,Markdown Outline for GitHub,
baolpfghpeologigbelepmgpbcihgegk,Meet Calendar,
edldhcedhjpciodaefichchenblabceh,Twitch Chat Filter,
jknldahkeiboejkmjnhkgpaeikhlgnab,Pplware,
bgnmonnabpeilkcgpjckbdanibbelaib,Addrexx for Bigcommerce,
mcjolaobliodheojhafbebokkihagbof,GotoKnow Express,
onbfgflnjdebegibdagbabplamhnfgag,Grab It By The Pussy,
melbnefpklhpjpembcdnpjodfkmbpjgp,CRH Status,
mknldeppkopcbpdofkhemcdnbgolooen,Vệ Sĩ Hô Hấp,
hfobmodkealocbifijldonbnjnfgcfgj,ConnectMe Deskshare,
ckmkjpbimafpnjicpgdmhiimojdekpnk,Viola's Stamp,
kepcdifhbfjepljddhhlheglckopcddn,MNMN,
bcllleleikgpibgcgpmidnjciepoaegn,Manuals,
cjjcgblocebfgfmmokkjpbboinlhfcii,川口ゴミカレンダー便利ツール,
omhmeoimlhpdfggkfkaglipdlopkkmek,Blu Dot Shopify Admin Extension,
lmdhejjpidgcjlhdfdjcofnbpgfjapho,Darkenify,
glifngepkcmfolnojchcfiinmjgeablm,ShareAccount,
fphgolmhjdbiohjkkfimdbjjhbmndegm,Web Secure Plus,
ophkgoaghaocniklppgncndplmcoabea,里屋赞,
ehcefikahhoajllcapjbkagipidpilmo,Staffim Импорт резюме с сайтов о работе,
fjbjbkoepflddmlieaicfhelkdmkbcdb,MalwareAI Browser Security,
dpaciokbhehafokdapmdkaccfhommclm,dmm fanza affiliate block,
mmiffpidlabhagigmbeiclagfinpacdn,Lido Helper,
kbedblbpfmeicfpadihimgombbafaeeh,Keeper® Password Manager & Digital Vault,
ckniocabpjhckhcfiobhmmndagjdgeid,Instant Wikipedia,
ghhobofceahbdeepjnkclgccbkcfnhfm,Analyze-it,
ihcclodphidaidneegfbikgacfehlbbe,noteツイート検索,
jfjffepjjcndpmlblipanlddaiebobgh,Free eBooks on Amazon.com,
noiffnkgeldhkegbdldaeghijnoghapj,Lithium Studio Editor Enhancement,
fonpiceddjoipgcjpnlefdmiokafaikl,firsatduskunu.net,
jdgmggkembbkagjabejefkdkifpkfokp,Adjust Square,
apggcjbongdcfhjjhhgaodbfoldbibnd,Ariel Systems - Auto Login,
hfgbofkndeplfbblcickldfgbfelakgj,Streams Now,
gakbkpoophhepbiekagocpmdhclkajba,Slack RTL,
ehljbkhlgmkmgbmbjiocpecnclbpkddg,Reverse Meme Search by Antimatter,
hhgghbafnjcfpchdlkcklhckpmjniiia,direct EXtension,
pcgpbnnplbkcljcghfjmlhanpbnjgglh,BH Local file links,
jhnfmjcimdbckjkbdgjkjkfmhmadnaoc,Pseudo Pins,
jmfijdnppmodpahjkloggpenjmkaahhf,hns-online-extension,
jehooibbhiefhohnpckicmfdeekelfke,EasyBroker Assistant,
nghpcjjmhemilbphegklaehbmoepfokk,qrcode with scheme,
apgaidfjjanggfijjfdelmdaflfdhpoh,Truebodh Vclass Extension,
iabdljifgjboodkkeiblicbebmajpgga,D-ray,
pjbefdcbjjegaeiohffaaalfooablfec,hurriyet.com.tr search,
lhnfjfmdmifdabfpdkfpnjkolafogapo,Social Media Helper,
ifeladbcpppilicpddbbmnfbgemaeeai,Add to Blueprint,
niemojilidmmanhhnihhhjhdaelfmjoi,AntiBrowserSpy - Social Network Block,
mhjoebppoefmbgghpkckomgijhkhgkkg,OSRS Forum Poster,
jhdanapbpfgeibpmaciiefhpbbengmak,Donald Trump is Horsey McSnuffles,
ddjgjfmgcgabliaidkojoheljciolobp,LinkPalette,
kjmdjdngdakjomkdbeagpnedehelhjhi,HiNext,
nhfbcodbpppjmddepjlolnpkndppedlf,ctrlc,
ihiibcpkgomehmkohaedaebejibmdnlm,Netflix Reddit Discussion,
egnimlkfamidojgifcbfopdocijmapjp,Mail to Gmail,
bfihfcadjnieciejgpnlpglcacbjiefa,SIMKL Enhacer,
lkacomkhliianbamiaihdbcdagffhjde,trustkey,
aolnbenhahgdmbdgjdkphepifgdnphcl,Canvas Quiz Printer,
iccihljmnnkfbfjkglcfomgkbbejloam,Politically Humourous,
ljoognmkpflmffaadjapoddhdecfkifm,Omnibox Translator,
honhdlkpgjblgaiaaagjgmocglcfodfi,SesliDünya Sohbet,
hnhmgniogpkaanhebibdlnnhnehlifck,How many characters,
abkhnhidhijmhchhnjoookpbhmnfjgog,Magnetic Money,
dliapjbchfcjkikjccfdapgcgiaacclg,DeeZ Live,
jinicdjmbcdglehjfopndgklbbgijmad,PodQueue,
ncajiljolmppdehibdicfcofjbooafdk,u_infinity,
fefhopikghgifbcoeobdfakeeliimima,GKEmployeeSearch,
bbikjjbpphkhejhalmjebhopgohlflag,GitHub Monitor,
mgibdhnldfehgbbkfhdakpnpchmjbine,Amazon Easy (easysell.in),
ejbjajelbffdpmcphhebkmkjokhodfol,Just select,
lonjolnnkfglcdbclfnhjonkhnnadgjc,hidedubbed,
fjcegjiphojkppgmagajiocmegikmmml,Switch To Youtube,
dkpdecgeaddlfilnhfkfiobidfifbpkl,DigitalOcean ToolKit,
oflcjbbjelnpckgkiohohbjmgikaknac,ChromeKey,
gkgbmfepmaeajfnechhaibokmpmmhmbh,Right-Click Blocker,
fibniljfhieplbcmjlbmdhaobjdkhnak,速度翻譯,
hlegipgiifmkcgeihkfnaoioemledjbj,Language-Mate,
denknahekobanhmcekkdglcogpecegbf,Block Mong Flood!,
dbpfebhlmkmglapcnmhiedpkoadpggco,Loginext,
dnmehhbnifnmcmafbemobpfgmmmcalde,OTools,
hgkidiolliocgcfaaoohdjoheoamnmdd,Voicenter Chrome Extension,
cpmjhcllgncikcobnipfoomiflcdejkm,Spiwi,
dfdpnfjofanhigifgpfjjheeohdofnjm,Thoughtful Tab,
eeimpkbacaehendgohnhncmbnhljbnfl,Hexy New Tab,
fkghopacecghkmmhjhdhkcjlklbllmhc,ChromeCiter,
fbmladlgjflcomjaojcgmkdmhdojfhbg,Panda  Workbench,
knneccadfllgbljifadnjoaocfimmdph,AnyGraph,
jgmkfcekmdlnfgcneihgpnmpemleiooe,BMW Snake Game in popup,
iabpamcebjnpmndpcamkidelabeibeec,Zhao,
kjoijpickeldamcakhbhbkbkbkpdeenj,[Gaming to eGaming],
ikgdedlfcejdjkhkhgpdfdnbjkmlgbfd,Scrapbox Links Relocator,
bohkfgiidconndodlbmkaondngccmpmi,www.tunitic.tn,
fgkboeogiiklpklnjgdiaghaiehcknjo,Downloads Router,
benjjamaidjleaemdjocdfjgiapjigja,ヒストリーマップ,
iejoafckndcnmdpkpogpfgcmflkgcfjm,#365ArtCalendar,
ddncfkfmfenleahgbgmdbnfdbjohmool,Netflix and Chill,
bcojicpbaddhogbibcdgihofgcojkldl,Book Keeping Automation,
jmmhjiefofbnglhkhjhiliebmgiaaheh,AxelPilopLive Extension,
mbndljkgaoailfnpeodnlejigmkdpokb,CJDropshipping,
gackoepileiadiojfaejlkacmcnpfeeb,Ganbox SEO новини,
hhigcljgpoilbfcdfemloacfgehakacc,Flaskwork,
dhinlnidajhpgifjbhpjkgjakiemagnl,Spark this with Sparks,
bicnpaohdehplkmfkicdgflhinfcfjbf,Casa dos Horrores de Cuiabá,
gjodllhlkmhekjodidkemjmjjojaadac,PocketCasts Hotkeys,
pmnefgnifoldpafadfiecpgdglmmdmke,CFCA CertEnrollment.ChunXiang Extension,
llkokplhejljfclkcffdjaiplkkjcdam,Cauta cel mai mic pret,
bhikeadioahfjdfnckphpmfjkpmingah,github-target-blank,
imajjgjmejmkaiblalgdafopplcbedip,Gemme Save Button,
cnokljebgljnegkchppjijnhbcjmejdj,Readwise Exporter,
pcoomilhmblhakljeemphlnngejmehca,TrumpWLB,
hcakkkgjickcigddhkfagcbgehenpgcp,Goli Links,
pbkplelomfmahlbhpekhcgebnhgknhjh,Google Mail Notification Sound,
ifcbpkpjjoeaanfpoifeooahbhbnfoli,Twitter - Unfollow the Unfollowers,
ddjnbibkjnpooggbojccbaodjpjcbabg,China Firewall,
kfccpclhclnneoccjodelegdkdfabcfo,40 Rabbanas - Duas in Holy Quran,
hnapnkmenjbgabpcaomceegondmfkakl,WowApp Shopping Cashback Assistant,
kbflpjdicpccioemelbhpojmkhkpekcn,ノスタルジアグレード表作成ツール,
gckhegpcgkmmjkgalbfmhhpippnfaadm,Appdron Analyzer,
cfjebbnfpleijnnblgiflgombfgokbfo,Saar Extension,
ladojgnimpippmmanlkpcpnmmcconbhe,Label Savr,
acdiofhhlfpdonjpkedjdlknhfhpellm,Brexit Means Breakfast,
hhaeiccdiaojoofohjiennalnphobkaf,AdGuard Browser Assistant Beta,
glaicnlmooddlibnipmedfkfjkphoklc,EnjoyCSS,
hhpdibhobdnkajbnflilbbdiibpljibh,MST Screen Share,
fpepiolnfdjgmlejkninmihjcekenhkj,Intuitional Book Searcher,
fngcegefnpiegdfljamoflhpaekjfhji,WAK Cliper,
bomjefnbajahciiilfnneijeckoadpnc,TEL WebRTC Desktop Sharing Extension,
jmbafmpechpldbjibaiainioinaiedhe,AliceMedia,
hpkhlkagcgiifoppdbpfoomaiomjdmji,Pro Email,
knooimelchgpbpblfhlgkdifnabcolin,Live Helper Chat,
jipjlldkiogihcbigncbgbbjefokogec,PatrickTheAudiophile,
mbkgmbcpdlmljilggcgcfpmcdjaijmfl,Stylizer,
ogiofnlmbpmfephaijiflcbnjjbbmeaa,PlayOne Transaction X,
jnihajbhpnppcggbcgedagnkighmdlei,LiveReload,
ihpcojcdiclghnggnlkcinbmfpomefcc,Make Zero - Text Encryption,
oaleafkgmidnjnbmbopfhclkmlgbhdmo,Vidu - Personalized GIFs for Sales Teams,
ffphmliiaihbkopplcpjcahpeljadame,Change.org Petition Tracker,
mdcamifmdfiigoakopglkppeofalpgfn,Twilio Account Switcher,
llbdehgkjokeodpffneagciojeegphdc,Mannco.store Antiscam,
aflocdggkpgjglpbmdaabpkeklghkahl,Gmail POP3 Fetcher,
ckapaombhfnomlahpkbloippilkghpjn,Kickmoji,
dmhapbkbkeopdeapenongacbpajdfljg,Calc LS,
hdommeagcldeibnepgadkfbhiofkndgf,Steam Market Auto-Agree,
oddngeadmalffehnojopigeifeaaejnc,ayakotm,
adihdijkblldpkkgkfjgpegikbbpjdcn,Enthu,
odbhgkdgilagonlanpejihbcgbhnlabd,elicit,
kkaldeomfkcjgblbijbfamkmcaaacdhg,Porcha Generator in PDF,
ipbclffpmnocdigdcpmahfmdlibcggal,Convert To Popup,
jpchdfcdnpnicbdipfdmgiaekkmbidbl,Codingame Solution,
bdfgjmkhjlpdmabilebjcgfjajghnojk,Space Cookie,
emicaigjkpfbgljmoalhmmbheakjokhi,Mini Squeezebox Control,
hmommbfeepgnlfgcjagjjebeipgkcbhm,Amity Faculty Feedback Auto Fill,
kajgdbpkkikejkaefnmnihalgngmlpkk,Disney Plus Helper,
ahiipffmcifaempjoeecollondfinbik,Clip To Dynalist,
fggnhphfohemekoiocpiogmhkkmeogph,SnowFlakes,
odncajgipbahnjohekaecljhncikpphg,"Ted Cruz, A Oil Liker",
jebdhgflljicjlkipieipdmkllpfkmac,kNurtas,
bmioapgeabpnhcljmoojefabdnmibimn,NikkeiBP auto Opener,
egdlgaljianpgdlmfijpphbadibfncdm,Ranorex Automation,
gfeifalddkegefgflkjinekmdcidnfcg,Value Desk,
dachjhefdfedanamfieojjanliopamel,Sub-task creator,
ondfjbeeffklbifihcnhabapcfnfmikj,On Page SEO Check by Irayo,
gfolphmpnkkhkmcfofbjkkbidocjkmgo,Definition finder,
ekeibbdbjgbkapefeiepkgiblgccmhhj,JIRA card layout based on stories/task status,
jdelfgkbiofkjgoojblijaihdnblklnl,search by selection text,
apcbpeoeffnionnjdhcfphejabmnaiib,Face2Face Compartir Pantalla,
djjaimhdgmjgpamglhdjcibnopdbicbe,TradeSlide,
pbnndmlekkboofhnbonilimejonapojg,Midnight Lizard,
gcagclbpmooihllccniifbdekfeneebm,cros-anywhere,
ikipphmlahnffieaaliffjjlffhpbjgj,Charters for Pivotal Tracker,
dpfmcablghlljmibdidppeggbhhnhlfh,SIAC,
okeennfbdbebolgjgokolfdgnjkaikla,Furball,
hinoflbjclgnnaccbpbenmjomjmiafmc,Enhanced Image Viewer,
pdhghigdobkonpkofhpflbofhhiledok,Kyiv tools,
mbmblpolabjhoedckfbimgbnoogmcooi,Polygraph,
ggafejbhopolaieibdkojeaiaodcnmbb,TF2Center AdBlock,
lmfegmpeejjpanbbnbghfpidhhamkiaj,QMATIC Orchestra sound,
bacfkokhehaifjoobhhdjcepalipghdo,Freshr,
igpnbppkcbklpmgejcaindkdkpgifoei,Vmowarn (in development),
aeabknmgmghnmekbhbngmckaekhehchc,Tab Switch,
eofhmgcknfjdcihcbpnghkoipjcngpjp,Laravel Doc Pin,
klmjhmebmifmdombbdecdeeannafjofd,Buscar en Mercado Libre,
dbekdnndlpdnoghkpmfbbpijlopndakk,Seemyfit,
cdpnmcehklcfepflojdklfggahnaolid,News Tab - New Tab Page Replacement,
deelgjiaicpdbfjmpifibadbhpijoofi,News Evaluation,
nnibhjkcbjcnhknicjjfhjjnappabojp,Super Evil New Tab Redux,
fdmebdmofpephljgnkdknflclenmnfbp,Better Calculator,
bipgbnnhdilbcdnfkdiijdmfmdbnndja,Whats This?,
ngbeahjnndjoedgapccnoennbmalppbk,Random Rails API tab,
elbmpmcfgfmcgkhecmdpfkllpcjbdpdj,Universal keyboard layout online,
dbggdanopokinemmogfgmkbeaoojfkob,Darker Chrome,
ohnfdmfkceojnmepofncbddpdicdjcoi,Fast New Tab Redirect,
gjnjfnghbiibhfppahonjegijjcnhllb,Popsters Addon for Instagram analysis,
igdefgboaakgcgkiacceikkgoeceabeo,SEOReseller Lead Finder Chrome Plugin,
eeejeggpdpjgkfocdkbepdbkpcpjlncd,Bit Trackers,
jokhggepeefenihapjabmdaehdfnopkg,Find Absolute Positioning,
ogmnlijjlpgemofpegfdlnaembcgnnhj,Tab reloader,
afgfmhadckoceglegjcafilofgmlehpb,Pardus Tax Refunder,
pljgpifbaeibdiaockgmnfgkhbhooplh,Calico,
accjmmlflcmamocjdkojnkhgcenoeabf,Smart Digest by VitalityNode,
gngkajhokdlekeobfmejkdlbkcomekho,Ares Notifier!,
pmmdccliaefoekdaijlgnelnngmmemka,Delete the Element,
genlpoidbjlaieaginkdbndpbejibdlm,Salesforce Enhanced Code Searcher,
hoigangicmhhbekpcfaeknfpldhhgopk,SimpleCRM - eKYC - Screenshot,
palkjjlphmcnghoohihjdlhmpkoclidm,תוסף המכלול,
kdejdkdjdoabfihpcjmgjebcpfbhepmh,Copy Link Address,
bcjhhjjmcifefhglfnhcagcpphdennfi,Grill Card,
lfnflgneeaghnabapckogkopdnibdlpl,E-commerce Helper,
lhioopgppngfhdbhadmcfjhaakokemag,Kuban Protection from Information,
gbolfipfbcnocipjlpepllbnkiaeinpn,Oronraaa stream extension !,
bebedmlpjbdolefoblghhhiegfpilpcb,LandGrab wide layout,
pehplilfmegnchkaojolnoimmfelhpmm,znet,
hcffgojagdaebjicjhbcjpmbolaaepme,Nano Ad Block,
bmihblnpomgpjkfddepdpdafhhepdbek,Minimalist for Everything,
kgjbecnmdmplkdnjpmkjgajimajjlffg,ECSU Course Schedule Assistant,
kdacdppoldbkihfdimpnfcldmjkjkooi,CharitableLivingExtension,
jailgicjdknlmhgikjppdfbjcbjmaeom,DOGE,
lfdbbeghkccngnehlhblimjkcididlbp,Demo React-Chrome extension,
lohdokmlnkfnkmnejklhjpidincnbfji,Kami-sama,
hcandeeccbpmannadoihhenofiolnbhd,Don't Hit Publish,
imooebpclifhpadehainnahhpkoknkam,Reddit Sauce,
fahoaamoeaejjidplpjhgmaggphgnaig,Social Media Stopwatch,
jghogpbpeimbcenfmligbhclacjmnmkh,Радио Сова,
njmeepggdchkfemfbccpjedjgklnknod,YOLO,
iendmhkiecalpikodhgdhjnnmnbggeeb,Tabba,
faiilkphlbkfnjddbappbaahpmafhmbj,easyWords,
eaphndngbeiabnejnachpmpmkapipihm,木星加速器-回国追剧听歌,
ojiacghdlkbcfphkggebiiblbhheiopc,퀵숙 Quick Sookmyung,
nahcoedmigigijfonehkkbnbgoopgmnl,Deviantart.com Favicon Override,
fbdnhcoopdiafnfaggdaflllfnoihghj,Darth Plagueis The Wise,
bageaffklfkikjigoclfgengklfnidll,Coder's Calendar,
ehehkighlomdcobfpakjcfceooaebhgf,ChromeIt,
emdmhahapmnhglpecipeiljndobfgpjg,QLinks,
igonmjpffeajdahgkmobjajnijbbohob,Товары@Mail.Ru,
enchjidoodnbfkmidpfjlbdbjjlomfkp,Email Verifier,
lhjjaoaopjdgeknlacabhnbehdeeklla,Document View Chrome Plugin,
ijndfmhnnakmbfenhljopdeeiheneahd,CFCA CryptoKit.Paperless.ChinaWLJR Extension,
codkdimhonciacogdanganfpjcehfmbe,T-REM direct,
lglodolklpafcnjeaphjdijmfbmikkgn,HubLighter - GitHub Code Highlighter,
pdoloplkhphglcfbofpacfopoomahoka,ResizeIT,
mdcgnhlfpnbeieiiccmebgkfdebafodo,CatBlock,
eclanbmanbnaolbdgckchdmgpghhjjao,COPERATO Click2Call Extension,
ocgohpmpnacbidlolnddbilpfmbnlndm,AutoLogin DuocUC,
nljbmjehmemfpnlcohjlijdhdanoilog,QQ邮箱邮件提醒,
pbcgoppdnlaobkephfcdkhomhikkgokd,ocv86.com,
dkfccmdhdhememmjjejhlkhhimbpeeem,Unstyled,
icgnedmflkjdghcdbglhfcjjphibffpo,SpotifyTree,
ehijcebfgpioejolcidibbgahgmfcpol,Driveway BETA,
bfeldahomapdhmnmedanpodjpkfjohen,Canvas+,
hjpkobmahhflbojlkncfhangcakfmclp,MBC Calculator,
dfgopphncmlabifjnlmpjnfnnjnimmci,Сергей Сароян,
fdoblkoipdnoffnlnnkjmkjhnnommepl,Integration Tests,
holipbnhfamiicicambffdklnlmiahoc,History Classic,
ekiehkdmjondgblicoaolfialehhdkoc,Reader Self Notifier,
hmdhljalpmpgghliapigbehkeablflha,UBOCK Tab - 优博客标签启动页 简单 干净,
kchbmmibmpfnpjmokdajkpbeidkbidhi,Commenter.ME,
mckplhieifgffaioogmickippgiimaki,FRIZB,
anfobcbjmgnoidbpigcbnjklhokcpifh,Sentinel.AI Shield Masking Tool,
dbhoblefpnccdoaafjfoccgpdlfgkfai,html2docx,
nidfbflgolmnljkjhfbbnecdncaigfmj,ynet improver,
mibogfohjjfppmobdajcjeobbfnobmfo,just open it,
hgnipgiknaeinnpcclfendkbppdhjkbd,Deskulous Chrome Extension,
kammdlphdfejlopponbapgpbgakimokm,Automation 360,
kddpoomkfoafiocglfhpdbeigehicpnj,VK Custom Stickers,
hebjlafapjbpmjdjogcfebmaneeagpck,MeetAccountChecker,
lbklojehilmjknmplfdahkdjmkklpili,치지직 노래 다시듣기,
dianhnmggjkpmiiceaajbngbfglgicgh,SmartCart,
algblmhagnobbnmakepomicmfljlbehg,ADS Wallet,
lnmooplfckkcpmnpamgnlhckhnafpmip,倍云数据,
dakpbdiplbbpkiejkbdebphiajboajic,Trello Card Printer,
gocjinclklmlfcdifhakcahldahdlmhb,IndTA exporter,
cmemncdbldcpphonihcmineijbmjmend,Dental Turkey,
aeemjglhacpngdkmnodbcbleogfenbjp,NOZIP,
enhajhmncplakageabmopgpodkdgcodd,Tap To Tab,
pgjlnpabcfhabjjhlmnicgfgbfkmcone,Ellipsis,
bkdodhjbppeefkfaaheedfancjgajmmm,NoFoMo: Attention Game,
fobkdlibkdcflheegndaideepmikaknb,Covid-19 Tracker,
hlkajleaiohecgalhjkffcnpgpncjgja,Leadstash,
emblldojcmhgpnkclpcfkpankgfjcped,Widen Asset Detail Alert,
ielngnflaminjmimicdkdggphaaemccd,d_click scroll,
pnppibibeggmdifpnodmjikofhjbfhef,IMETHANBRADBERRY,
flmnecgbkcpalbenlbdfljhepngbdhdp,Flying Meme Animator,
fbdlmbhemipjmnkikilolfjbdkpfogba,YellowCloud for SoundCloud®,
mlcmeegikkbeingdcdefcdfbelmncoee,offline-json,
amcdmclnhlmfbbljeaahhbckaieobhmf,Smart Calendar Event Plus,
fjbngkpiplemfiflfmbhbjicmmfdcgni,Google Meet Global Shortcuts,
dlnepfckckhaaehhcgkakkgnnkhdlhma,Overcast Downloader,
jeimdjlcmcjfkajbiiodpbgmnpihbfpo,Password generator,
blmikombemiddkippgjijjgpdofliogo,Omnibang,
edhklkifoagbfjcipndlbkpgfoklaeho,Hello Extensions,
gppjccbnppanjcchekonkmbaepdeijdn,Discord Theme For Notion,
ojmjgcoiojgdonapgldbdobnmagdlbpg,The Bookmarks,
mkclebnkdjjpamialfgieminnkdepbcl,DECS - Code Snippets Manager,
odmdincnohjamcenpapeldlnmmkgjagc,Motivational Status,
ecjlngcbcebddleebhfhidgieejegiai,Hey Rilch,
clenlcdnkhcmilhodbibgldkmldgpboi,Tablight,
anphpbfahagkdljlgeajoooiogcfnoee,SmartBookmark,
pokigghgoachjedfaajmldbgddlccgbi,Flash-Radio-2,
epjfkhpbgdkbdpcicaenldoebllfjfld,Coop Navigator Improved for uOttawa,
ihcjcdojlcelkboekljhfgbkkhiejnhe,ScheduRater,
joibobfeaeadfgmiekeijopcfoefimkf,Easy Playback Speed Control,
cppocfhbaocphfnhfbdgkopfhhopiaoo,熊猫头记仇日记生成器,
olbngjfbpfnmlcjkbiajphbnnicncbng,Slackr,
ieompfkbfmgldbklegjkbljclgncbagm,Speechyard for Netflix,
okaafikclepnpjlcdbafakiiffbccmkb,国外网站加速器 Googleapi Redirector,
kighipielgfodicnpbfojmendoillcie,Clean copy URL,
fflapemlcnocgjillcjgkgfpnfainnoc,勇記冰室 - 是日快餐,
fmmkacoijdknmnjjphlhjccioediljlp,Reorder List/Library Columns,
ehjaneocbjnkcjnmhglpgcfapnkoomho,France Jours Fériés 2020,
mdbmmilbdpfcepajephleaocljnladji,Tab Saver,
dgdholpcdmhcmpceilhebneggabenide,Reddit Enhancements Lite (RELite),
dnbienmilkidinchjfnhllcflpjhiddi,Circuit Dark Mode,
naecimmjiapcbkndhcnjcjalkibkfddi,Cat Feed,
pcpeanhmnipjipojnnlbanggmpjijclj,Aliexpress Belpost Tracking,
bekaaookcdbaplbgngnckigogkeokahc,Petica do 5,
ikjgodfldkepjeieahndmllhdkicmgdg,Particle Clock,
nmjdomikienlbjncijemanihecjckihf,Reddit: Report Spammers,
mjjnofoemoepfididplbfimokpnpcoeg,Apizee Desktop Capture,
hcdkopihmfgkkjdjgpfhehgmijgmebjl,Crossref Search,
aajeclgjifmdgancolheofdpabgkaemc,Stackoverflow Likes,
omgmagmjkbbdpdlgcepmfeclhmgognem,beautify select,
mjpbgdhcpgkoeoihhkfcdfcmjchgmhdn,Trump to Clown,
dmhpoffcbejknbakkembehopgpkplpnj,Rajhans LSK,
ejblinjidfhnpkjbphoendgjjnhmfoee,Visualize Value,
dnaegkonnhdiheepijbpjoofeoloaemk,NEO catalog,
dldiikppepdkpcoennmeodjejepfbomf,MMTS Time Table,
ahidlhfmgbgllaemdaknmcikdbnkbbfa,Isnichwahr.de Pro Addon,
fkenjdfofiafkbdnbcjmdnpkojoedcka,NOC Manager Xtension,
dmmdkkhilbmhncpkpbaknklnciobdpii,HBCA Sidekick,
hjlndlhdkiepblonammkheplimdgplec,Maaloma,
fglbjapbpkhkcpkfjfmcoljddcmcbjnj,F the Newsfeed,
flkgiklgicdilllnllodgaedidkafiaa,WikiZero Formulas,
pkgdohdnenbnabmakcjnknnkbhiabocl,RecruitCraft Import Tool,
jedigblikfjmjincbjgichhkmaomclcp,Startup Hunter,
ccpgjidlobnenejelpjchfalphhebeea,ABC Random Chooser,
djgneammmklaajinkihpibdpaflehgio,OwnCast Extension,
mopfkbmlpaaoocgcjifnlomobfejpfdo,PayGen For Mercado Pago,
cgeookpmpkdkmeimipbnkapmofcmjckp,Extras SavingsKey,
flancgnijjjnmfdjigcojclpadcnkbof,Bus Routes Overlay,
fmnooaflbaagkdjhidaggopgjadidcnn,Yungblud Red,
gmfoblchbkceknhddiogmdfkdpmmcmlg,Auto Like,
dchhokfdmiinnogjonjgehmcnfkjgmbj,ImagesOnGitHub,
aaloipncepfdbbgljamgnpjhnaacokff,Raffhelper,
hhekjpfbpkfbodffelojbhbmcgcmekff,PcPhMedulaReceteAktarimi,
lhlhohpnkgpbmdgnggkipikpfmgnphdf,LINGsCARS - Gmail Signatures,
cghmbekegkjpchbdhfcknnfhdihjkepp,Food Roulette,
kaicbfmipfpfpjmlbpejaoaflfdnabnc,Chrometana - Redirect Bing Somewhere Better,
olifngmkabgkapkhkpancabcjmockpin,RocketLink.io - Track any link you share,
gepnkjacibmjnioegjgdiofnbjfjclcp,Zoho CRM Search,
jlppjmofbpgohlmjjiokbealfkodhgel,我輩はダミーテキストである,
injfdkhoambnmbignljneolhkohkikgl,Send to Slack,
mnpnejdcejcccechaimefcknpkkhlkhd,LiveTags in every eMail,
mdhpjcaalbbjbhdcmdkgfppiiollkedc,Dashboard & Search Bookmarks,
afnjhkbimbgffifhihejifchdidmolcn,Solr 4.1 helper,
dbkmccgeodbcnhdeahjhjiobnfgffdmd,Codecademy Improved,
fkdgchhakalhdjjidbpaccllhcfmpoeb,Intel CS for WebRTC Desktop Sharing Extension,
hbfhjphklnjcpfindkfbbajlaajkhbnh,Sniperrr,
cpfdgemgbhfdbhjfbpjnehoajfaflgij,返信候補者の取得,
gimgggabfigedfmidfhmgaaccgefdfnj,Harvest,
nkbpagohbgnpdpldlcmabekfidlkfcad,Translator and Text to Speech (TTS),
flfjgnicjjkehbjnjjkooeafbckbcckl,CoffeeCounter,
epamhdpboimbcdgokgldffcdkfmbmajg,uWaterloo Schedule Exporter,
gkoehpjcbpaekmkfhokjjbbkjgjknpjg,GFS Hotkeys,
pgmbjfpmcplcjecijhebaaifghgoklhb,MultiSelect,
ialokhnkhcidalidkngmfbkdfjlllkan,Distraction Avoidance Matrix System (DAMS),
pnbekafiglfjgnpebmkllgnbcakfldek,SaasBoard Screen Sharing,
ebkgfgjoekdgchbafocpchdecgmicbfi,Save to nvALT,
heibcnhfbgplijjflkgfcdhfidneikeb,SnowMan Game,
ccfoelomephmbjpcfjndknhfmnnhlkil,Eta Saat,
mddajkhkhkdbobeflodhaoloeodmdofl,Symphony CMS Tools,
kknlohnjdboelfpanccoiipilkmiclfa,Rio Extension,
jcipbkohabmnkgnbkiiopnfbpdfooope,Amazon Link Shortener,
ijepcdfnlcdepamjdjcfgnphjfcpbapc,Bilibili BV to av,
pijdbohikkconhjpmljjmhnalkoiinhm,Indian rail seat availability by-Shantanu,
iadecjghbhachocnkopebjjaanjjpbmh,Azar Whatsapp,
plhmbcdkokgenpecfcbaoaejhiihlkcp,Dark Mode Toggle,
eglhkdhnmkggbbepgfdigfajlempkdif,Money Manager,
ghikjlilclccglcfjcfomejpbgpaaban,Surf,
mkaomeoghfefknijlaefgdfeccbbnmbj,Deafcom Belgium - Extension,
ppkickbgijieebbgfipephpafiiebapg,GithubPulse,
ggnepilchhmhilikjffnclmkagjgcdjg,lamu city (samatika) free magnet,
lfebbkphkcgbnegnihnollgfllmcjfaj,生成毛驴短链,
dclnfaiogehejbaddnfphoemibhpnndc,Lisztify,
bhdeifniefekodapfcaodniphfajogob,Steve Harvey Reactions,
lnphiciggjdjiilipbmlenmpdlpakhga,DashTrack - Doordash Favorites & More,
lkmidpkafbcnchdpbnajapbljhbjmkhf,mytaoagent - Shopping Assistant For Taobao,
ojpbfakchibmcklpfcknmgpkfoejjikf,neutral,
bjnjpgickiadfmfbhigdnanjcdekeebi,Sprinklr Desktop Notifications,
mmjcidfpigclfkghfaphfnbofngglahk,Astrology Remover,
phnaagakdgflhjpekoiklejdgadnlbgc,Error Page Enhanced,
kpjdlhnmjhjnbeigfilbaiklikbopbca,AdBlocker for YouTube™,
omjhkjdddehocpnflflldoilmeniddbm,Namirial Theme,
mjlgdiclanhcloangjbhpmoagbhmjlgc,Add to Sonos Queue,
bmlpilhfekckdbjigkmcjmjljnipfeal,jdees-shoppingcentre,
lmgalnfhpobkbknbefpgbccnhfbpgfja,YouTubePurifier,
gpahkknednndkdfgacjdgpgplecabmpl,Senads.vn,
ekjkpcilhieongeoeahkhfaaobhhpadg,Unfurl,
hjfaaobogjbeoildpcigkmaooifaklen,NGStore debugger,
okbmccnmgfhccbhjajnngneeimeelajl,Omegle Shortcut Messages,
ihciiallgngpgkhndenicoodfmlcjjdd,Amazon Video Reviews,
dcgedgipmncgjlmkfmlnedjfdpohcpki,Simple Discard Tab,
ngecnggngjbaedajbnmbmppmbflgnpmp,First Line,
hkhgaagmcgamkdjibgegkdmnlkaaejpd,WikiSnip,
hhfkcobomkalfdlmkongnhnhahkmnaad,Voice Search,
ldlabgfidopfkhbdfaanbihnjnkijikj,随机抽签器,
dcplknfdiiipcapmfadohmobibjdggjl,Don't let it go,
bmpeogljpfeieichhilekdckgpehmefl,Edxot Blocker,
oaehpopndpdillmpndcfopehgihkdflp,HSPTV! BBS Syntax Highlighting MOD,
bchfldglhelihmdgfdfjhfiaglhehifc,VK UA,
onjihgccojkcmlmlbjmgkcnehdbpbhcf,AcFun HTML5 Player,
kgdnhdlajblicgaipcbbkhdioknkhmle,Перископ,
headmjkbegpinemhdpfckannnkhjpoab,LEXATRADE helper,
pfdmbcpapghhokpllhfcdahamakpbijh,Square Up,
onjdlclpcjjopdlmokbdbkmhfhonkghd,网易云音乐下载插件,
jjiplmokffdphpgmmjfbjcdmkkcnjkgn,Erev2 Night Mode,
edefpamelggilpljngooppkmgbheeeic,khcanvaslink,
mgfejaiakfkkipbelelkcfbimnfjhebn,Tab Search,
cjcchiclmcijedibjmcbgbollbnkmdog,Universal Custom Player,
hikkhmfhohhffadogbdkkemmogfcgfpm,Search SirsiDynix Catalog,
dlgjecnejicmpdknhangcbeahbgipolf,Millennials Begone!,
cbiebeojojcpkbcbedflondibccehemf,removeit,
kagmhkgidgpgkpnaadhcpolamaompkno,No Moments,
hfoemaecphpoldiogkkalajmpgeheelc,Pumpiee - Latest Update News,
jbpjollkphneaoibgefchmmgkmonkjcn,Quote 24,
kdnlbgealinpnebnoamnabcpjkifokpk,Zendesk Priority Highlights,
jkpmapghkhjfjbomkjaccpmbkhdglidl,cookies_moreinformation,
pidmjejnmfobkafcmkhppinpladjnnpg,Hex-Grid,
fmmeapmiaceajgihganackickhkomgla,React Monitor,
pjepilnhilbmgjpffffkmebbbkomhjlp,Translit,
omcdjhhdpnjhppndekpomnnkgefhcgpn,del-his,
kdcpakgjldgpbilmicmmlholnfcpmkal,Silver & Gold Price Charts,
jefhcdbdiekhoggnankdaaplnlehknkg,Ecommerce Inspector for Shopify and more,
gahbbbpmjflbilfokjceljgidfdffnmo,Hip Hop Beats and Instrumentals Online,
gcmfngnfcfkfpllkoheelacaikcahhjk,找货神器,
enjbmefgkgffamingnaeiojfiehhggge,hansah - lowercase the web,
ccgjmadhdidfloacagcnnodbkedkjedg,FreeSMUG Updater for Chromium (Mac),
nbljknjnnkmlpccdnlkkgmnmonhinbnh,Hawaiian Keyboard,
knajdeaocbpmfghhmijicidfcmdgbdpm,"Guru VPN & Proxy, VPN to Unblock any sites",
elginpmfagfpagmoiogocfholkelihff,搜影片,
ngdpilmbmplccomcgkoggnodcmaomfnj,Humble Pal,
ajcjkemninihecbgljahanflndoeggao,Tile View,
nflmaekfbnhogbkdaobjocdaeiojlpeh,Nakatine Live,
mbmpnpilagnblknhnlagloojnpjkmjmc,UNIX Timestamp Converter,
ieknhbpppecbpnojmhhpofbgeedbmmdb,chatwork-my-extensions,
nhjipedcfjbcdiafnlhmmpephnbjnlno,Tikola Nesla,
jbbhehomlifolnchojcdhojfldjafnpi,Waywire Publisher,
fkdieaaoplknkhnhbfmbacphglmenppg,GitHub News Pics,
aefcifgalkppllljlnepjmgmfikhhbmk,LoomVue,
jiepiikjjjknagbjpigmbobbhgpgibbn,L2g desktop Sharing,
maommlfblmagpnlcjcnalooecgafpkmm,AsisTel,
cdgmolemhjkkcoeahhhhcdkiidfalhod,Gini,
emlmmgcgnglgamlijmgmnlnkohbipkoi,Make Sentence for Translator,
mmeomeblpendhanogpkmmbejkdgldaeo,nhaphanglinhanh.com – Order Tool,
kbeffdalcigpmbncaninpocolcnpbaeg,kin0club,
imopfbpogaokhhkplbjilbofihpleagk,CashBag,
bcbibglkpaimhgmoomembjhclhipoack,Px Downloader,
fbmkojkfeppphhpbjpdnhldldkjkgagi,Webrádio Maranatha,
heegoibfojikpcppkaodefonfpghflig,Twitch Bigger Font,
nogefiedhjehnggloibnlildkdcmmdlp,Huddl web extension,
jddckpfgmljninkckblfgdgkbondijge,"Youtube repeat, speed up HTML5 video",
pojgemmobcnjmnpodjmgeofdgojpkepn,Tabmaster,
chlaldlfbnejpjdeddpmmffedjedjjll,Tabba,
mginbgceeeielfenknclfcfegblhpkpf,Cookie Compliance Audit Tool,
lkbojnfcijdilacfjdpciihogimieohg,QRGen,
anklipgnigiejjachifdgiahdannaala,Count! at the Raid,
bhaecgehnoklinmbklkajpmimpldnoje,Toggl - Price widget,
ghjfkahcnpgfoidmccjkblndhffdppod,飞速下载器,
hohlhlgjmkmoifphmaloogebclmjnhgb,Open Tabs,
afjdebafmhbnkhihbopohflecbilnbdj,SafeLink,
mlinmlldlfpiioajgllnnnkhhhiakdmi,OmniStudio Project Explorer,
ockicahnllhjaiagfbdocfpoibphfimn,Page Grabber,
ipcjlpkonlbgfiiliaehdnlpcpokneei,Newpelis Novedades,
flcppeolffillghlkkdocemkmbabmokm,左側のタブを閉じる,
ladninjcfokoplngpcmlfkijickcoanc,manaba2kdb,
cbjhecnaiafhobafnaknnfhkbmllcbem,Rede Sucesso Goiania,
gdimjcpccgomkoofdjnljmilpfapkfnf,Custom Colours,
onbmkkchghooiekfenhmoapooodgedhk,Triple J Simple Stream With Info,
ijhbdahcljlkbhcaagjmhkhdmgamokdl,Cycle Tab,
lkcampbojgmgobcfinlkgkodlnlpjieb,NerdeRegion,
cnidjbcgajmpdpnljnfbjabmfjlkbgml,CigarSpotter,
gjhihafafhbfdndoaailnfhjhmbcmgja,Github One-Click Commit,
fmkgcedobgmmkmcgogebcameehipkiif,CurEx,
dgoicbnaoajknfnkijgjdelfdihpicie,CheaperThan. Amazon,
gejbdglkenefbfddoaofohfjckjcgldm,Content Filter,
bclaanipmdoalmligfhdedonmafafgnc,Jobiak,
fajaolmbohlcgfhogpglddfddbdcgeol,SFDC Query Manager,
ijohadapedgehnekkgimpineifjciacc,WebToolHub,
biccgodmohjplafdhicdhkdeeejcmgia,Pinned Tabs,
egddnmchjniakfpfangplfpnmfihahii,Add single comment,
modpfgenngnigmddikphfiepenaeffee,Zentail.com,
incaphdljgidancjigdpfjlepppklaoa,重定向M.JIKE,
fcedikhdncpihpklagplnhhapeohoghl,timee,
lajockdmbokkakgneddbmnegocmhjnfe,Valise Cabine,
gbmieajbdicifppidjoninokjomnaglg,BNTV,
fhcjkkojfanopjmmoomdbmghmlfkhcbp,Ebayへ商品登録,
fpfopfkmppdokphaignimakbaglmbegn,NFC Reader Extension for Win32,
aaenflaempdgklbjinkibjbodnbniinp,افزونه بورس AMOstock,
fikagcpamaacnokpjiehiobodiggbnem,ReJez,
kcjjkkabmjiplbbbnggdfjjdoedbhjip,pixiv smart downloader,
acfmhnkhdnojjohflchbldekihhapdje,Salesforce Lightning Web Component Extractor,
lcfemohklilfmpgmmbkgchfoefhmlgdp,Gemで検索,
ekiahackpfmlmiogmfiljngjbamiefof,TabTabTab Ext,
eammmfiefdahhelgkekddnnjgkfibccl,Pantoufl Extension,
hicnlgafhimnkbjkaklncaopmkmefhnm,Colorobrain,
cfbgdikkgfjggnmjcoemcjgggjpmcjdc,My Notification,
nacbgghbjhlickddbemlnlncbcfdkphm,FXP Super Blocker,
ifonaocbommbemfalniiejgjhacpijen,Новости SEO Sign,
lgdilciaoommilaaclidgmipedclhnph,AIRHORN,
gkkggkihdjikhjchneilgkkmleaocjba,Peerbelt for Chrome,
lnhieogdkjjbbmjnhjlohbficjeokicg,Amboss printer,
eemncaccplajghbaleielpmnldkmmjbn,Football Headz Cup 2,
efpbngpkkdgliejllkdkbadbphmibfjj,Take A Break,
igjaplpjpopikjihdjkomdimdjbhliol,SecureX,
piehjdkngpioinnnjkhaghnfdhdpfaak,Buddy Tab,
nogbaoiceoodofcgfpfigihoopnlpcmo,QRcode,
acefnkdabokjpelacjcgkpfennjilmka,LinkShot Extension,
hdjjocbdhnjchhepfdioddlooblklboa,Gaze,
ehkopmgbaklbnbdlhmaddkddjbhnkajo,Life Calendar,
bdfpcaniedneocakpdjdpilpeinifnni,Link Drop,
hnmnnhfeigiogjagmmpnhelpnhnchaoj,Fastoot,
cmgnhkbdackfegifpdclmngdlnolmacg,OKanime Freedom,
eagncneohcoiofhknkofdobphnhgblad,Sticky Header Hider aka Fixed Header Fixer,
pdfkiaeohjkkcbgckkehnkcdjdnjifjm,Shift,
imfdgigjipejmkocpklhdkokdplilceo,Converter Guru,
inkmfkgkfcicnjingdpppdffmjeohppn,holo-nonstop-extension,
egmmigeohgnjibhiaabhmiaajkfnemnj,Vereign SEAL,
bbikpidnadcmciecpmmaojkpefceioli,Noty,
ohdickaofoendlhknkpjilelkhjodkde,10trove.io,
mndlklefdmcbkimbggppefaagphbapoh,Centered,
ebbbjaaohdcnfjaalglimhaoogaiaggp,Kanye Glasses for Chrome,
ihodpbacinandgbjjdjgflbhbipbobam,Toxic | Shell Shockers Theme,
needbkjfeeapnlgefnpoebhojcogflej,Wiki Popup,
laoabjoamodfjdkfecbgncekffgnjene,Myshows comments,
ppdciebmboigefmmgdmaedaajocohlcg,FFRK Lookup,
ajmkfmcenolioghienlimhgbgfkenjhn,WhiskyBabbler Guide,
dedogijclldcjejijkohhkbecomoknge,qTab,
mijaclaafpfelglilelknpmoknkbdaca,Webpage Palette,
hcdeoflfbkpmebldjfkemfhjomgjipgn,QuickClean,
mflcjhhajoecgkmjmfnicogikjgmgbob,InboxMailZone,
ipogiimkiopoihjcmkaodblbgflghcac,Keep Some Notes,
gnnkbfjpmnmnclphplfogchgeaeildlc,Japanese Emoticons: Kaomoji And Text Faces,
eildngkodhdjfenfgakjnfgelgokcemp,BOJ Tier,
andfnelfgfdifognepabogfledhdijhn,Bit Player Launcher,
bbmplccbdhijapdpheaigjcdcgadecih,Page Refresher,
cecidhbhenodbgekapapmiifagcjnkpg,The SkillPedia Screenshare Chrome Extension,
kkkjfgfknjfabhdikinagbhbecbpdaoa,PMeeting Capturing,
ddcbpgaonefnjcnikdkbbdfgcgnpbndd,Cool Addicting Math Games,
ndindkkcbpmfoinihohmhdhphgpiofbb,JS Digger,
ailghlmigafblkgpmbmhaoggcppmgbgh,LeetCode Keeper,
hiplojgjoclmjpbjokaejmgdjldjoehh,TELEFIESTA - Compartir Pantalla,
cifbgbbgjlehgddmhdognpncdjpiepgn,Lightfinder,
knmjbhlocfahikonamdohkbbpabdlnci,Red Free Github,
jmckdnpbchopfbejljedacnfggngfopp,Text Scrapper,
oipcclehafcdnapgdcfakpkjodamceed,USFQ Library Redirector,
nlaengdkikaolfohnpekcndbpnejbkof,BumpMate Depop Extension,
hdeoafjegchjkmadbbjlbhiooliinkja,In-Page SEO Analysis,
pdfbomaikgljfkfgplcpkpgpbnjallac,SPANKY.IO,
ifandnfeadkfgcnefgpobhmpapnfjlee,Who Accepts bitcoin,
ojaejgajaaakhmadhoiajmibbgoplgbk,One Click QR,
heecooojlcebffhjpmipceockeamgohd,Multiple PiP Changer,
fboejekplcbjpggokeoceopnafomcfdg,LENOVO VIRTUAL RACK APP Internal Test,
ajbcedleknibpajeigmonepokjcjamak,GitHub Widebody,
lfoiccenjgkalnhcgbfganoapdfeaeib,Проверка уникальности Copylancer,
ffpfkdfbbeljmiekhilamiabcihkdomn,Automated Inbox - Find Verified B2B Leads,
nmgfmbiloadkgnfflhpcopjoehllcmhb,Santa Clara County Library search (v1),
eemleifbnibgnoifdjohpchdemidjibj,Add links to change languages on Google™,
lbepbkiknibiobnbanhggglkmpkbdiim,tachyons-x-ray,
ijidjeecciojdhpdhopbboekkbdbgiff,Top Story Remover,
mbbpnlifeoijpphllkbfhpljhlifblfm,VidSprint: Video Speed Controller,
jgjhamliocfhehbocekgcddfjpgdjnje,Chaff,
iligknooplmpldohcehdaoeimhbkccga,Esportal AutoAccept,
dmjhgmbjmadknbcgggacmdnmmbkjhcoh,Official QPR Homepage,
abhmdlldpcjclcjhbjmjlpincoibfoce,Start browser with only your pinned tabs,
abmocanmemghgbcegmmdgpefgfjbkglf,Fiori Doctor,
pnabjlpmomajenfpbcogjkghinieadgf,Open New Window in Incognito mode (ONWI),
hkmgnejiopiakkfohejimghcpeedbkpc,Quick Test Run,
ecfnogcepnfiedgdchabejcpbiafamel,Windows Style Calculator,
fofgdopadfhdhimchjeoiffibcbcdamk,Frosty Auto Watch(TurkAnime.tv),
ibhbaklamgkgflfpkhpimknnmhhfgmom,Diarios Uruguay Blocker,
onnniedjlchmaadhlkecfkikephcceed,Twitch Ad Muter,
fpkapikfnifoajahfgicicbmfbgobnbc,staticItsukara,
bkmjnlfillpnkgmjnhgklpjjlpjnfeil,NiftySplit,
dgmeommagphlmhpefbcmjkoogacanebl,Tabs Search & Navigator,
gojfoljalmhohccaganmbgbffmfffhcg,Learn Prolog Now! Enhanced,
moaokcjghnjifeeahifofckbmhofjdbi,Salesforce Searchbox,
fjcagflhkmbkecgddkjblhkadbplhfan,WebinarJam Screen Sharing,
pbfbmcmonmhbkgejceoenhhcnehocejg,Starwars Quotes,
cefnijegidclnhihhbnomdelbnfcbijn,Sync Tabs,
obeffifkdkfbpodhaoelcjdljgiapjnl,copy-base64,
jngkenaoceimiimeokpdbmejeonaaami,PlayTo for Chromecast™,
jehoagbopeaefibnihnfgenfcilmcikj,enable-selection,
cblfemnnhogaalfklkjcgcgemcjdlnjg,CW All mention short tag,
mlbkjbnjjpeamiifcknkgealkfpehnoa,Upload Longer Than 60s Videos for TikTok,
fgoenlfbfnofepaodjepdhkoepoogedb,BazQux Notifier,
hahkjjkedonglpienpfiganogikkkoii,Play HLS,
lgpbmcjaflkefflachlnmechliaadknn,wide note,
daaomjejfdhcefjlkgjkjokapkhdplpb,Foot+,
egkiehpelenbjlfdhcjhbmcdcachcbob,CodewarsKatana,
kmhhjomoadobcjeomodlkkefiadcponp,Kladivo na trolly & Přejmenuj šašky,
embjfgeckmgahhfofcjoncjbpgcpppmn,Chrome Tab List,
ekcknoidgdcnkphpagikhgnfgohkggam,字源右鍵搜,
janngdmldajmmpkknlfkfkhhkfoelapn,Project Safety,
gfeghgchfgphpeemgblkgbjmmnbkeemk,UT Schedule Maker,
cbhgddmmchngcbmojcmadlbmibefmjfj,ClipeGoogleDriveImage,
pdhajpceonfklpidbimppdiceinlnmko,CFCA CryptoKit.ShanxiUP Extension,
ipgedldafjhhbnhlopbcjeemipdhinbc,Mynstrom,
blednbbpnnambjaefhlocghajeohlhmh,FDVT: Social Network Data Valuation Tool,
dkcnppddhmclakgfpeepkponohpbikpp,One Click Asana List,
kdkboloommjpbahkdlhengbghlhcejaj,TouchStadia,
lbanmhkmnhmjmlkidbogbabjhdoodlfn,wiki,
iicppbnoaocmkfglopamnnmecehninep,LeetRecord,
kljefmgondidjmjicifipgglpekgjddm,Tab Sessions,
dbpmolojnmdfgggfnhlioepakmpjafal,searchWordCloud,
mokcaeplgcdllmhdmfhcbjcgmaibpdgk,Scholarscope,
glbpmpcjajolmeekfadgcakmdimaoejm,Gauchocal,
ednnkpljcbpjcoplcooifiblghkephlh,Context Bookmarks,
djcfobodccnamljjdikjcffgnfjpnljg,Crenspire Utilities,
kflmcaebopglfhinckhpeminkhifdhdl,WikifY,
bhlmogoljimkgdgkiaoffhonelihdobh,Taboola-Hubspot Integration,
babmimlmiknhjafaeghacpkmmadcjjdp,MultiFare,
kibgffjemjnidglmeaglegknonjndcdo,All Winner Devpost,
bedgondbfpagijbdcgejejcknfhikfmm,[name],
chocbmjpcbmhfdlanajnfhhdhlkdhcae,Kick me off,
hmffblebenkcbckhadhpbcpalbcfkken,いいね変換,
ckkcbklimbmajdlehpbdjjogdokmbmok,ConnectBy,
phejnoiodefogfpbhbocbbppnncembfh,Comicsansd,
ochpemfkoihonopofimlbofnmecopimj,Redmine Work Tracker,
hegbhhpocfhlnjmemkibgibljklhlfco,CryptoPass,
hnkcbpnppmbilncfooiagmmdbedfnbmo,CustomSearch,
djokmhljnbkomkgagpoopajinbbkjnkj,Video Seeker: Youtube / KissAnime,
jchnojkeefjdioodimacimfiefjdbpag,Battery Info,
oocnenjpcdbjlnhcjfnbjkjlfcdlnlfn,Twitter Share,
kgfmdmaophhlcbningclnghjeijcokmi,2IP сервисы,
gmiiclkenjbpedgpnofpacmjfijiajbf,uLav FRESH,
lebnmjeglgnfcjkdohpofoacbnlihdjb,Strato Paketverfolgung,
gfoajfmmeaepdmgkacmdjbaieednnekf,Support Community Theme Extension,
ldjgemhciccljdcjadeddakkdklaicmb,CorpViews,
kjcdpojndfkkmblojbgaohcakjfbmhkm,Browser Clock,
hmoofghpmbnjchlcfhojipjmogicgnfo,F8task Paypal Calculator,
mkfnjjiiiiacfomgpfehbdjcocbgkeeo,Pixis LightRecorder,
odoinflckdonpofihlicjjknlgnhhaem,MetaLens Extension,
kbobnagbmjmpcpioklajkgafggfdcafe,Link Save,
idckgaigjbhfbefegebmmomilfgccejc,QueerDarkMode,
keeojdhgoifbimnopofoffihkfbbbefi,Hodorify,
blpjeainmnkbdmamjcfbjdghgohbdgie,Buy SQFT,
dhelogeagncpgfpeecapnfjhbhbhaccj,Fast new tab,
ahngimdlepafjbemhofaphkdannckjkn,Cera is planet,
blkbiemnncjjjhhgomoeakfcnjficocl,NPTEL Condenser,
pappfginlenjknclgokgdafogdhihkcm,Simple Shopify Theme Detector,
nejkfbfcdikidcojhbnhoojilngpcofc,Quickly open multiple URLs,
bnmkahbkccmncbcgdmdfgbcbklnmeghb,Ham NicoVideo,
hckmppmaoaidpkomkccngcgoojlmhelk,Supercut – Screen Recorder & Camera Capture,
pplnjanpjkohplpejnkolhiikhcccbjm,LMAO COMIC SANS,
jknnopldgbepkdahhihpdfblglkbgjip,NetInvestor Plugin,
bafipmhgilmdmnnjkjpbgbdnanobegmb,Kenshoo Github Deploy Button,
ekbnlmpnlflideapgmnlgghkpndpmoap,Edgeless Dice Bot,
aafngnikhakpmjogfggmoepdompchbaj,Crypto follow,
laendglmemopdobmjggjgbopmbllpaem,Check Meta Robots - Stream for US IPTV,
ejagagmfgfepadmjfkmaklfkjdopiklo,Questify,
gcbbhlpijhjagfadkjcfmlgplhifonka,Copy Tab,
opanmfbnoonihiccmpbamllcjjknaada,SvD Fix,
kipgdmjkpdmcjmlmfbpkilahbncmkgmk,UNR Professor Ratings,
dpmcnommehnjficbkeelknnhedemjmcm,Select to Search,
lejiahanghboaacfejpbhhdajpcbnpmj,Công Ty Xi Mạ AB Việt Nam,
pngmhikinpnphcoolnahclgdcmnmbabl,楽天市場のショップレビュー＆商品レビューリンクを表示,
hcfgcklmbbanbcgkdfohjmakcpmghnbj,Qiita Team Plus,
hneebpghgocdmnoccoihppgeaimjicge,Github Npm,
dbkgglbefgkimiadfjmgnkjmaoahephg,Facebook Demetricator,
dkfpohgelopapjpcpkhgmjhgedhcbbfl,Wide Qiita,
bgahngpgbbclbppokppmbnckdfkfccmo,TaskTab,
ncdjameginndgpfjgdepicbncgnafkkf,Tool CSE,
ekleffhljipaphmlmhemhhobgadmbelj,Inspirational Leadership and Coaching Quotes,
canpebcfdeclbimeodldnnaahbbafpok,amnesitics,
nnpcnagpahjgfimobmehmijldibkdpan,BETTeR-class,
mijkhgchgebecnikbegpfhiikhomejlc,Qotter Copy & Show,
oolchklbojaobiipbmcnlgacfgficiig,AlwaysKillSticky,
ilkijignhlmdhnmlhichnampjpdjibpl,はてなブログ投稿確認,
cabddmjlaijidngobenoepkphkcmedbf,Anywhere Calculator,
eldbkhcbiaikddoddgomoceoabnhmhnn,UiFox,
hdpnljmoibfbnigkgffkjkedkknghnja,No Splash,
flbdcmkfegekkcofpdgkdlfbaeoopnee,crib.ninja,
koffmobabcekhlnadcigmhdaffgacpfh,Funimation Better Lights Off,
kbjdiknnkobjmhlamhegcdjddinkfaia,Attendance Calulator,
ijkpnaifgolhlcfhcfamddnlnfjpjaji,Tab Link Copier,
kcajglmkmpjbgmhkndelbkljpffblood,Поиск на Яндекс.Маркет,
ligfbncfbmcbnojgibglfoajnphonhno,BEES,
khelchopjdemdpjlhmghlhdhodgnomma,Web Numerator - CNN,
pfkpgccmeafapmchhknifkncoehlnnfj,Image Downloader,
oochjcgkemdchmglnmmheapegkpgmjhd,艦これタイマー for Google Chrome™,
hllgnijfhoipnimmkleapolfifocajmn,Everyone Needs Love,
bbdigimdhlndlhgadiaohfleeloeeiml,AdsPaladin,
hefkhfngceinbjbkepgheonjdedcbnbf,BigBlueButton Screenshare Extension IMA,
nbnnhgfjhmifenpdlbagjhikpbojffob,Speedtrigger - speed test,
fmpbkddacnibdlnffgbjelegfcgnhdcm,Pay with life,
ocnbnmpijmohflfoggejmbofmcmdadip,Obviohealth Screen Sharing,
laamjcphplahnbckfpklhppnfggjhkgb,Fix image size,
mlimnmaopfbjmoclnjhkibdebbmfieba,OpenLearning Screenshare Extension,
nbcmnpdcfidmedecbhlbhpoiganlkbio,Dot Lang Viewer,
mihmaefglkodmoadglhiogpbamapeddp,myWizard SI Plugin Dev,
bgmgglpekocdkohcdgpcbmmijldlpadj,ドアテン,
ldoiknffdgfpgbkkmdaflfigbmjpecmd,Desert Fire Flower wallpaper,
folnhgcppemelgkhikimgnngbmphmnfe,Rapport VideoConference,
celkfcjbbbjnjnmfeoflijmppcpbeean,OneViz - Amazon KDP Dashboard,
hfaijdekockmghbgefajfnhgcknopnlh,Lắp đặt camera - Camera giá rẻ,
elnkilmaalghejpajpmlnlmgooibdlbi,Lead BBO My Hands add-in,
hjngkcigmlhefidinfbdnkegocefpjap,csp-disable,
jadmkkkklhmbadkggohfnddfomidnink,Search Aria People,
ncmoejeodnalknkaacclakmoecambkfj,Mad Kawaii,
jmhjfegklobnkkojbeiohnlljpmiapkc,AMAZON.DE - Rechtsklick & Direkte Suche,
khpbaggebmegoocfoapahhdgjepfinok,Unsplash image downloader,
opkhnpapgnfcnjefmgbipdlicncfkapp,TradePlus,
bfdpinbcogkpfahnemoaigadacaoenbl,The Verge: VergeCast Countdown Timer,
dcknknhmjcpambkkkkmpkcegdgjhieef,Pantheon_Demi,
pcadbaceejnkfhkoomcbdifcpfefkmbl,chromeCrawl,
hbgpoggeobapeimepldaedkeblffcdbi,Octoscroll,
ojfeckcnjbclegphjoclldkjkbcbfiok,QuickButtons,
opmckekemgecmckljlpkaaaglcbaejeg,Malicious Content Observer,
nmbegcfenclmiknbnmcnaheakflpmjde,千易助手,
ebojdlfifalbfankoldbfmcfkpfkcccc,AIESEC TN Search App,
ifoamkolbglfopgagoffligncbiofgjg,CheckVinComUabot,
bcgmpankckajlaahcocnggeimgmchkkl,Agen Poker,
elkphoajmfjapmgnmkpcpafcpbdggafn,S4L,
ooapnpaflpconhialchldhlipmfhhkia,EBN Blog Login,
gcaopcbfgkfmgofkkbfbmiajolihocoa,屏蔽商业推广,
ompelnpholagcjdmfomlhbmmmaneholh,Diver - Web Traffic Monitor Tool,
ibnnkoknglekdneehckjgjgjffcneice,Scam Stomper,
ggapfneaialnhkmebgannaadamapjiig,Synch,
bldgenmjegcnjebiongilahhcjldgmlm,Google Docs Quick Create,
lfohokbmobgameodjhbphklfeijmeebk,GitHub Beautifier,
bknfklfehllgmnbmlhejjoalkimnikfc,StartupTabs.com,
einfhehchjjmefgobchmcbdenimaioea,秀基宝--实时查看基金收益的工具,
afcloemkcifjdjcgonbmnahlkakgpigb,Vyou Box,
pkfpknhnoajnafgndghdicimfgjnnpji,BackNine's Quote & Apply for Vertafore AMS360,
llikdmkcaejbdacikjgaejhbcphpkcco,Sutra,
hoinbemfnnkpjgndbcgdeekmdoenlgjd,UB Preiserkennung v1,
ecdccpbnoedhlgjcnihailbhmincpnmn,GS Wall,
ajhgpfclmnohdeklkbpgdeijoghmmjbe,买量小飞机,
jjbpfnijgokebcbepdobkbneconogbkm,Nonlinear Browser,
ljlaaebmjmhpohnchdablbhjlhdlpfmj,People Widget Begone,
goeekmbjipkgoeaanbehkncgddafpkin,VEEGS,
ohogedbookenkamipehdjkeilonagpcp,Vertabs,
penhpkgilnjmjehginoadgegkjcpfccl,KU Grades,
bgfclddhahofanelhbnkamahlbgpbehl,Quicker Tab Switcher,
edbgncfmadjgpikefalmojdpndkdejgj,Сообщение на телефон,
gnpkellljicofbbhmeabamikmepjbccn,ISBN Code,
ldbheajkebdflbjdckojokbfdndkahnl,GeoKrety Toolbox,
cgbkkjjkejhidnagbjlmdhimbkiedhbl,Bitbucket JIRA Linker,
nfefnfhlmckdnhaiipelkkdlmiifpokg,Quick Share Button,
labajjgljmcbbgomacalpobijcghccdb,oculavis SHARE screen sharing extension,
pianibmfifkeamgfggpkkanjdcoppgch,Image Download,
gnljjenfhpahfjofemhpjmfdhdjjhedb,Alerts for Binance,
hmpndgfddcipnjoakdjkjekmkkepjglg,Unimelb(Monash/ANU/UNSW) Recording Downloader,
lnagmbonhpapfccbiljniikcbbdfojfl,NetMatch Desktop Streamer,
hkjdbmdombbaedfkenicjmbbcdckcbmm,Super Ali Beta,
klmeolbcejnhefkapdchfhlhhjgobhmo,Git Master,
gfhcjnaaakciomjhgmidnonbmapfkpeh,Latino-Latinx,
mjkfiabnnkmmcifffhekooamedohoojd,RedditBoost,
dmnhgfamfeaadlddhbklaaehkjmkjjom,Code-K Gmail Sync for Microsoft Dynamics 365,
flhnojaekeobkoekhgfeheekajdbfope,Pull Request Notifications,
fjifaflfplpjmbajkcjachokmhaocfia,Bible Buddy (beta),
lemgfgdikmckghbnmmhbkbmglhkbpabk,Hard Rock Hell Radio,
ggdkhldcmibpefijfolckkgdaealehaf,兵庫教育大学manaba 拡張機能,
ollegclclhehigjllkeabkmkfcjlhdef,Hodor,
dfhgmnfclbebfobmblelddiejjcijbjm,Trilium Web Clipper,
ljjdcbfpdmjelppcfeiadnjagdhompkb,Selective Scrubber,
cfakgkffoldlbjiclhkiiiafkojefkee,Custom Bang Search,
fjpcnacjhlajeobikegbgeeelokemgdf,WPSecurity - WordPress Vulnerability Scanner,
fobpglggkfinkjjldciflddjolmncabh,Яakuten Cafeteria Menu,
mpcplhdhjfgnoomconibbohffjhannca,TRiBot Premium Statistics,
hcacklkpejliiblgolkkjlbigdolihbg,Hidden Loda Price,
cdfpejfoaleflnldflogblbckbcmceid,Audio Control,
abkbmnbcmfehcbfjkpagdmloiondlbne,LiquidVoice PCI,
cfekjdkpggdkoebenkglfbidhjdngbfe,Save to GrabDuck,
omnpeldaokennnkfgmfonpffifcgbnbp,AdFree,
eehocmmdmmmnanbmfcadkhpdgphipjcg,HAY QUE DECIRLO +,
mbnfgkkhoojigoomliilfndghhbojddm,ezFractal - Strange Attractors,
nlcbjlmfpcgdccliblgklohoddmmhgff,Developer URL bar,
lhnjlejjbdoffhoakiohffkhlfnkeaki,xl8 Quote,
afalbippddliaaomolohcbfogogbjpkk,Timeline exporter,
hhopkbgmkglpidnbkbdihanhljkpbllo,Covid19 India Status,
lnlbmlbpjnidcbgkpbanihhmlkjgondk,Magical Action for Piapro,
fnbdnhhicmebfgdgglcdacdapkcihcoh,Page Analytics (by Google),
bhnjpdlfcopbclhlflmoodpdmlplcajb,Not Now,
ihkcgnmnfadflolkfgjhcbhehjahblcj,VuePlanner Targeting Import,
gflgnmgilmokfhbckilljalhemjjeldl,Multi-links,
jgdmjfelgmolgiplkfmkphjgmmdgkkid,MASO - Make Vendas,
apmfackigpphgbbanjkjcafbiciialnm,Enhancer for Google Map Maker™,
ojampndogibbmobobfmpmcjjjhiekdll,Math Practice and Games from kid,
cnahcinenbahinmnkhflafbnnolnahlg,Cybor Protection System,
capllmagcbmccnlclcmgmdachfbobabb,Schlaf.org,
hlkmkkiddeaagcpbkgcoflflpocnbcic,DarkAge,
odkopabfklhmpdfamdlohfgbbodklohc,Developer Cheat Sheet,
dlaoclebkdipilpohjcmaoackaccphkp,Web Ninja,
ilmncglfmehanejfhghlnbfjdfnbdlcl,Lorem,
fcpgnheagjkmelppbpnbpfimmmjicknj,reveddit language fix,
ccdiogkhaaaemcomjcjdeenigdpjhggg,EPS to PSD Converter,
koplcfnjhgdknjgaaleockdkelgplfbf,I Love Weiqi,
ohgedepmjjdcnbnngfmmgjhdmaklpapm,AntiZhihuPrivacyPolicy,
haohgjhplbjjmmlknmmamgholllkkpmk,El Círculo Secreto Launcher,
jemjielakbhhbknioaplnkcldpemkdmf,DTMobile - Trade Forex & CFDs,
cnkemelgmcdgflajfiblcjoompdgmneb,Matcha Green Tea Recipes,
fgeacgjoljognolknaffopahgfhclfgc,Internet Archive Enhancer,
hnkbjkkgeihcjniemdafjliddjkcdhjn,TheNigerianInfo,
ajccljbpmpeebkknkmmladkcicmnhadb,Arcacon GIF Downloader,
efhghemneglmmmlpjbcgidngpkhckbim,Google Tag Manager Super-Saver,
fggincgkhbahdcepepikmmacdabonkei,Servetel Extension for Zendesk.,
ohnlhbncogbndpcllppmbdlindljindj,Cutlass: The Ad Reporter,
gfnpjjbigbimbhnmpkhpaahmkchcicea,mm,
bflfooiaacaekgngdfbknpgonjpbggcf,HTML improver,
emojigciodgbficbahjhngnbhnngclka,Fitnessclub Easy Booking,
odafdnkfngldhmnamjcfgblkikjgagci,SPEED.SALE IRIS,
coocpgnbdhmigiofdjmkkihhpkhnbmoo,LiveSocial - Social Selling App from Seismic,
hijlllihflgggobkajnjebpgeofnbpjb,Dota 2 Emoticons,
kofakgibcdhniefjoapcgamdhjjaaidf,EyeContact demo extension,
gekegmgkgjllakglpmhoddiijinfgloe,CrewDriver Live View,
dchgfmogmioiiagjpbojalblaibcmbcg,TabMaster,
bjomgmkahhkfmfilpeceeahjeeaiedkj,Open Digital Signer App,
ndcogkbbdjggnbnpbienpbhmnlgdanke,Ethiopian FM Radio,
idknheefmgknpgcjmmamnddbhhgcckbg,GMI - Get global information intelligently,
cocmhagabckkgdgipmpfhonemoamahfn,Distracted Reader,
kipjhdfbkajpnhbbgellkaafjmeeonlb,BMW New Tab,
ingmgickmbcogeeedeepfjjiojfggpkn,SaveImgurToBookmarks,
booibkcgheofaoklpolmjmgaepombmlk,TabStash,
fknddeibkpckpklmdjhpfiaikhfgddnb,Language Translator,
nglchnjclhbmhhdeelfdfmndmghpiljn,기타사요 GuitarSayo,
jjhooeecgeacnimoiblfjfkelbcgfchj,TabToCal,
kbndfdpfemdihkbgpaggicjhmfaeeobh,Testissimo,
noebonbkfkpobdnfhjbhafgmllaooicg,[The Note Tab],
bkjimoibllghhgcfldddjgjfhkjnmpgo,Hexahex,
lhakkbopgkacpnfidngodjclfkeaolnl,gif-ify,
fajoeibodlgklggckimgkbbakedhecco,OduseeToolbar,
amoiihhbkjcbmiplihamfeamganonkdf,Chrome Notes,
hjhkigjbjpmpolnnoobhjjommilhlaco,MTE,
ijfgijeflpaieoejkdilchchpjmemnop,Vocabera,
mmjmmaebgpkepeokbpeljabjhbmepodi,App for IW,
gbppnbcbbicnmdeapmagkaophailaeij,Youtube-No-Suggestions,
jkgfcnkgfapbckbpgobmgiphpknkiljm,Hypertrons-crx,
hakhiflcihggeacggfanhlhncclocfgh,Switching tabs in thumbnail view,
cklhieaaomjcmlaeopmeidpfdjjogjaf,auto-resume downloads,
kmgplaklfidflmjljpgmfljlfgkffilj,bthoRegistration,
oebndenjcdmoaapiemjljobgaidblndm,Find Trump!,
ekdmmlcnflhhnonggfbmjnheibiioeoe,SP Word Wrap,
bfkhkfnggfdpooabiccemkmkilllcdhi,Co-utile P2P Queries,
hoonjecfkekddinmmiabbkkdkakamocl,s2i,
phhkfpenalhlnhefgcehhdgoabneidjn,Discord Status,
bpghoblhjdnggihllpdaigddkfdkgmpj,Wikipedia Search,
gaagnhhhedijgpocmjncgomnoheibalo,SOS Inventory Expanded BOM analysis,
mmcgdcnajcopjkkggjpkndphmfbkbadi,SuperBowl 50,
chgdkanphgfjolflmeojpllmcjajgbfi,マスダレダ,
aeebmohdefmohdgnbenjbggphmacdphm,Rotate your Google Taiwan,
oaicpaghidmlakfogpmjpopkjhncjjfe,Aare.guru,
ofehfbpdidnjcafogdedlnghhcijgpdd,SkyBeje Screen Share,
nchpkeboghfaogmbnfnieeffmkmnfonk,在看斗鱼助手,
cpmeolfjcjhjgkimkdcgcddndmjndomh,SnapGuide,
idgkcgkfbfleonlaafakjojmpjadehji,xinsheng tool,
knngjajhgkigjgiblkjjfoenpkcokngl,UC Sync,
hedaepklbpekpmpadkdkaaihjihmgihk,BigBlueButton Screenshare Extension,
dmnmnekjfjlemkelcklcidfmomgbgahj,Culture Difference Highlighter,
eajaihkobempfckpdbejgapocknaahcc,SNIPACLIP - Mange/Download Twitch Clips,
kaeehaoalphgmkmfiodbichfpkonngjp,FrequencyBot,
jpegpdbkhceiipenjmaglmphmfjjpbmp,Unblock Bilibili - The only official version,
oifokiplmkpmbglbmcapmeiodanckbcm,CampusLabs Assistant,
aockpladnfogjkcohbmciemdcjdhcbkn,Flickr Photo Actions on Threads,
fhekdhmjhobklnmhhdmaankimjjbophk,www.Thereal-Website.com,
fbmkokfdknmhflahiifaadacjdjmkgjd,BankersLead - we help bankers find companies,
jihcmbhfboalmibcdlacnijiknphkjag,BizAccess画面共有,
alkdnpfnidjlhmcoikbolnbjjpalkhpb,TIM Screen Share,
cobmldaajogabgkflbfnkfdbbiembpad,Bonk,
kbmhdkkijmokbcdmiebplfajckahfffn,ローカルストレージアクセス試験,
inghdodohhfbdjedbnbfkloilledngof,滚蛋吧广告君,
bldlndmpoklbkgkgihchgdfhfpmhklnk,FetCal,
dooklfkmcaoafaocfhfkgccgeljcfbgi,PriceTrack.In Shopping Assistant,
cbmbcfbceckimjbpojfcganogblfocjf,Github Code Outline,
ohjjhfjlnkoanfielofllebjokpmdlom,blatube.com,
mcpmgaflmimaldipkmbblkebigdjdpom,ラクマ自動値下げ,
ejdicjenelgmjlehmkhldohpmbmfampg,PromoDJ find in VK,
jifllgoflahchglkjjiidooaephfhpjm,Uvaro Launcher,
mgodpljfdpmgenahgpmehnnnaghpaffi,Antalyx Desktop Sharing,
oldmahmflkpmkbcbfckeepccmpfohdlb,Indian Kashmir to Indian Occupied Kashmir,
bkghkflpajhnilonpnominghkekafemb,Watch Party Extension,
lbbeapbpffjiknofgfdjbkllbmgnnaah,_blank,
mmkecpilabbglknigjaahchkeajnnkkg,Parrain-Facile,
chclgpnofjbancjfamnafdfopaiimfad,Github Prev. Commits,
efeejpljhmnlmccjklepacdpmjgmhieg,Nine.com.au - Homepage & Bookmarks,
mgkoejhkbglndmaeeiagfhnjkalofcop,AdsHighlights,
nackoimibccclcfgbkeoljjjcmpeljoi,Email Tracking Extension,
hacehanneejddmdmcolpimhmcjcceaol,Open in CodeSandbox,
mdojgakcpjgocieabhaccajnnedpcldo,iPrice Malaysia Chrome Extension,
kdmfphcdeckocjmkmkgffgehadjhmkmc,tabclip,
fjmcpbekpcgmmobmnikephmmkhlocnop,調べログ,
dcelifhmdejihgebgcagdnkhpnpondpg,Rajhans bhulekh,
ldogoccakckcambmiheomcmfncgnfklh,Webiste Editor Tools,
ammfjginnjmcfegmoehoppmfjgfjdggn,xkcd++,
khmlfpmmbdnmknikgfhgkpejldimabap,Steam Redirect Skipper,
oeaopbebinckgcdbihhdamchalemolpm,Doge Pricer,
fggnjkmmkmlaikmfkcnkmimmmmmcfiab,WordCloud Generator,
deajfpjhabaddfjhpjgjanfgnihmakkg,catch sources,
pdadjkfkgcafgbceimcpbkalnfnepbnk,KardiaChain Wallet,
ecfijpjflodeinpllfgnnglfpoailoab,Zephyr MIC,
mopoafnpcjdglcfbbjghffhadbbmdopo,PureScroll: Twitter Filter for Productivity,
dnhmnoiaabdhoelhlalgcfpolakhaemp,TwitterImageDownloader,
eihdajnnlmbmikdacefleogdjmlelkok,wiki-zh-default,
okodbpaojhdndlfahlkjgaolbbigbkmk,Twitch Featured Video Remover,
fdnjiondibmefmnjdbokflohocecpeoa,TopRecipeFinder,
eapejbjglgbblhocmcbeclpcbeiikocf,Confluence Section Link,
elpfmfdcigaklhenpknoifgfcfnefkdf,veefeed,
bdlpgipgnakojoaobiapfbgejbnminpj,Gothic Fonts Everywhere,
lcjelfpajbbjdgglndcegiccbchmogno,Block Sites,
monbbbemnbnemmglimfodaomdonmjihp,Palettes Tab,
pjgppmjdghifobmedjenglkchddjfcab,Think Twice,
jgmdjggoockmilghlpjeiklfpfehcjgc,„Realita“,
cbiklpkbbnmlbkepnhpcnhdfppogendc,Wanderlust,
bhfccpkagfogmnhkddjcpknhlfplfnce,Extenddit,
ebdifgjdeelbjjbbnmbcggnaehencepi,Image Convert and Download,
nienaghdopiidkcmeoadejnnjangghnm,Play Movies Fullscreen,
fangcilkpemejpegdmfnehecbkpmomik,Histamine Intolerance Checker,
mfigcepdniddlllniijbmmekgfdcddel,Ultra Password Generator,
dhejanhdgniddchmpmlbincglfhihipj,Shop Assistant,
iiigcmcpofchighahjijinjnajfnnidd,Customize CSS,
jojaoefjjipmjbjakonopmnglfbfehee,Kahoot - Remove Illegitimate Players v0.2.1,
hoppohnelffeollapmhmgckjmhkhgnhn,DecksOfKeyforge.com redirect.,
hdemglkfhcdfcmgjijapbnfajjjeiebo,CUE Content Injection,
dhidblcgknbagehgdajacppdbkdainbo,Search twitter from tab,
dbhgehojincjjlajpmdjihmldkmboanm,Jira Change Notifier,
lalhehpppgdajheogjfdndokipphehlf,Workshop Toolbox,
agdafgppephcpdboddbhaephgffghehh,Musescore Lazy Dark Theme,
dmfbefodpfafapihcbccdkhckbgihamg,Rewind,
monpahacmfchkoipgjeaohfebbofdeio,Sortable Time in Audible Wishlist,
jmaojkceihijgnhljaediloojhelonhe,Better Dumpert,
nkmglnddfjknanakjpibobanmapcjkgo,RB DropCatch Exporter,
ffhfdefmgojojcligjcomiaebeenmojf,Trump Tweet Investigator,
oipkllliaifodibbbohbhbbkjgbfdnhi,Finish Form,
ndofaalhgjahcemmjoamojceoalkihbi,Administrate tweaks,
ginilcdjefkbpeelgekodpmmabppcfao,Anyshortcut,
ioiepeflnpgjmlngjjedadabagckkhda,Lazy Image Loader,
hbjipahjdnkchnhlmhlbakoooiilhkhh,Gato Base 64 Encoder / Decoder,
iffhmbkakihleehdnkdddjkhmjbgppif,RocBuses,
jjcbgfhjneiblaifakgnnkdakebpebaf,Bitcoin Auto-Converter,
obhgjhnppfgbjkehadfjgoifhhmjgaaa,Max Meetings,
daobcfkhdipnmbdiehegjlnnheaddofg,Flipkart-Search and Offers,
icmfnidfjiijmillgohhmallljgbcdgn,Amazon Link Shortener,
hlfkepjnpmlabdemjhoodhlmcgglipmb,ABB-remover,
dmhldmfopnmnmgkeghklcfmbnnfoabmm,Sci's Starkingdoms Extension,
haeijjljafkdacmkdenmdakcadnkdhib,firestickhelp,
edhimhkligfccgpkiahdmioohofelpgm,bookmarks+emoji,
lchananjilcihpccllaclobdkebjpnnd,QR Url,
hmkpigohjcnjmfnbbmmjkjphemofibdd,Harambe's Toolkit,
mabngimjhgagegnhlkpaencbnjfhfkdf,Elephant,
jlkanblbjkfggohafhcgaacnhjepfali,FormCompleter,
cnabhkafflagagjbhhgpefhbpkhljnej,Motivational Quotes on New Tab,
dcjgbnkbhbpffkkhbbeojamajkpcaapo,thunder,
dkkcfjemmclijplohefaeidboeeejjdi,IPchexmex,
ipkflbbmmgipgkeokeejadapmdeoldgp,Jianfast homepage,
mnclffmabpkinejmfajagggbmehcilgi,Smarter Reply for Gmail,
mnhapiceipfpmbbibcijkfecpehjjodm,FPTraffic,
fnlfejcfmhciinbmpecgbcfnpgmofgak,HitPath Network Stats,
mncidhppmkifjpbcjbhkcbdlgdjgbpah,Image Background Color Picker,
elbpjnphgkgohncpccajbomicnejijdk,Todorant,
mclpnlphddmnomfhpdfdiiiinpgfnonf,ホジョシタ,
njniiechkfjojogiheemlgjimgdlmnin,Tab volumen,
hpngeobpeckngjhdchikmijnkhfmedph,Non-Hacker News,
ljkpmngdnmcjjhjkldokhndgmbappbkh,Cat facts,
dbglfobhhbhdgpnicebdieloccfedgho,Easy Clear,
kljaeonkonockjgnbmfaplkggdbnkink,Laravel Laravelドキュメント 自動更新,
magdjkmfaccilcbigoihcdehjhhgcmpg,ReSIzEr,
llcileepjmpofapeelmmlhjhippjdhfd,Messages to App List,
kjhgcmcnfeelonhdmfmneiekfcicekfn,OIB Generator,
feijekkdahhnjbhpiffgejphmokchdbo,DNSSEC Validator,
doholddojbjhmnhcnielfcgnkeoebbfe,Noticias de Entretenimiento,
hcamajimoblkeeblgklnlkkdnhjpokmi,BartBot,
hhockakmlacjbpmkahbefapdechlogbd,Twitter usability suite,
bggbonilhlbmeoodiikflbeakbomelbo,Find and buy tickets online,
emngkmlligggbbiioginlkphcmffbncb,AdBlock on YouTube™,
fggmjdefkkhdhooppfbcdlfciikpbkcl,FootballDates,
mjniipgnidcjiifhdlinfhgpgobmkcho,SourceBottle,
dfplkfbgfajhmmdbmmilgclelehmbbnk,Click Your Achievements,
blmhpklihflnileblgjlkngmanennclo,Camp K12 Screen Sharing,
lilmknghkdipnbgjodeecllmkflfjmbe,Mail:To,
bipmjlenidcjgdpkcipmmpoekolfmafa,There Is No I In Internet,
ogjnnbobibnanipcalnpimploljbgkfe,Sputniker,
cmcmnbgfajgbcadjpnognbpbkhhgobcp,PriApps Print Extension,
epnlecnffenjokggffehjghpmahdcigo,SubWeave,
objndjnkoadcjhccnjanfjidpgokbgnk,EP Focus Mode,
objgonilomonlmlfhgdaedghadgndkpm,Improved Bittrex,
lnhhilefelhbgnjolbpjaglpcfcgpkmi,zephyrwebtv,
hfcjnehdfbmegdngeeblldglapiflgfo,yt-timemark,
moljliaoiecegkomeafonaddmoidkjfh,npm2yarn,
nhmdbgclccgoihghpmapagfhankinemj,daz2dial - Highlight phone numbers,
oadfoocehndapcgpcbjngnnfonkilhjb,Instapaper count,
aebnhffhfipbliohfehcllclgoolgmnb,Firma Rehberi Sektör Dizini,
nnohnofemfgmcboenhdnpbncceenhiob,CFCA SecEditCtl.DEMO Extension,
ampkihoonmeegpiilnkediachdkhenag,Corrupt Download Catcher,
ogiobdogepdcolmgaelekejafmnfnedc,DarkUC - Modo Oscuro UC,
abnhpcihncilliiobgbnbekfjafccnbn,Gister,
ehmbackcndnlaemcmboagmfmealkfkla,Chrome Dashboard,
nijiemanodbknbbpngohcdhbadmnhcde,Skribbl.io Hebrew Fix,
nnfgpokjdjekoafapiikeklhjhbckjah,Fanatic,
koclgecfmdaphmpjicbkmhhdhnelipnl,FE cheatsheets,
lnjihceobbbfgbnoghfeeofplkdelion,Exception beautifier,
cniimiiflgmmjmcohcgnofcdiifdifef,Playify,
haeehfeeoimbldmkcfkbkkgplgdmllgb,Needz Moar Kitten,
oajebjgbjahhafjobpobmapajnaifghb,Flexi eBooks Pulse,
ljoihobokkeeobaplgebomjknmchpace,Full Window YouTube,
mcfbopejehbeojceajhfgcogckaffaji,Jitsi Desktop Streamer,
nihekhhlcnceehlbbppocicokplhhabm,Balso par Zemgu,
dmkfmacajlhfbkoablgilngamblajkld,Obliviate,
blnlofdnjaemidahkjmdhockolhhiglg,Gemini Enterキー改行,
ocogjlmghpnbgmpgafbcifdobmicbcof,Tie-breaking on www.uschess.org,
pjcodgpdnfndnjegedmjnlamjfkigied,FFBE Sync,
bncfgoachcelcbeblmacaonaklplpbin,nthu_decaptcha,
pfbglkpjdofjbficnlhdolanoifpedhk,TomatoTimer(番茄钟),
jlhijknhcoghgfkokndpffmfmoebficg,UMP Timer,
kbdojcgafkepbnffaojolabikjflbice,Fake data generator extension,
njkjjmlhopbgpoangehlemobnckfhodd,detoxifAI Toxic Comment Blocker,
onkamiiilifcjfnkiefeeieejkoifcdp,We Smile Smart Voice Typing,
ccbhnmogmjpacoddbompaflnepoafnin,Social Search,
chgkhacakbjlamnjokkoekdcdpgpccao,Collaboration Facilitator,
fnlegkochdbfkkccplpeekhfamgneedi,Odds conversion,
kjjbipjcacbigcdilkcmmlmfijedakcg,Shortcuts for Superfan,
ldibmiofagdkgiphkcokpooepankmacl,Turbo.net Extension,
apklcedhhekengglffkkfeegllabnpfk,Orphaned Resources,
oneldickefpeknkpaflgbalfnnkfpifa,JoeIPvFoo,
klondhgihiadigjjhfglnbkojkmhkiem,One Click Login - popular social media,
fjjmlofpfnccdaiplopjkgeifgbhiccl,Luckydog Winner Generator Tool,
bjfgihoefmkcaiipaddgpcljkjbaomfk,Regex search,
plggpdmjcpcpngndmekfdjinpjeonaog,TutosDave PC Extension,
ceecbpkljlcidjapkdnieimjdeoeobdn,交大E3檔案直接下載器,
opogbbjmhjcliacecgfeiofpfepaonjh,Cool Mango,
acjkdpipgnndnedhgehkiheehhojbkmk,AmbEditorPlus,
nnbnppjmpmdekmccccgleheajdeklhbn,BrowseMyTown Germany,
jjdmgiclgkcdieiaenoamfccpjljjiek,마케팅아이 쇼핑분석,
jfloooohjfnbpkgnnlglpdogjojhmlke,Picarto Priority Chat Queue,
bgkbhaaoglbcgiloldaffooblbgbhdpn,BigBlueButton Screenshare Extension,
abloihkaeipjifnhehnicpjfjoaclngo,Themeify,
homcodpbmcdfhndhlnfnhofdnmlkplaa,Tab Master,
hpfnjelfbkhpbooilkhngcimhngcemna,Eoffice QTI,
pkgkopfflikphedfkdlggkapibcbkahb,WatcherSpy,
gocmhicimccganejagcaohbnkoalceig,wooSpeech,
kgggkcnioakmccmnfnkabboeegdljlbm,Corndogify,
fgfpflhjamdmecmcifdaepnpggedkfdh,CCPA Opt Out Assistant,
pleebndgfhcfcgcgomiejiicgklobiah,Sears Assistant,
dcahbeljhdhmphlddfafboghngpnhjgg,One Click URL Decoder,
egfgboclmgbokjeenpnghneoaogefnjn,Добавьте Mail.Ru как домашнюю страницу,
icdndojimeplomonnbimhfobmabgogjj,Tinyurl,
jnfepdfgpkpmdgjhddcfnaceodcnchkp,Shubu UCH Plugin,
iojpfoakmcbckgabflfieepdadcbiodb,Card Tracker for Dod Tichu,
ijjdjlimhngckjgcllladpddnkcheehd,Legalpioneer Search,
acgfcgmnegdfncljdiinbkhohndjoooj,Roadmap,
acganmlhilphkdlhfgkcmnpkienkgbnh,adMile ext,
jckchajdleibnohnphddbiglgpjpbffn,Parrot Devtools,
fmhdfbihbnnifmiepalbplbehlpoghcf,VIPRE Privacy Shield,
gooaabghplmncidfcpnngjffjfbebnom,trellozen,
fcpogaaliekkehdbmgmkbpkobejholdd,Up freelance helper,
fnabdmcgpkkjjegokfcnfbpneacddpfh,Goldmint Lite Wallet,
cbjdhaklmkkapgbpoohobbgjpmlpdkfl,Delitox_GO,
fkamanigbhmdpinnikifipiaaaodjhpc,YOUWallet,
bonddkbojkhlbcjbacnnaemlniehaajn,MiniList,
aibablopcecjpebgepfnengoeceljhdj,Wired Auto View-All,
hncpagijhmpghnbcabmnpdlmlaopbgbg,Euro Scout,
fkkiamalmpiidkljmicmjfbieiclmeij,ChromeiQL,
popkfneheadigjgnbobpdmbaafeckloi,Espíame,
bemkcbjdfeflgjnbbldppcgndhgplbak,Session Saver,
dpnfaaffebimmpefhkhpjjebbahhkafc,Moe Dashboard,
cnhebigpldnbbmpagckbodchceefampm,Testim Editor BETA,
bcfphnbeddegigffmilnjfddmjcpacol,Trelson Browser Lockdown,
nchelpflblnkgnckekcekodapkilmdac,SEO Keyword Volume TR,
dbiolbddipbicaokllijphafkgbedhcm,Rainbow JSON Formatter,
lkicibckddkkppgalmddljodkihlkjoo,My Note,
gjkjjdmhjfaclagjfeacelpkpbpcipmi,Screen Sharing for roundy.ru,
djhldjhjbacdmallnhejocpjjjflegho,Generation ARPA,
dkodanbhfomncagghjhgfbpnkfmaadli,mNutrition,
aedanoabbbceoffbdkfdeccfpijfaoja,EasyClock,
mgenfoinpnheaannkcnamnmdfldiclhl,Tabelog No Smoking,
klbfimgoecggkhemnoijobhnmjeoflhb,CSES Problem Set Filter,
fhffmbphjpjfdpafjpopfihkgnglgpno,Start With Google,
gmifhfmjkaahaabgeaficgjkihpfeabn,Superhero Dino Game,
cedbfmmoegngdjjocfgjghmelhighhoj,Brightery Marketing Tool,
bbccaefdcbnnkpmekjchefnhhaamgoom,Five UI,
afbaaokfpieehjeffeceajdopnlempob,Trello custom progress bar,
hahldanggafjgdnjpokhcigcjpflgpkm,Bring me back Android Samples,
fiabhebnoobfodnondepifmhgooeompn,微博一键拉黑点赞 - OneKBlock,
imgkkcbjcclnlgdelmnjglijfmoiomhm,Startup Advice,
cjppnimohipmnginpfcfghchkbpdaioo,Github LGTM,
kneacbnlacfinpefpcmiceecgnahdngb,NTU Ceiba HW Downloader,
ilbcpcfnfljdcpcakcjmlpadomkcopkk,Bitcoin to GBP Price Ticker,
fdlkdmjhccmacajafcfcoffjmkkkkfib,Zank Extension,
mjfkhdokgloajdhicnjngfldhfibkckp,Torrent Search,
goldbjcffhaofcghkdcdpblkondefhgi,seeUwell Screen Sharing,
gbhpioebglopabjcjlkfjinmefljhcog,LucidCam,
dpfknejmjkalmcdcpinohifffcljggdn,Đọc Truyện Online,
ehjbohgjfoinhghcffmamlieahbfkkmi,URL Scheme Linker,
gijmcmgbmbciflkifmmmhbdleiifcbdk,ArtemisDarkMode,
nolmjaabcfhpfogmjffginigknjdiilf,inTab Pro,
ikgmibgphnnfdkfaiekicfegdpggmbih,QR Coin,
lmnofaonlcdoajbionddgiicggbhlgdj,Search Ads Keywords Popularity Score Checker,
obeghdnflgepdemhcnkmbnojlcbdlenl,KUPlus (くーぷら),
keaglllbbohejnpoiobikmliejecjdgf,eNlight Meet,
addgaohhlahfdofpaplmeknphfoafeoc,QR Code Creator,
hampbpdmfkfojladaddkafoonflkpmga,Bjussa - Bäst på bortskänkes,
afdkealfnfmpeegeojdghknhnooajdal,今日热榜tophub浏览体验改善,
kcklikpoajnpdpjgamjfepagpdkhahpn,Browser Fingerprint Protector,
epaickocpjcjjiopbdlahnnkpljdlchm,Do Not Track,
cfcjipgbidiomdljbodfhameekcfcbpk,Total Validator,
fdekjcfchnfgjbpjbedbopnlmockahml,Police Pursuit 2,
meigofcidjeckljcajpedlihfenjldbi,Make Google Search great again,
cpgejnfjfpiflaegenpfadbgjbpahmpn,Promo Tool,
nmbmnicfcaeadiikpjbecaebdnppomgf,UWaterloo Course Info,
phdchkkphkkcmoanahmpaeimngdgldfe,Digikar_kisarazu_hifuka,
kbghfpdknecpmpnibehladmonbgnndep,Welcome to the internet,
gadgjmicahkdfefjllbgkanibaolohbb,Circle Tab,
ookkgeejfnklnbecclbbkefamcjfnlgp,ShopSmart,
clcpgcomlfaihpgdeokbjkddfjeddnfg,WhatSound - Change WhatsApp message sound,
ecaiomgnehadgcdmkfjjjbcojmnlcmcd,微信跳转淘宝,
oafcgkecmnoffnkhgkpdccflkbliaapm,V4P Social Share - URL Shortener & Sharer,
ldggikfajgoedghjnflfafiiheagngoa,Play Store Reviews,
fclfdlnnpakhbdnbpkopbnmbnghlpbap,GeekComicViewer,
ofmjhidkfghnoknmhhokenncadklcpij,Clarity.Tube – AI-Powered Insights for YouTube,
hmlkjhlglcfkicikejfnnpljdapnepim,Luxpay,
baenbgnicacgdgdhdbagmgiicmkejeei,RBW ZenDesk Agent Helper,
lhcoogckbmpeijhnnniaohgcplmgfmie,Rabbit Hole Rescue,
gmbnijnpkcpgflhlgfilaaibacgnplcj,CloudCreate Review,
lcebeojgdieggoeaigidcaicmjebelmm,JavaScript Switch,
fiffaolbojaggkamgjpmambpadolfkmd,Guardian,
jhbgieegdolohjflmnkimljkdpbjppbd,YearDays,
pgjddfakmeeljhjhnhgakblggcfkmima,EZ Zoom,
acidanpljleklgoiogphejmiiiakhnel,QR Code Generator,
idfbcpdffhmeodbfahpaimmnpmdpldmd,Schoology Check,
mihpkdogcegeddhpcppdohogpknfpilg,Highlight Paragraph,
mklmhchdnccickkhhljaclicolkbkini,Nerve Tools,
gphbabeglbfckgkpgoankdnpdbfffieb,Durham College Login,
melpheofokojapflcbpmafkpkhldhhhj,Angry Baby,
mgknjdljbmignhmdgdgpedhjjhgmkjmm,Inbasis Desktop Capturing,
jbkgnphohjaeflihpcjnkemkbcmmcgji,Miles Or Kilometers,
oplcilphbllachjcoiafnlphfjigleml,OfficeTroops Candidate Scout (Global),
ihfblkkmkmcgejfkgmkiipplonimjnec,BrowserFairy,
kpjbdpkinhmokpnpocpikgpbjgdjdaph,Darwishism,
jagjjmnidiacegfkbbbocegjecfheogj,SBS Downloader,
bjpilgfmggdkoincaadoojhaeobhjlim,Salesforce Id CopyPasteGo,
dijibgacnefbbhjknlemhcnbooopfcki,NAV Price ticker - Poloniex,
bgpdffmibdmmnlohmbeadileehablkpe,Backbeat,
gbgfbmopppnjeabmjdinikeidmgblchn,Avaya Agent for Desktop Extension,
nnecmpmlkanlehaglkjbmiibipdcppol,Lichess Flags,
goaejmgloippbhildejngfmcalflmcmo,PasswordMaker,
lmlndljbjppbfahlkpichfjmnblhbgfl,Agenda PDD,
kimhkkondjpjhnllknndckjppgbjnjai,fetools,
fgnfmpbncilgfjhlpocgokojeajfalgm,Redacto,
eadlckipjmjhimnmaoiffpfighpbjkaf,宮純一郎的 神５ボタン,
mcidendbndlekegaphipeeoaemckemhm,Tab Manager,
acmfinakofignbkoaikcpdfhapcboilj,BTPW,
aoeldolnbdgenobiigcnpajmcjdemkpf,Tab Thumbnails,
jkmjcnmfmhajpfacbahnnajmcekmlclc,Yeaah,
ghkplolfgbapencgafpnlacmiilpbiii,Genius Design Quotes,
dnngfgnbmedhaehjaepclclhpflfcdha,WikiLinks,
amhmjfflodkgpefconmdnmconkfhfjmd,Salesforce Lightning Queue Refresher,
gkiemgpihainopbepilmjgmolgdlmlih,Tlushim automation,
plionghmglpldcdbjbeedmimfdfipejl,Referentor,
oddahiebmoikapfhoeopllconenkbakp,CryptoViet - Cộng Đồng Crypto Việt Nam,
iljeanpdodmbpnaikohkdgehdgghijdi,Better Jira Sprint Board,
lbmdjdeckiafalgnebjpmediellemcfe,Dog and Cat New Tab Start Page Theme,
eighcfhnjomjbekjbehklenpnoedhehc,Wetter,
mdmiidbhcddihhdnodilciedfhkbgbec,表情帝,
cipidpjkchhadnjphbpambpbdkmlnefm,Prnt.sc buttons,
aojlfcegfljfegdcfakcjomdogmehfnf,Twitch Randomizer,
ofcbgfnaedpajcpliolebllbbkkeeohj,HaterBlocker,
jnajhcakejgchhbjlchkfmdidgjefleg,Clear Cache Shortcut,
igpgcpdedfdmfnmhociacnmaefbeeekj,Mikan,
kojjjjdojafbbpmhlmknbglempljhlke,КиноПоиск Бесплатно,
lknjajfhbbmafhncjeifcafphomaieac,NHTQClient,
kcdibooicllfkoaohmnnfcnjpdgojhkc,MagicPad,
lihjlachbdicbhpalgegcgknkbmjhicl,ATbar,
mnimcnenngcfkbojhghjpidgnoloimel,طلب استشارة محامي جدة,
dbmkoceiicgpjbenmmmdphgajhbohgpn,指纹预测,
ldjionnebnakgjgllgdnncfkpfbhmcgn,Bookmark Search,
knejcigplfojhdopohgkpgndfjofgdhj,Vconf screen sharing,
nmpkfceobojhjmjgnighmlggcflffmlk,Improved xkcd Random Button,
ldpkekkjeffkoncebbgbmnmfdkkoddjp,Food Waste Decelerator Recommendation,
cjnbpmbmjgjkioecbhkadifgblfeppke,LaFraise Copilote (DPEC),
olekeaplmejkmhbkdggibmiafgkehpcj,LinkedIP Desktop Streamer,
gahbhdbjjomehdmbjielhoflcmnecief,NewsBot - Give me 5,
oohnpgemobkbjloigagpiminghlilnlm,Cynet Browser Protect,
bjpekgdondmkahcmphlemaaedodmadep,CFCA CertEnrollment.DCF Extension,
dbhnocmhkigempchmnihkcfjnbfdhjjm,Ethereum Domain Blocker,
odpfhihammejhokpbbkbhlmhnoipglmc,ZenHelper,
oiiadkfocfgeipkbamehmnnkjdpdpbfa,Cosmos BAM Disabler,
fbmmmojnhkgbkcgmckfhbfhobocbalpk,Fixes github buttons,
memkbjgnjappchhbckghcdebajfdpngo,TakeABreak,
gklpoofldhagimjcihlpnibfakgonlmn,URL Shortener for TikTok,
mmfhcldinpdnanbloeihgchmhkjpnmgn,Commarator!,
lccfnphpgnpeghoffocbacbkohbapinm,Close Duplicate Tab,
bhhhggmbdnpoeopeimplelghcgojgggk,Non-squashed merge ALERT!,
lgpcfnpgnogbmoadhafemfocejnmaaeo,JigSaw,
pnkigepphdmpaglalldenpojfamcnflj,自由码,
lciljkpbbhkfjjgkhlpehnmdkconkeee,Ticketman,
cbjeaiddihdgofakdocmnljnpkchajfn,Sum Up,
ebopmadmefafkchimikckagkfgmabbbf,Racing cars Background,
fkbdkhmbpokikgoclndkhgldkncncmdj,Save My Tabs,
onggnokegmdgdgipnpbaefmgbhkkhcfa,iPhone Sale Notifier (Unofficial),
bkhefmcanlbldoooonikgommkpaofjbd,shitkerizer,
acjlglhdafdpngebjlidbmgnlplfpgpd,iMarketサーチ,
gnklcijclemdlllfmlonfbaoampbiiee,FacebookOldLayout,
olmmagdolfehlpjmbkmondggbebeimoh,Testing Library: which query,
pbbmkhjkpkjpdaemgehnpgkfpmhldgcd,KarelPort Desktop Streamer,
jiogompmdejcnacmlnjhnaicgkefcfll,re:claimID,
jblkegkppbjhaipgdpmjcfccmhogllfi,Clean Rainbow Dash New Tab,
gogmojfgnckfkpgnipnckbghoingiemp,SoundLogin,
keaijnbjoibighkpmcgjdmpegbhfohjl,ES6 Tips,
pfcombngcgnehkbdoafkhdcfdmklboai,Netflix AutoSkip: Skip intro and outro,
hgigpdnageaicdekcjlphgeninemlbcp,Shy Google,
dibhijafdjjplcpjghahjlemfbjbkkfk,English <> Hindi Dictionary,
dciieagbefeppadpbnjplkekamneflea,Dev TOols,
khicoocmpkgjjdmdidibiehepfbobbmf,去除百度搜索广告,
dnkglabonolmnbkoaejlinmgnjcepcgg,Curious Earth Daily,
mmngonleemlmabbifodinekceadbeaca,Skiba Password,
mpajhnpmenfikmlgefekambgfbpkdhgi,abler,
ggopidndjepclohcopijcccomepmfidc,MetaParticle,
nllfedglplgfpnihfmllakjljchfogaf,NESA LockDown Browser,
gcomahicobplhfjliconnfefphbcfmnd,Simple Squeeze Page Maker,
hfofefgknpadhnkldafhkjkgnkdaipki,阿里巴巴搜索举报工具,
hclgdfmpmnalmepebdlnminokfgodlpe,Reddit redirect,
njndbdlccjiaaockbcambicedfgkhnmb,Qui possède les médias ?,
mpcnoobdnjnpajojombadpfjjcajbgcn,SendPulse Gmail Extension,
iiccgglbjljnekmhjfgpddnhmbihpaoe,Netflix™ Billboard Banner Hider,
kamhpehhdnbccfopoemjkpahemojkiap,Ecoify Extension,
kakbhkeancmaidoaomanppojkoolpbhm,itty.be,
jaanlojmcejbddlojehogdicmmfchioa,countdownto,
hmlmecpaamjencfbjeafmcikilheocbk,Fix Twit,
iompmkajdofndagijpjmknmnmhkapbhj,DARA,
hcegghofkifepkbnjonhfnfaigjnieme,Noteably companion,
iihalhcnelmolmliablkcmhahdnfcejf,MyFitnessPal Food Diary Percentages,
decdgljidgldegkhmbiaphkmjadhclkg,Neditor,
gcbakaogekindaggknlgfelblcadcgop,RendeljKínait támogatói bővítmény,
blbkmkifnfeihfifgnkcjoeeadfdfahe,NoteTab,
ilcpjebacaeckkjjmninkeiekdelnfjg,POE Search Saver,
ddamalhdeccoefigecgaphpogdgignoh,URL X-Ray,
bdmhpdilnolofapjphhfigjdclgmdhpf,知虾选品助手-Shopee虾皮大数据分析插件,
hgifaidiephajklmaganigmbppdhonpj,ProKopaser,
ddikljcdkdmpmfihigojehbfdbihppph,Backlog Task Jumper,
opikacclmjolkohebmlhodibgmdfljhi,Công cụ hỗ trợ mua hàng logisticschinhngach,
digoiapfphcaeeobcninigmkhpaiajma,DropShipping Order from Amazon to Aliexpress,
nbohjbehnnggbmibmdcdnfekjmobohlf,1-Line,
dcfamnabdbfaocipamkcmpmalmamlego,E - Dziennik +,
ddlonljhjnohianbhiifhppjahiehfoi,NordicMafia Helper,
pnhdnpnnffpijjbnhnipkehhibchdeok,EpubPress - Read the web offline,
gdkiikbhokcgaofkkjinfilmachkkhen,Gooder Bitbucket PRs,
aicedcmgmdbiblanmjacjkiakojghhae,Sleep Tight,
filcdchddjiekgohoaojfoofhbfbamig,Tubishare (former +OneFB),
emfmemncbafkigmfjhhnogphaplmmjpg,TDI Radio,
nhfhjiehemipamajmeimnnkinhncgpcd,pas helper,
eecdkibkhooniiogabiodchbogngogmd,Trumpizer,
mgfjlgfockcjdgpbgljacfjdaekcfgjc,MyTab: Goal,
jhiggndhadjkkagjekjmkbnbgnmljnfi,QR Power,
fjjhmhehhknnhkmcaphjaeghkemfkijb,AuxTool,
naoanpnjififodcipibbkgejbohcbnge,Debump,
gpmmckkinejnbcmehpdjakngmijhbbnd,Babyfotografin in Köln,
cfanmbkddfjaimhbcloeggalmachfgbi,ACT Usage,
elonebdpagkmdfcahghjnofeklengkgn,UK Amazon BestSellers Menu,
ipblkdfaeagmojkgohnhiknbmepfokdd,QRCodePro,
ilidphpahmdlgjlcejdjhbeodnjhdhbb,Webaholic Reminder,
dibfbemhegmnkjbpgdemgobiknmdhhpj,SUPERSELL'IN,
apdmofndflmhbdlainacnpcpbihaalca,Anti AD,
hcidhephpgibbomfkllaaebnlokpemim,Wishlist-To-Cart for Amazon,
eajmnpeglppbdkbhmglhhaaplpgfpfin,UTM URL Generator | Campaign URL Builder,
jlpkmcnaabibpmimadpdpocakebgcjnd,Super Search Agent,
aocpiddhkbidlpopabginfakppnbgkfl,GoUp,
goofkbnadlobcmpgbdibjdhpadfedjbn,CatFestation,
mbbfdipmmlbkfdkeklpioafmdcodhfli,Markdown Preview Plus Dz特别版,
kclaenlclblofhdoiajihgbcoocbmmca,Down For Everyone Or Just Me?,
cgojodnemgighlggmhilijdnhphkdneg,Collate - Collation tool for Google Docs,
mlhalllpogboobfpoklhidaknakajgfh,Obamanator,
nohbnhhchkhgiaghjaioohlbdpclkaak,One Day Pixel Sorting,
manaapbcfcaebmkmpbbfhbgddcbdmila,NooTab,
hadkmednchonkoigildhbbndeefhehmk,Dashy - Chrome Startpage Dashboard,
oocjkbhgpboompjhedccccgkkacikiem,PubPlugin,
empmgindhkeecjhcnmlfkmjbohklinfc,Content Control,
ohmmnbcombfdichbnnlhkijfdmkgllhe,UVa Quick Access Tool,
ljamgkbcojbnmcaonjokopmcblmmpfch,No History,
gbdnailkhngdoplemhkaakacflkiccip,Aquila Auto Capture,
hcpfechhadimdlhpfoaogcgoliaglkel,EasyTwitterShare,
ioohkjjgjejmhloiedfndnnfihhgjike,TERADA Research Free,
opllfdlaimnhmbkjeknihgeldhplnkbc,Biluppgifter.se,
gibmlaanjgpaidjgcpipjcddahbljepg,Acentacim Veri Aktarım Aracı,
jlngcabipfijndiahbnodbgepolahdin,Learn Issues,
fokifklggehlihkifghafpekelcicmgl,Trend Micro Password Manager,
naghkjogakhpimmejjmakpmnbdeccinm,Bookmark,
nmmmoiflcmiehgfencibnhfgmlchfpbk,Share All Happiness,
engmpfhepafobaopljohdkogmbbhcaeo,JIRA to OmniFocus,
mbdhoojhjoeboanilfflnmffphkndicn,Move Reddit Buttons,
kncbcodkcpahjlkdkhmipaaoinbfmckc,ReclessYT,
dlnalaneihafdkdcekejdekiclgdghka,Breadcrumbs Extension,
mgddgeacamdlanejniejccnckbbcabao,Random Naval,
ehaglffcgciedkmffdhodgofjfmgniod,Rally Print,
kdkclcgjccppobhmafcgchidhgapgoci,Hall Pass,
begbalkkgehedolhhlcmlokioledkneh,Hotel Urbano,
nlageoggihllkimflefellnjlfbjapmg,NGT48 Voting Assistant 2017,
egnaehkkpahdehpdpdjahaljfpabgeim,Your Texas Benefits,
dkmaefjipmmhpackikjbimeabjoonffk,Puppet Login,
ofbfdabicijcdjoeemcgabeeapciibbf,Delta for YouTube,
gpjbfckicpmdjmhgcjoecomooejngkam,Dyslexia Toolbox,
hkmafcipekdddpmhijhehcfahdegdhla,自动辣条机,
dkhmnajapcadldgnjdbmddkckcodbiji,JiraHelper,
ibfciopkfnefjlckilfkiejmoidagdgc,Access Token Extractor by ArPal,
hmbmfijollcpkaifndalhlnbmjknpdid,QB KPMD Screenshare Extension,
anhokodmknlefjcjlccdbdpihdfcnoco,ChordWiki スクロール機能拡張,
nkgjifjldgakmdcoadmkdlckmonooafn,Your Good Game,
oapnepnpjhhjakpdadnhacfakjbkleao,Pomodoro Timer,
pkhdbkadnfekllhbgamdmjmgmhikihng,Conscious (Hide news feed / FB visit counter),
gnmcaafcppjgmhnjmnjmcpiedclkmlea,Download By SMG,
pjjgnpjhedgolccfdplecmnapdjhlknm,New Tab iFrame,
odbemhkmecockgmooohbaekkiadhogfo,Word Zone,
hbimmeeilclcedjolkjgkanecjlmaahc,尔丰集运车,
paojnnpimjmgppnibpnphlkoeomcfffn,Xpress Sign-On Extension(JSW-XSO 7.0),
ehkdlcfjfaaomoiggbanpodiaemmdpgk,Amazon with flier β,
kliamaalmmanlodjcmpohjhffbjeaeok,CreepMode,
ijkfhaekoppdoonelabablnmegmcpbna,VS Code Lite,
djpmcodmjndjkgmkojajnjgeafcempjp,Seobaz toplu 404 kaldırma,
dlpcajkfhbbcdnoknpofikcddfpocjaf,Dark mode for google doc,
dhlljphpeodbcliiafbedkbkiifdgdjk,Crusaders Automaton,
bjogiikmnjcleceacedijnejkjffgmoh,Copywrite & Paste - AI writing Assistant,
enpkdjdlinjhdiapahibdkbljjggeodk,Tabber,
ecelnbeiglepohnlccefodfpmedepoll,Stylus Pressure,
kiohndocpaamknofhkcaoiibjabgenij,Google Analytics Charts,
ahiedejfpahggdhdgibplhdjnkkkgnil,Spendow: Giving Loop,
jkfkgcjbbcmfeomoaopadiglbpgmlpel,Genie Shop,
lijeilcglmadpkbengpkfnkpmcehecfe,Airbnb Price Per Night Corrector,
ejiigemgllfgaaandolnapdilkgohkhg,MediaSession Provider,
niidcejebmapmgohjfhajoiaiodalmck,ClipboardOverflow,
pokdemmjbolebfenngalladelkofhiba,Deals and Discouns Finder - Price Comparison,
mnmkmabfapolgedamdhcajpdiedbljdd,Remober,
nkndddcbofchmjogahmikkapkaoglkoh,SoundCloud Likes to Playlist,
jdhkkkapgdggbnglgficlikfkcbfebec,Google Keep Window Resizer,
emgodiamonlabplgccijbggaidiodhce,JVD Toolbox,
naaipabojflnogjimklioekfkfgdhoki,Jammer,
dfhigdjfidfnbmhockldodfnnaaolplm,Popout Plus,
jkpmnjkonfohoabagjmgpjhfoecffhmo,CQ5 / AEM Switcher,
fegapncdamjhcaofcobgedeppgdhpled,DoubleTedder,
macbajceaocbnbkkhglhppkihhhffddb,Mansion Poem,
iiekkcjhgfinlkigcpkhfbndnomegaif,Jobla.co Extension,
jklajelmnencdkknldaifpjoggnggjgg,Adscale Shopee PRO,
keodbghcggpcaaihokbhmeehadnkemgc,Wiki Preview,
ihifacebeonecjcjdbpicffgdgcngobk,프로그래머스 코드실행 단축키,
ioonoapnncbgnhjfjipkfbkpkogmknlm,Sketchtab,
dieklnonbdhebjobcbokpadiibgboggn,Web Time Tracker,
anbpilcdlnejafnibmiolkelojkiepdi,Mark Attendance,
mhohccgcljfkgbjpjebgamkoakaadkac,gdpreview,
fepmcjghfpdmhdfbdckdfhckcmcfegpb,Sound Prank,
oikidifpfcaoocciidamfmfjmhggbhlk,Brightery Website Builder,
hphinfppjcmchadajgnljdhflafknakc,Social Launcher,
phdglkldlcloeochmpdegchpboddbbdh,Knowzy,
dbolkbmbjjlbdkoocejebfokhbpncfph,PolitiNudge,
pgfkdbhkelnoodbdjaimjonoapchlldo,BuzzPress Extension,
bpfpofnomfjhkkfilphecclpobndmfjk,RapGeniusSamples,
bckbhkhhaidfffmaechedegbjmlnkbbo,with_replies,
obbhcemdieglpilieepgcbhpocmbkphm,TopBookmarkToolbar,
oidkhindaaphcmdflgfkpddinjkhmfje,Realtime Google Analytics Count in Tab,
kcnkpjjfmochbmhfihjhbbhpfnjhcghl,Farming Mode,
ancoamppjnaghimobkgbnhepfeocbfpi,YAKjs context menu,
elmmnkooaboijpglpljcpchojbhkflnj,Palestine Post Editor,
paemgainokloldfblcplhkfamgfppogc,Independent Reliv Distributor Nancy HillSapp,
gocolloffelgndcoepnmjofhpkjcdjdp,CouponDuos: The Money Saver,
eibhldckggocaibkflmkkacacijegkle,Opsgenie Alert Notifier,
apflmfgdkoodibpenolkndnjkigcceaf,Attackpoint Plus,
hhigndbpfknpkjmidlpaokfjpklmopmo,Download Elastic Logs,
gcdfkgmpbffbohjgncbobihhdefcjmgc,Convert Unixtime,
lecnblhnleicnpcnccmngpoomekihabk,國土測繪圖資雲輔助程式,
cdmjkcepcaliknlggehfipgngjoolblp,MAYO,
phapeaiiijjnafpcpcjcachmgdgfkkmc,Plurk-it,
aomlalciknfklfplgkpfehlfnnokafaa,Merchlytics,
ckdkgoogioikcpmpmoecocgfdangpecg,Random Number Generator,
ieaomdjhdichopdhgbdnlggooafonahh,FlowChamp Connector Tool,
ocegkcnhknjdignaglfcojidohnkpibl,Screensharing for Vmeeting by CallNet,
eelhfeamoijglbkgkkfddgkngokfabde,Social Meter,
oohoniicgoomojjcicpghihgkmngdboj,ServiceDesk Plus - DIY Implementation,
jdpfmhmcokpblbcinelhpgnddcfalean,Nano Showroom,
jdkfbkmncgkbedldecdhbfhdlcedcgoo,Rolo,
cafonnabhbhocjodcfgnenpfmcpddnjh,life03.ru,
nkgphogbgnehgdfkpiknbdnjaamlbgmo,Open in specific window,
jabgddbkjbekadednbljlbhhabiidndj,Holi,
hggkalpbenecnnepdpamfnpoomgoidcj,Trig Helper,
ipiolikgmbhbhocngaaamdhdkceimljl,Ester Liquori Design - Page Commenter,
omomljabicamadmdffbebkmghfgeldmj,Tansa (MV3 Beta),
ifmdnfjmhfinjaeldnnbgggndlmblbpp,モーメントをリストにかえる君,
eageapgbnjicdjjihgclpclilenjbobi,Tanuki Notifier for Google Chrome™,
nocfbdiflbpindmhihckhlapfjninpei,Bestmarmotte Extension Twitch,
naldigicepfannikfmfheoankdhnicah,ino,
ecfdjpbjkdmglclpglebiiijgpflkfoh,Weeazy - Screen Sharing,
ehmcpclingghgidajkpodncclbginiak,Screenshot,
pfnbmfogdllmoeohoegkdjildfjobjfj,Persosa Visual Editor,
ekclgcnohbbnobgdoolbikeigdjnhdnp,Green Sliders,
glmogegdcjklhiijkemmpcelmfhohmoa,ommr.io,
ceoaibfheddfhkpaegnnlppghfjoalpi,Stack Chat,
gnpgfdfodkidafphgieopcjncienmcdh,Promo Code Rewards,
hcfobmlocggcombmbgpncmbknnggjlkf,Jstris Companion,
kfbocdnicmioodheiciijiegbmfoliim,Remote Transmission ++,
aohbblkngjlnokaapngannghcnibiapi,Simple proxy helper,
mkpbnggpapchbnjbgjkanokmdgblcphd,Manager for Telegra.ph,
pedcikahomfhanomedjabndjchkneibk,Modify URL,
gmbdomahcbagioogeamlaebbjbgmiako,Kariyer.net Güncelleyici,
mmincpoaojlbhofmlolakllioobchgbp,TI Leads Generator,
apaajnakngeokmggmnpcfilmmegiakdi,DevTools Theme: Monokai TK#MOD,
konhnfjdepjkihlnodbnphpplfjgofki,ReadIt,
hogfjibfigegjgnilealmgcmaclnfook,POE item English copy,
afkefiknjbojjneemjhpfmlooaafogdf,MuteApps,
ldpibpcjnhbdpmjfollggppibfocgefj,Zhuyin,
pgkblbolhbnegeeencmgpkdgahholjli,Bahialize-se,
bmbpikjcekglfidkmhafdelaiimbgnpa,AO3 First Tag Search,
ckhambgdcmicoajnjdbdhhbmonkkmold,9gag save gag for later,
faoohpecajbfggiophmhdonaklfejbkj,4PDA comments tracker,
hmkeilppkfibefncfibgbiahkcdhbbch,AbstractAnywhere,
iojndalmbgcmmbgcdmnkaifdjpgacdag,EmptyTab,
canbpmiphfgefkccndbkgeleglongmic,Better MYTE,
fjmcjbdomdgbecpohgghpceapaenjabi,com.native.noorex.host,
pdokfmojfabmldekcoopfbfgfcahahab,Youtube Channel Forwarder,
pajhefegoehnbandnibpnncghnpapfok,Jitsi Desktop Streamer at YUPI,
gkdhmjahlliekjcgadmbegpghcgjhpbj,xroad sender for web app,
enoconogmncdahamcjoippahckjkibhc,High Seas: User based voting,
flljooaijgdgaaogmfhakpojmddcjjmj,ZoneAlarm Web Secure,
ejpokomdmhfpdgbjebmpdhmeolhefmfi,GA Copy & Paste by Onetomarket,
oehacgkocdddfgonlpnchhlbmepinogj,HTML5 Debugger,
ianbhbkhenfpaochofjlcjikadamifll,AyeStudy Screen Sharing,
ebgohheekhbonhacabcldaimdpobajip,موقع المحامي السعودي,
obbhjkpphldohhknfhfhgkfkfdeijlah,police2guns,
filmmcpcglbaibcmmfojncfinnhdcnkg,SoftSearch,
cebacmllkocbgbdapbkbcngdacebdmcn,iPayLinks贸易真实性信息采集工具,
ihnhgjgehbaahdpofalafjmfiaijkael,Библия,
dimkgicbconccdphlpgonbfmdnlkoaim,TabLinkList,
nfkbogbnbfbpekpmjcnjmpcblbajepha,cmd-r's log,
gjgbgamfbggnfnemlhnehgfachhblkhk,New Tab Console,
abdojmfdcjbeddeabnodicflpgpoaepi,Todo list,
fhpkcfmaincaffiijpgbbddenjcnphbj,CFCA CryptoKit.Paperless.saicchain Extension,
piokhpheddkbandpblblakamnmjlgghf,MIS,
oemdabeplfechmmglcpollaadcoliame,Time Traders Club,
mnfailklnkjlbfcjpenanlieekhjdbjj,Gmail Templates,
chjbailonehlhojncmkncddmempnejnn,Skin Proxy,
flkieefnhcdppcpgpokibmokkochikei,Watch and Learn,
jhgccgnbbhnlhgkhkdpmciognioebcoa,UserZoom Surveys,
aepeknadmnbblniadhlpedjbppgmnglk,Sum and Chat with Web Pages and Youtubes,
fdhfobojnimoedpefghekjhckolommed,Chrome2ChromeV2,
bjbmjdpdbgkggkcjmjnkkgnbapdjdihm,Brazil codes generator by Sergej Jevsejev,
cplpgnoppkbccmlenoljnonjnepkcied,PiPControl - Picture-in-Picture Control,
jjjbdhoeahhfnejmjaoamcjliooebioo,Slack to Crack,
mknemajaeeddmehlbllajcpggnlaaeag,Link,
ihaomhafdfkfkjbidfjjfjpfojconege,Lorem,
oiaikmfjhnbpmnlmijlillfnkkbmgbjo,Afficient Academy Enhancer,
bihpagippmobccegdjlngakomjhdnhja,Gary Vaynerchuk Motivation,
illjmkhcgpdabeeehllechpdglfpgboo,Booi Gemini Translator,
edanbafbcnbhkibdhhanmkikamaeigmk,Evolution,
jlcejadcldbakholigbnonbkfjckkooo,KBW,
gmiecgooaakgcidblgpeccphglkclihm,easyDITA Copy Paste for 17.1+,
nkojdolpdcdacegcbbmogdpfomkhabpp,Homeboard (Speed Dial),
aencebkkkifdfpohaabddabehgolegom,SIIIRTools,
hipilpceecbhfpflneijogboalilnfjp,RippleTick,
aafdikoclahedmcgjinjachdapjiiggp,Did I Refresh?,
gcpneefbbnfalgjniomfjknbcgkbijom,crouton integration,
jgipombomcpnkdceognmikebgfbknjjk,Github Keep-Alive,
olihikpoohelhaclhjfnecffohpmmjpl,DressKare-dev,
dlklgkpdmmhdkipaboioacfkpllkdkpf,Blowfish,
hkpeioapeipnkmolabgglodfbcpdabda,Tektriks Search,
jpmbnbenlboepepiddiccbjmidneahkh,Rapid Stream,
opefelljddckamffnphohkknfgbdnham,Bittrex Enhanced,
mnmlmkmjjhpbfemhmhpcpfkdlgadbigf,Salesforce Mass Editor,
baphnigfcfaecagjeipklfgfmefjpdgd,Zeev Immobilien,
nobpnmomjlcbohjkogaeobildecocmbh,ArsonWarehouse,
hcepbnomhgponnlgannhehcmiokmcioi,LinkedIn PlugIn,
edphkeodanpjkllbfopplbdpofglfpdm,Fastmail favicon count,
pgaijkocnfieegfopdfhnhecoeiobpbg,Div X,
kbkpchimkeckhgepgjgimeigoikldnde,Scripture Tips,
kgpophjlkdkhpgfiiolhmhnhnlmgoleh,Como ToolBox,
nikifllafkofdicjhldgiophmodkhpia,Scroll UP,
omhddidaimomdeombghbcbkkbimabmmm,Find That Email : Email Address Generator,
pdoejgemginjhpnbhkkhihelcmlkbpah,opre_comment_transparent,
kifnljdeoikhjhjbkkjhoaehfbaldbmb,1337 enhancer,
cdeahoiaoinccfipmkechipohbpaplem,the laughing man tab,
eneeeafipcpngcdiglngfhpceeoibndd,Охота на мед,
epcekjffjkjmafpimcbmlnghipmlelln,モバくじ,
jcockobcoahaemkcdbaibnnjcnddbmpp,Where's Waldorf,
fkgplcimaideojlbheibmhkmcjhhgbfn,Get stock data UK,
picdbajokkdinaboilgbbdcjeeocidek,DF Bilibili,
aebieeaodhkabdnmhjbfmdohhhcoipof,Remove Helvetica Neue,
gpplmcnkdhjknnhigfppgiokbapamelj,Jewish Radio Network,
jbiahjmlflmfbffiadfjffbdkjioimfp,MnB2+,
ieggabihfaomggcejmbilceaknepaill,Haber7,
cdhnljlbeehjgddokagghpfgahhlifch,Unmark,
ggodnofnmkgfhljenihoopbnhdgfnljj,Scrollf*cker,
ffklgmmphbmfpelkfcobdcfcjldmhgkj,instatakipci.com,
bjpjfelghhcbcenhinglfoeakolpcbci,Rozcestnik CZU,
inmdanhiiibfpdlljnjjbchhjgelojnn,ChromeOS Certificate Installer,
fnmekglpcngeeebkpgbiilkabbhbjekb,Xem trực tiếp bóng đá bình luận tiếng việt,
likcblkngckedgoojneppgpdocldbgga,highlightr.io,
demfpfnomlcdbjdpiojdglkfncbdbemk,Go-iken Extention,
halcllbfnggpmkpfhhboaomcpigplbid,Close Window,
hehbipgbdjhpnhbgapjokhanboefalfj,Guitar Tabs for YouTube,
hpijhaededegbedhfnamnajebmhbdcla,Sinc - Watch Netflix Together,
cgcgjpklfadfjcnnhmochjloidpjaopi,Murdaroff - The Smart Transliterator,
jmgknljeppbpleahdilegjfldckchfoi,Xelion Click to Call door Samson-IT,
caakkgbkhdihjoocoilmgmnhgcpifeji,Link Target Analyzer,
pbkimmanmhebbfdphpkjpdkolihanmah,Уборщица,
dojeallnmgbmdjoboklnojkdfenfgiek,GitHub CSV diff,
iocnglnmfkgfedpcemdflhkchokkfeii,sVPN - Simple VPN to unlock internet with our proxy,
mjgoamheecocffcgpipfhmpengcgajob,IMDb Sort List,
djlmgohblncanaggnnefnjfpglmbedlp,Remove Tel Links,
hboohdgekmhjanfdlojjbhgioikcfmbk,Sueños Significado,
hjodlcbolhkebfebbbjjifgaghmpnedf,Git Dash,
gpdfaeffbkkjkdkinpaghmcflimlhplb,Translatio Cards: Translate - Save - Review,
jidbeokhpdejfjokglhlnkkehmdpobic,pd-utils,
kgpnphcadociggnddokjcodhkhkmkbfp,alt-right to white nationalism,
bblakcameceijccigphgaojpdllkahmb,Stallata,
nfcpohaemlagcaphfbpckhgabfmcogdg,NCTU Dark E3,
mimjhpkiimjjhlhjipjoffnoadiojglm,AmongUsSupportStreaming,
bcmhejapohpmhgnpidaeiaedackacelm,PagerDuty Notifier,
mlgnpmfabelpnbinakibjcaibnfdnpkn,SuperTabs,
jlbhiiaglonlmddaenlicebafcmpcoob,Copy Marker,
hdfcipmpkkejiojhijoogembhdljepfm,ExMormon Forum Helpers,
egnpipdpgefpeljanfapmfcmochboeoh,MadCorpsTV,
okaiojoloogbmjbboccohaianljabgbi,Hacker Nope,
anmlnajlmedbamgpeflbhhkieonmbejf,hup blogszűrő,
mgmpbheiglenpmhogcmgpmlghjkjnebj,How To Catch A Cheater,
fdciidppemmkmcboaojpofongnmhgnbf,Highlink,
nflemgmhipglnakijnfnabobjgnkadin,Kiss* AdHider,
ajhlmmkocpickopfnjdbapohpjllghpo,ColorClock Tabs,
gieldjgkenokfedegndhehmijlefaghf,Smiley of the day,
iopfnekpggejeblfpihfjdgeonnkhanb,Bucovina Mapa,
eapmmgdleobilfnmfandlhbcfdlaghkp,TubeShift,
icnfiaaikmceeffekddmbjhgojnkppac,Harvest Language Support,
ebhkmadlmbkcbkpbccmodmgikoepmemd,ShopinBot,
kploejngmljnhpofmejijjhegehhdfoa,MultiLookup,
cjahhkgnmjmjagpahdpddpbkcpbeccoh,Lagom,
nigakpafpjfoohcadhbcpeefdgdelkjm,Peacock,
mjeeknkdbfihloacmkkfpgdbdgpbkmdh,Custom Calculator,
ahpokbhdmnbfbdoddojdgphbpkdjmooh,Just Web World,
cffdboojhkfgkeicaeckflcbjokpekih,Read rate done,
mlekdinlcaggpokncinbmomaplhbjpmb,WaterlooWorks Now,
nhomnfohbfiolgmojnhagdjaiajkgaic,CFCA CryptoKit.HYT Extension,
hbgoljepcangijkfpdhhffkphllijgjk,K2VPN - Free Private Search VPN,
lmofkjhcajneololngecebghcgkkckaf,Countdown to Inbox Zero,
bofinkiibnkifejfhmdgenhmbikjnmbj,spongemock for twitter,
clgnlcfonpnfnidhhfadegagplcnjepk,Bilibili看板娘,
jnnifhpbkkodhfneckeloephjcopmlcd,simple translate - google网页翻译,
mdepjcnhgmnjdmcfnkapbpampngchgil,URL shortener,
khmghligbnocnhnpddkpeolenniconpm,Openure,
dilogbnjbadifdhdphnncpfndfocidle,Legal One - Pacote de melhorias (não-oficial),
enagjojfhclogmaemicdkkohjghgpodh,Procrastinator,
opokoaglpekkimldnlggpoagmjegichg,Violentmonkey BETA,
nneimfibemiegbfgjmeblmfclkfknaml,clip it for later,
kdhfecbblaafjnhekjjnehamgfnkppjj,Copy Tab URLs,
klljkhipcedijhmpemfmjognjeiaahmn,pageQlip,
iafkknggdonibijaohmbogmpfcmnbebm,이마트 점포 상품 기본 표시,
lcffddplofmdihhljcgjjdomlkameebp,Emagen cuidemos el medio ambiente,
bapoahccjpjmckdhfdfcpaagmgjcpeag,EQSearch,
delnkcnicmhpooaokjbbpddaeikmhkin,Hacker Headlines,
dpmodgniedhdblcigfekhgdgmlehkbne,Groceries Delivery Checker,
lnihkmcgnbpdldagnjlgmamkpijiofdm,CFCA CryptoKit.ECIBBIL Extension,
nacafpihpihbpdkbbladibonplaioknj,LibrarySearch,
aofmplfjaabopjkjlhlhidfjofjniilo,Linux Sözlüğü,
fdndbkojjjepcijbbhadnbdmbjjdojah,new taBoo,
jmflbifhkmjblfhmkpfdflfhphbinfjl,FontMe,
hoalliljjpehjjhbaninndekbjpfmnfi,【非公式】Talknote 電話やでぇ〜,
kgilfabddfgbgodjclngamckpdagbagp,DNNae - LinkedIn Automation for Recruiters,
cofniacnhcmfcfemgfcfgbjajnnoefbi,Kaibaru,
jlngonebelogcghkaklkfkkpmfpkgjop,Starname Website Resolver,
kliojmggbmjndoldpkodkponeeblaanp,CLOUD TOOL MWI 2.0,
idodfpdoklngcknlodmigjjhphfheonp,Dispatch Plugin,
mbohndnoegdhcoknoopidikjbhkjecmd,Refuse to be Human - The Baidu edition,
pjaohflddbeflgnchdjnkakfiodcmfbp,WordsFromText,
didffkmjeeelojjhglgplogjdeigocjk,GroupUp Browser Extension,
igddgiapehjmgfiionknahkilcbglfpa,Styling Trello,
jajemmdkpanhmmnlddnclnefeplgohah,Cooooookies,
eeakhhbclfnjkiloioedciplcnnicgip,Script Loader Bge,
aciohpbbgoiolebkmgjfddadfcnhkpcc,ToJiTab,
kigiamdedmokjfflojghfmfjodedkfjb,8Flow (Experimental),
mnimfmckjafijilpdmhddefobkigcmom,GitHub Yes Sir!,
glfiafplgekdihjbpinefckiienkojil,Brewer's Friend Hop Total,
fmackbdncigkggigfkmiikcpobkeijaf,ChatGPT for Qwant,
dkoikohehekpkjppdpoigamlaffjhnmb,Spec File Reordering for GitHub Pull Requests,
legnafcbagbfjfoekfdlcpibnbkphenl,Schema Browser (Classic),
fhhjgaeomcoieilhgaljknfbodfkliin,Nodspot.com - Find & Play Artist's Top Tracks,
pniccgadlhnbnjjmidfiamgghmecabef,Yogscast.com Video Notifier,
nbpggmgojknlhgopbanbnindnelpheod,Etoeto Wanikani,
pnlkofmhpdmehfbjppinbnpifbfciaco,angular google design,
dnfedongmigmdfjpddmocehkgjanabid,Love 4 Dots,
kcihfgfflckbhcdkbbelebfopfefhppo,Mon Monsieurstore IA V8.3,
jekfnakihcbmlkpampbikhcmagcbback,MyAdBlocker,
bpgncphfhlodchilcolmadpagamijbmm,Butterfly Cloud Downloader,
hdedcpdgppojfpjmfememkpehdlioobl,hoverwatch,
jdmcnjmopmnkijcbonebjbdkpcdblobn,Calculator Chrome Extension,
aggmlfihffplbkiddgkbnopnkdpfcnhg,Select first Button,
jlihdndcldgkbnbahbijckghmnmnmkmo,Template Creator,
bppnolhdpdfmmpeefopdbpmabdpoefjh,GitHub EditorConfig,
gbdolbaekiifmipifhldbfgknmjjmpkb,Xeno for Posist,
ohhaifpghbkbkgdjloihpinjnofjgejp,تسک بان | TaskBan,
cgeabdckhppkgainjcafbhljmemhaaek,Same Picture of Dave Coulier,
ojjcbmedmjnijegncicgcgjmpifnmoji,Urkle,
oecgmhplobhmhdokjhfmbnnngghkfclg,YouTube Focus,
clomaoojdocdmkhineaiijpljnbjgclb,EasyGif,
kfmkjnidhdpmicaidofhagaklmccpdpc,Newman,
adlgciholbhcgjhkgnkcppodnflfodni,Calendar Block,
pcoahkcikijkecjcfclmoggolnocabfk,ニコレポ・フィルター,
hhanbppnbjddoigicljdfiejdfgokemo,Inspire,
dnglnpmfokaeedmlfhpnmkkecmapcohe,Overtag Leasing Import Buttons,
gebemkdecnlgbcanplbgdpcffpdnfdfo,HubSpot Developer Extension,
mfpffclbkahdlnknjikckcifolnmgjpm,Tier3 Meet Desktop Streamer,
iojaoainolpgkpojokmeclhidjolocci,User-Agent Switcher (Deprecated),
gpjopjidnfdmlklnbnpaonkfmgehbfic,QUOTES,
mipjmapcmcampplhheoaaedaibdojgdj,Snapshoter - Take video snapshots,
mjncaeojcjldpplapjioikobkgedockm,Disney+ PIP,
lpfleledablfbdekjbhcejmagnjoihgn,Markdown阅读器,
dapgocjfppegpnbgbalpipllndinhjhh,Sonda,
cmcchlpblmhjbdhgggkbchaidoapmjhp,URL Shortner,
lcljfjceikhjcnkfneencpmcpkcknabm,Bornali -English to Bengali Dictionary,
jmejlldkplipfacidogapfoemeponabf,MemeX,
mopeppadbedfcgncimndliakndchfccc,Phố Theme - Dịch vụ thiết kế website Tân Phú,
mbogjglnihlgjbhjjmmahadphapflkdc,No More #NORMCORE,
hhdiccpconjkghpllkdieckibcieidpk,Some Rich Asshole Enhanced,
mdkoanlgchgnkbfjcecafkadgneapali,Site Labeler,
hccebnabjembglpdicabemgcohmbpkjo,CliteHD Desktop Sharing,
lcoponfclppkdadbglnkhedjonbfegic,Reddcoin Tip Platform,
hjmiapcidedbmdpephilipphfhbilpep,Dịch vụ Entity Đàm Triệu Vinh Since 2017,
lnnadnefhhckeccfbnbnabonnhbbiopg,Puzzle RPA Plugin,
oopoalafflpgfklecpccajeaphcknplg,İnstagram Ucuz Takipçi,
obegjhaoegoeellhbpcdegbeimipddma,NicoNico Mylist Search,
ikanoncfmnjodagemdkdhhhgginadddg,Edprostir Screen Capture,
ojfnfhlnmfmapgkbdhopjjpoiffnfjdg,38 LAND - Dịch vụ tư vấn bất động sản,
egkalkilkdflllbpjfhaidpapiaeefda,PNB一键代购/代运,
cnfemhcjojldnijpebkhccnjhbbhainm,[Beta] BoTG-Helper - Extended Info,
fajgbkeboabhfalgbghijoofhpagoago,Poloniex with Icons,
lpihapijmopppnlkpglljeaeafcodmod,Best Games,
ggmjefghcidmenpenfkkgmofilplomgk,Lepra Scroll Extension,
pjkclnjcbkbaokgkknhodkeboojbabck,Auto Tab Closer,
deiaockpjenclmjaiipoemoedjihbekk,Spin-o-Mania,
nkinalpcaaoedmpighbnncpplmjgohjc,WastedWelt,
okbkehdkffjalegpmcpgfdijggdibdli,Ustream Checker Color Changer,
cblmdbjgfdhcmaanoifncfpgblblljog,Huffle,
lellncmobajicjiocdfojfmcnjfgbphm,ニコニコ・ブラウザ縮小対応,
mhaelloepmhlkbjnkijbaficjjckkedc,TubingKeys,
flgbaonenfdkkiejojgfpfakoahccpfh,SF Multi Profile Selection,
lffdekoedjmjgjgnimmgpbcignenpeif,WebMark,
bfknajbaofodljfccaoecmfjgaigdmcl,QuickGit,
agopkkaaobjogkbingpkiflnnbagmmio,Lost Time,
kflpmpfjcofocgoomakiacfbbeojgmed,Seabreeze Red Thumb,
jcgphhpflljkoofleldpnbcgchedobfa,What do you think of Tottenham?,
dlhnejgdfpldhghjgjkpkkkablifpfnk,Don't Bully Me,
iegeohipdefpkknfbfkgnfpdegpcpelo,Black Lister,
mofjoojkbejdalfenhcmbcgdjenpijok,CertCheck for Chrome,
onofchpffbjopldjncnifojcfgfflbde,Vz Announcements DEV,
ldelafjiedfmakpcegcjclhihbhjpagn,trak.ink orders,
cnmbacgkejglklpicceakmbgopikgaoc,RFID-Schutz.de,
dacgmppkaeddelpplfhminmakkdlkmbi,UJ links - الجامعة الاردنية,
lhhkcijahemdaehaefgfadepcealbdkn,pricefrog,
akfbbedfcpapjmafdkjidlemnpfcnonh,TKT Checkout Link Helper,
pljgdilmpnfcjmfmnfdlpjodmhiglmlb,Electrum Browser Companion,
bdnobddpgjhaenonjkngfhcknndajiia,World View Wallpaper Launcher,
ifiopipkoalljmllckmloodnookahllj,En Speech,
jbhjhhdbgpgfiamomhcbpbbghemokmmb,Berry Helper,
cdhgohknmmkonojeajegbnkbmfkkhobb,Tracking Query Remover,
lnfnfbjddnnkcohbbhaedeakchmapdck,Github History,
gihipgmoeaeidkahhijdgngjjibbkhmb,Bookswap,
kjjcalmhcemhafjcoanjjllfjdfnnhid,Suggested poems for Gmail,
iiaonnaddgcnidhniniaghdmhmeehmge,Banana Goober,
lehbnkiffipefgfbhemacdegeckhhnok,Onboard background,
bannjpcdclpianlkongbahpjkejifncj,PH by Jonno Riekwel,
omfjofmceeppamckfiimnjficgndapbm,staClip,
nefcjgapjpifjccjjbdamikmnjcohofc,EG Console Connect,
klechkhopfnjihobbcfeheooaigjjgdg,Odds Converter,
peejfieejeajnidgiemnkhcaleekciah,nitoto,
ifagnahmjopbbfcmbidkndbmkcbleljn,Minimal Http Headers,
ilbahnnplomdcfnhcoaleljnlkhnljgf,Builderall Adventures - Weekly Tutorials,
bnmfikklpcfinnpfchgkjkigggdifjhf,KomBea SecureCall,
hnebpnpgcigpjnbihgpfbpijgbidjllb,TCG Player Cad,
pnpgiaegonijpadcecieeehgopaicjhp,Is it react?,
hmloccjnnhpehmmplnnkeijjppppefkn,Berti,
eadnajldahhamjommgaoepjokimcgfeb,Keywords Highlighter 🔗,
ndjlhileefmglagfehggdocdaklmadah,Polygonscan Quick,
ejdpnphpmfajkbdbmekgcnofpecgolhc,WebSmart Unify,
goacppacgjodkklegomejagnoihdfoel,RandomXKCD,
mpffkanmhkfkcadkgjdejjkhejmcifkb,TabCop - Tab Manager,
fhokodcbbgfbpjnnhcamebobcmjikmbf,Clodura.AI - Free Lead Connection Finder,
pnlhimdfiackmhomjpgmahblihibeian,Whirlwind,
edgafhhkoaeojfhofmfnkffppnjbboli,Who Is Who in Socionics,
pnjdaiogafolcpacbpfblaificeideab,Speech And Debate Timer,
beandkgbfjmlbfamcnbekejkfjdeakgo,Homcle,
khbpehokklamengcinabhclcojbiombl,Carefree,
ojccjdibbkolgodijhgfgmcdgchlojao,Punchtime for Trello,
naphknokloanealifjpffhjjnmmmhfbb,WebAssign Disable Auto Scroll,
gabglhlfcmjkdgkicegpofhhcncbgohh,My Tabs List,
nnpjokeejpliankbgnjbjlkaloppehoi,Netflix Auto Skip Intro,
iaihapeddbkncmmikkpmeggfecohnahg,Komponenta pro aplikaci BUSINESS 24,
ekacmphakaefmiaiooffnahobjkncgim,PEF to JPEG Converter,
hpdlgjbaokkembcmafdcfnnjmcbhlbpj,WebCrumbs,
bdhobnomngglhoajcbpihfkcgkehooco,Restricted Mode: On,
kibkfgddilddhofjoenplihpggphogaj,Quarks App,
mkpimgmahoahepkjnplbokdkifbcghbo,Elrond Websites Inspector,
knkamoeogakmblmihbbheiibjfnngaca,Sylang,
jaoiemgfmlmegpjhbbeacnckgoodigdj,SpotShop,
fholofncjefknlbmfkjondfolbgddjon,Archilovers Inspiration Tab,
ghmgejkjegkimlkmafbknhlkpdokkmpn,Data Capture,
blpfkbidfojgclpnnoogedfdladgjija,Tech Recruiting Email Finder by developerDB,
khffjhbjfempadhkimnghamggjmdlkfd,LibProxy,
jnbbpclapocmlmdeokcblbdgnhejjiel,Power Saver,
leocemaonffedgnjdhfoilhdledinnnh,Brightness control,
akkpedemkbcknfeafaickcjkbljliafd,"""Ocala Real Estate"",",
ocgahpobhhfjgaggafmidogklgiefenj,Sportsy - Sport Live Streams,
ebfpkpjcafomoogflkidmegijcapljdd,BigBlueButton Screenshare Extension,
joflcgkdaehihgbjfljkfnnekjcjllkb,App WikiDinhNghia - Wiki Định Nghĩa Tác Dụng,
ahjflekcjjlblfgfpbnhpgfhgnbhacej,Consider,
eogkokohnicpiknaljafkcpcobhklgon,Coronavirus Tips,
cmfnbenibggaiagifhgnhpmelglajfen,Adorable Cats,
opmgpilmngmgnemoldpekbjegnfjefcp,Fuzzify.me,
idgncpfoimfmfadndgpiecfcamkneejg,Business Messenger,
mkpmamkfkdlncljnglhkabhcmnakhgkh,Informatics Courses Lookup,
aacnmgkanldpddhhhicgdgbaoeedjdma,Nstools,
hlcgjkbdmlnfmelambncafejbemlfodl,Search Incognito,
kbglibcidjbkckcohhekmopckonpkohf,LinkedIn replace rainbow logo,
jallpgcpengeoondpogkdjecmngndmal,ワクチン空き枠ハイライト,
mokdnjonnjhagkckdjlinnedmaipljog,EZ海淘做单助手,
bplppkpgblocekboahlbfjkegfkcjmec,Slack nicks,
ildiopfmnapcabcooeaebkjdmbdaljmh,WikiSimplia - collapse Wikipedia's menu,
kkdlilgohbfpkiaenamgpojngoodnohp,Ugly Christmas Sweater Resources,
igolleadgmkcpideghiegkgfnfbodjll,Viaplay Subtitles,
fkhimnihclpdpfhgnjbahiokfidiomhb,Hiveway fix,
ibonlokbdhbcdjidobbkajmhkodpbfhj,wikiqwiki,
nbihfiblmebjoppccegmiopkipcknedo,Book Covid-19 Vaccination Slots.,
nlfbobomlpjjejlepifnihadhneohnkp,MX Extension,
glfniolgcbhkaoancbjcmbcggihghdjd,Github Endless Scroll,
nabghppbcmjjflfemokkgocleeclijph,Google with Favicons,
cjakgjipbhbepdobfiikgebkogelphgn,Avo-TV,
meglgmcjkeihbjncfjgphjkgedpfiola,TrafficAdPays,
efoelbbfbknfhpmgclpcdbkoieedkkai,Always Clear Downloads in Chrome,
nifbiilmebabmhiekpccmhjcenkkfbke,Neo4j Exporter,
lljncgccioajcnjlkkigiecjekggdcco,Rutor Torrent Search Pro,
hmgbcnokmomodceannmjbopmhgibpane,絶対FTL(I),
gachpamaaijaikdcakmphoeknjigclnk,Snake,
agcgobldlhnlocjpmefnpapnadkmpefa,CloudHub Web Screensharing,
pliohkckjjidlnlnkmdhpffimjfioikf,BlockRice,
haejehnjmhgaendlgdfnijfgklmhnebg,LeftOrRight,
edidfekohhlnbgonebiggijndjngokgo,Cyberpflege,
ljcjdbpmdnlcngjpalikgbgnolbbacaj,Notion - תמיכה בעברית,
gjmkhbnclmoofemknpfmkejelpcknbem,Profile parser for LinkedIn,
hgojnajokjdjlmfdonnnkgomloikhpnc,New Tab (Zen) Notepad,
jkmhmenlookbolbbmcdmadnbmpjlmacg,Coinbase Trading,
fnapinimcdpmgkedhjbfckmpjppnbhba,Youtube™ Shortcuts,
igjaidgpgcdggdappmaghfpeloanmbnk,ExplainKit editor,
bccepglgkfheefeneobciikomabimeko,Chatsifter,
efhelihabfhdidioednepbkojkeneckj,McNeel Support Extension,
cmgaefngkfcdgpjmbnpolofekooiopeo,Feed Roger,
mkfhmdnialiobnknlcgickbdikagoijh,Tsukuyomi,
nkfedjgifojieneieoniacbiiffikjdk,Tableau,
bacbcaacacbmocnfkahiaondgocoknpk,Sonikpass Verified Presence™ Extension,
mmhhhpngkbmehangnmfjflmloccnpoha,Nopad,
ihoemjhjbpkjnlfndmbooelapbmeinml,QuickSend,
gdlbagahbkacnekaiibemdmagllflpbf,Full Width GMail preview pane,
bcgbghlhkkhcimckjabgomapgommajen,Transtore,
geicggnikpjlkablapbjildpimenianh,アウルアシ,
inailacfginaoeoaalimoleipnedabga,Google Meet Attendance,
akhnamifhkheboeffadlibfcjpmcmedk,SSS Status,
ghdkhcgdgpapfcgkbchkdplfmchnglcg,Contrib Awakens,
pjceaaieiaedkcealcpnjbmmnnndfhhe,Ramon Tiene Mucho Hipo,
idknlgdgbkmhhgjepkelekhpoaceigja,CompuMark Image Capturer,
hannbnhkmhhmfafnlldcdbhnepjpladf,DieVerdammten Helferlein,
dhijppimaboapijfjocmmephlbbfpcil,washing machine,
fahegpaocflpnhimjahapmdfljgoppog,Pape San Live,
okljidbiljmlhmlpmaefgaegnobfjgib,Hirefox - Send faster LinkedIn messages,
ejeemacpidnaejkhpbmfkadhgjhnolaa,ezDeFi,
kkijalhkcfebhahlagllhlpocfehbfok,Push To Talk For Google Meet,
mobbapdpmefdbmdhkokjehgdnaglfkfc,Do the harlem shake,
jndclpdbaamdhonoechobihbbiimdgai,Chromebook Recovery Utility,
fogbgogfedkknbbdiepecoacdoilemof,Janus Health Teleport v3,
pfhekjkfjbcbnohifmkgcplickojmbhl,Toggle Old Reddit Redirect,
kkphiaafmfbkggbicfnggaaikbljcafg,inweave,
dgdmemgbopknkilaegmgcldhhjbedkgi,English to Urdu & Urdu to English Translation,
ignkdlnhekcmpbbejgncnnllngalmigi,ZhihuShowFemaleAnswers,
cojojmgaajkjghfkjnimdgdcndflkapb,WebSAS print screen extension,
efeahgomdginngpicicpkkbmgmcjembl,#GooberGabber - GamerGate Word Scrambler,
foaaibihjfcacpiehnjaghlhopofmmnb,Github PR Template Picker,
ngheajffkmbaanendpijlmdopibbafea,E-Devlet Soyağacı Gösterici,
objinplkdlknjdnimkmpckoeocbcfgkf,旺中守門員(兼打混守門員）,
joobhllcmgcblpknnggemabjmlggeddc,Direction Search Tab,
jlmehbeiameokmfgiogepoeepjddfkag,Ajax Lazy Load: Yad 2,
dadfaaicijdojeifejkhfjhhbdbifnpl,Cangjie Query,
aaaidlpoefeeklbhpndokmfipimojimj,Better Homestuck,
mfjjhbalbjfkcckghkahijocjekaijph,Workflow Assistant,
loeaogallpcfmlcblicaanimikjhepof,TEA: Traffic Exchange Assistant,
enkhmfagejdhcpoimhjphcdppbcmebng,HACHINOSU,
baleiojnjpgeojohhhfbichcodgljmnj,LanSchool Air Chrome Extension,
hcelabdgmlbehjokbfoolnjnffickcbb,Idealgewicht,
icdbegpdcjhhhfhaapajjckcclgkleck,FetLife Original Navigation Bar,
ikknoopmfibhbciojneoifndkomlfdjo,Time Wasted,
fpfpjjcjbnlolpjicopmlbaihffamnlc,GEODI,
amcfnphogcieldnecbfkpcibdkgdpoij,Dịch vụ nhập hàng Trung Quốc,
hbnemibkebhagbbaagmemafblckohnkn,いあきゃらちゃぱれ改,
mjelbipojiljmajjnpkokdkdbmfmmiga,Webresolver.nl,
olognjcjfiknpiblpbnmjgbehodclokg,Stumble Across,
mjbilkjfbablbipkaohffanbhncmhmaa,Hotspotting,
bmbjjojbeegliflhadcgmdgcgippaaje,Promotify,
hfindddachkihhbompbhoaehhmomnane,PROТанки Стрим Анонсер,
geddgcpneoejfjekjbgpnghhmgahcpgj,BBDash,
jdkaiipcpgdgbbiepihiggaflgipbnhb,Wiki Reader,
bpgjfhfgfmbdfnmgkmjgndicajkmdlmd,PixelsGameHelper,
jkhgkkhkokkebajnhmogconodclkopdh,Scrolller Extended,
cdceojfjgnlmfhnnpllaaojjipgmjkol,Qzee,
igdbinglifbmcmodlpcnaekhbkplpbmi,"OLX ДНР, РФ - конвертация валют (руб.)",
peaeggimiceafdnmebnjlfljfnjngfkf,CSS Diagnostics,
lejkncgbcnjjeppnabdimighdcdcbjde,Add reminder,
kcgkelbdbijocaoipddfkdpfmfoejlaf,אנטימטום,
eophboegjhcgkopdmkibfpcplcjhpemb,GIFMAGAZINE for Chrome,
bifomknbppmpneinomgnnecjbaiiccho,Tezos (XTZ) | Simple Ticker,
jcoeiomcmmmphkdkadkjpjiakdlpahok,EffortlessAPI Developer Assistant,
hkklillkbipnkajdoaljoimglkfelfge,Shortcuts For Links,
khbjelepmeiljelecnngalpigkjaoaga,DuckDuckSometimes,
mmlopenjncandgnpgdganmahhdojpapd,elevaite365 Observer,
lcabedmhpejejhpjdfehcojabbdfihci,Soccer Streamlined,
kidgemiejpkaooedpdophaabombchkcf,HideMe,
nfhccmmejdmainhbeecjhihjliomhfah,GoldToken Enhancement Suite,
hpbcopninilnhimajpfbomiimaocogid,I.A Copi,
iheccogfcpjfjbnlohnlgdljaefpgaoi,iZoom,
haggdgmfhabhnmfmcmodogfmehljdoco,CigarBid Free Fall Plugin,
ibgcfjpjkenifoodgneppodehmkbaefp,Tab Session Master,
mjddjgeghkdijejnciaefnkjmkafnnje,WebXR API Emulator,
mehocjbbpdegchdehcieeogngfkjjenb,Minimal Astronomy Picture of the Day (APOD),
makmppippmckkphonaepfkeabodgohaj,Los Altos High Helper,
bbmpakhbjgpogjnmcbajcchdokmflpmg,PracticeSync Payment Extension,
akndolpagcjaolannkpophkacklomagp,Re:format Gmail inline replies,
eofhionhfmjbhjjhobdhaiimjedliggg,Teamlyzer,
lkhlficodklfocleegddbokkegdljhmk,Seraphic Web Security - Connect,
jcldggjeifcjfooigfoehfbnemoaimkf,Bithesap - Bitcoin ve Altcoin fiyat takip,
feonpinmkafnfcniceplfobhhnhoenic,Netflix Private List,
inkdpknoonmiigajphpbgbabckkpjbpi,Cown,
nkflclfiobopehjhjedahebolgdcnkik,Payday Loan - Direct Lenders,
pilicigppihnlfgeifeoaehaamhdknji,DMV Appointement Checker,
nnfkkakpbcbbbjiiiieocdeoomoepmja,Read Easy,
bmanfdammpmhpjpmdjpnbhmfbnminbkb,True Love Calculator,
dfmkkimioakpldmdcemjccgciififbgg,Vasilek,
ffcjbepnpikikghogkaejomibobpfebg,Chromium Lookup,
ibimaakdmmjnjmfmlndncdpgdpnopcoi,Biscuit,
hlphcneaoopjplmjhlifpekcjcmpmdpi,qSandbox - Quick test/sandbox WordPress site,
opmdbjpialnfklnblpdnmhpikfhjahad,Trung Tâm CAMMECH,
gkidgfledndnkhapfdbpjjfcfkmefhbp,CSS Generator,
limohgaakopmpobhgmmiphnddoolojac,RisikoRadar,
nddoelkeecehniofgnddkdcmbeelgemj,Impftermin Sucher für Doctolib,
ichpfnleoiponjidhcbieonjdpnallmh,Smart Bookmarks for YouTube: Productivity Up,
fbhndcnlmcciepieaapmeegnjigimjma,FocusTime - Balance work and fun,
cfabmokeikbdhmnaomfmndfhjgkbchgf,Newsboard Extension,
eafmdhegblfeilejhmieheapmlpdeklm,Dark Scrollbar,
beknfelcpakgnojjfcdpjddhnckekhni,Loadmill session splitter,
fpfccnfknmankeccdibflfjjpifpnfbe,DM - Tab Revolver,
ppecniefolmcpdlhaiphfpabemndafnd,Minimal Sakura V2,
lppcdmiilphgdakoehkoofiedkehidmo,Translate keyboard layout online GSgen.RU,
pplnfonehjimoddpmnhldhkgojhkjcfh,Localhost Automate,
bifmbooancmcaknojabcldmobebmlpih,CFCA CertEnrollment.zjgmsc Extension,
oegedlgmehpmgbdjgpoaeanedoikdbob,Kanban WIP for Trello (modif. by zrocketer),
ekdfpfhncojojhnocnlbdfpjicailikg,fit4gt,
ekhnojbkmjgplcpnecfnlbpldcoddahe,Manta Directory Listing,
omhmapedlomigdjbdnmefhhnjjlhmfaj,Embedded Software Development,
gkfiaepgjgkggjkcngnlojodkafaapko,PictureDownloader,
bmafpbhollfipocodnolblbkgaeibnjn,Snow,
jcekpjkpiblmimjfbejfdkngbmdgaeen,Issue Inspector,
mfdicoofkcfelomenekmebjkgdkdhjbk,Buscar Kindle Es,
njkocdmofjefglnnelakcfpckfappkeg,N3 Kanji notification,
cnheiaaoeegblnkpacamjimajligljdc,Momo Blocker,
ngfbidoopioeoimdcohcjejiencjhikk,Jawaker Hack,
nkedbgifgajhhicbmabjgkkjifecajla,Dashed AI,
hoebcgdgdjmildgjmlaoneipepnnagoi,Dependcraft,
ijoemkoipbejbfmedlellkdidiopecfg,ApexCase Capitalizer,
egphaknndpdjijpkcfgbopephjibmbhg,News Reader,
lepdkeogmldbeegcpkhibonnlaghlbfp,Roundy Agency,
khcoicdljjkpkhoinjdglndicbibmlch,New Tab Always,
fgfibefilmjndhdkpgiphpaclgnadcea,arhn.eu - Wtyczka Twitch,
gfiokhcmbljbcjjmmggananjfleookbk,Situação das linhas de SP,
eknfmheinkidaijajnonhooljbpgoien,Deep State,
bpbggfajfgagjlhammbcnkmjjlnailbd,Color-Blind-Friendly Flipper,
gojngomiakcjelcgilljcgdldmcfmgmp,Multimedia Conference Extension,
jaiamhdbelpemdlhepidiehkmpkkahkn,BastionPass,
onlceclhchdcgbggmfbcdefbnooahjhp,We-Care Reminder,
dmndhljapclbippenoinbnkijddjijbo,Dungeon Fodder 5e,
mdmgnnmlhdfofojkdoajglgmhaicejkk,SnappySnippet,
mlddjlnlenfamkkcegbedpnpjlboniim,Hole Your Own ClickVenture,
ajlmhpdceknbmcabgnomnocjkmamfhfa,Purple Port Driving Distances,
edlhclhffmclbhgifomamlomnfolnepa,Elm Debug Helper,
ionbkanibikcnidbjmgdmdmeilpjifjg,NP Comment Filter,
lifmiijijehecnpdoiifihjkgknabokg,All In One - Live Edit,
ialdfbinfjlmifbfolfjpmjgopapoigi,Семантический анализ текста от Miratext,
mgnopdliobkllehdclmocgejkeckpoph,Hide Chess Rating,
oijgcplmodopooedjjllneogcihjnhje,Heroku Add-on Jumper,
befblpielhchlejckngjajgcedncjakn,HeyPeer!,
kigekhiebmkaplalkokcfconloiiknga,YouTube Blocker,
chcclalkijfbgkfhnjhiamcmdjdnnokd,Bizop - Latest Blogs Update,
acempjoemgmbcepeecmcmkgdnbelbbmn,Space Repper,
ahcblhpcealjpkmndgmkdnebbjakicno,LM Note Generator For ESPN Fantasy Football,
bgbhfmeabcmpjblimfddkeikogidjhao,Tabio,
hbinnmjinjjgoknbmgeoomeamnbbokki,YT Looper: Repeat Youtube videos in loop,
bodbnhmhdiinkoaekanfjdjmgpfpfaon,OpenSales: 100% Free Email Finder.,
glimlncgebaellfbllniojiigjelicko,Breaking Up Non Neutrality In English Script,
pdfepmfodbmpbjejdomaclehfdbonlii,aliyun-console-uid,
fjccjnfkdkdmjohojoggodkigkjkkjhl,Tab Position Options,
nmdhbplcppfdlhplnockapaaajofbdhe,Helfen Targeting Button,
clifbfiflapnmalichijobciejfhkmhf,Egolizer,
ofgmkaophchgenabfdoabeobpnlgoipa,GeniusMind & Brainwave Optimization Checklist,
dclmeghcpiecjheaibpcpbhagddcopcg,GitHub PR File Organizer,
jphhmmmedhbccibejfhcbnofegcpfail,OCaml & ReasonML Formatter,
cgplmlkapmilmmccefnmllkdhjlkiako,PubMed Genius,
jadginmndnoafloigipkhjamppdlbmai,Comm Cache for Podio,
jociimjddimnffomhjjehnfkimddinaa,Vimbox Субтитры от Skyeng,
ajhnajanmkadmpcklbkojlalpcbgkafj,MafiaX Tesla,
dffllhednglghapndiogljkiegghfjom,Fast TYPO3 CMS Backend switch,
ldohkmdgflopipeoejagdclpgfhjmoll,StackOverflow & Github Responsive,
clfjoajgmflhkibgljpebjmeibpeilpo,Ply,
hloelniielchalacnlmgdkjfkjfnccjg,nyTimed,
hgpcokfofkkjjafkelkjonihcdahmccj,World Wide Jeb,
bmckihiianlbknbfgblfdmpnpjgmimne,Alert Me,
cacofhihgjfapcpaocgkaadkpmgfieki,ScreenplaySubs - Netflix with Screenplays,
biaadlhlkihipalinnfefgggjhmkmlec,Inappropriate Language Blocker,
clmbibbgmnmdlhdhcfigfmoffjhcddhn,Strave Image Downloader,
dpnbflmefkeppipgpkaibljoolnhfppd,Butterfly Cloud Controls,
oopopkfdeikmgafhjnopkmbhklggjdco,Bullshit Shield,
bmmmgppoenmpmodaacdolmcjfniikple,SRM Autofill Feedback,
gjfmlikjcddiegmobgdjpeolhljnijhc,BetterCSGL,
kkcoikajkciogddpdkglbdnkcnppadfm,Sparlando Preischeck,
kcaifdbfmbhjocfdhcghbkbafogpnppd,one task at a time,
neffcmliiaaipkdmjcojobfjoafmbemi,Evreward Multiplier,
fcnfcbjplkpjdnockjmbeoodlmlkakic,depthNodes,
feckpephlmdcjnpoclagmaogngeffafk,CENNZnet extension,
jpppmffkdnjmoddiekbdehlfmkalkdoi,Ben,
cpmkjphelfdfiggobhfobckmamggnjff,Super Me,
okfdkbniikfaeejaihoengoefkbncmon,workerb-dogfood,
hhkaghbibmdonchdabjiidmgbekmgdkk,Hatena Blog Quotebox Blocker,
dfpaggeipjaehpfgnnndlcjhmocoacdg,Highlight That,
hbeafoeccamnpedndfjicbmcakmkepjl,Tourettes Password Generator,
oelhhaknedfnkkkgfeihgdjalecbjplb,Zoomer,
bjjpnhdlhpfdebcbhdlmecafnokpjpce,WTO Editing Tools,
bfkocpchobdfpomelnfmangjpcnhabba,Poshmark | Posher Pro,
aacjjjddnjmplgcjachbdbbebhaodnab,Line Boardcast,
ecihneinfjdhacjgolbgdbmjffpipgla,MP Info,
neabcchaoiabjmjmnaljajpjoinhpkln,YouTube Distraction Remover,
agdkjllbafjhlanjjjbnohiekmplbnle,Polycom Phone Control,
lpjdifkmhncpkkaaglchomjbgbopfjeo,CleanUp,
bejkofkehhfldhgckglhnmkggagapdei,Tabquarium,
aghnodmijihhdkdilljanmmbmccahbcf,BF4 Auto Seeding,
nmgpmpibbphoiajjgaoabdplpnjgjlad,Discord Formate,
nlpneebpkfcceacaichmddnhebodchke,Bomerang URL,
dncpkdblkpaoeajohchpjjfhkcndmkoo,羽雀+,
mdogmobajgdbfcbccdbjdofoheinhmic,Twitter Card Validator,
dpoblegabhmmmjkfjlhogmnfkpfklccl,Prettify Craigslist,
odonflpjdomgpbcdgofdilbmalkejhbo,VacStatus-Chrome,
nojpnnfpfaepolalpokjlblonedknfgf,Quire Anywhere,
hhpjefokaphndbbidpehikcjhldaklje,Voice Actions for Chrome,
dcfmahnamdclkaajkoehcbndhkheapmd,Intelli Tab,
oldjnhaegfgpfjlpmedeehapghiodglc,SearchMage,
pmibboegegmkjohjgcobnmpfalpeaaab,Automatic Multi Node Inspector,
migccpmhelllfhljmfkphehdemnemnld,Saleskraft Prospector,
fconbhekgdljcccdlompmeokidgncidm,Swap Envi (Beta),
phkkmgjnnbhcimhmgjiicmijjohofocd,Slime,
fcngkgeihbpfhneidcoflmoioflfoock,Google Automatic Lyric Extender,
idpllpndgppbccmacnhfbefikkoijbej,TrustNews,
cebflmlebmjjbdclelkjbcmepkejmcnp,Dialer,
faebiamhlaejhmldilaelmfeeiafjlia,Fix Powerschool Learning Discussion Posts,
iojmdappjolgncigcfoijlnganieoaih,Horaires d’ouverture,
fmnkdeiocphdbgngjeglognlcedojdpa,Premium Cowin Slot Book,
cbidhbafbppopanlhekfpjjaicagjbci,Challenge Galaxy,
pighgljcckininfgnhmmhjfefgpphhml,HistCleaner - Default Search,
eoedahkoollncimofoenhpcckacjelbb,Github Solutions,
dbjkfodfhjghlipcdafimaedccmfpjaj,eG Alerts,
gmhaddmfnmddbjgobfjfghpjlbgmeiop,WT map,
cgdbleioipaeapjfhpaifljfgpghcjdj,ETS Style Extension,
ekpegdfbihlbocepglfimeodnpiohcba,微信读书助手,
ejbdijibkpniiiffmfkdiddeogeaaloi,Gimmie Some Ganja Button,
nbcgkdilbhnnoemimofnknocbkpldobi,#wrap,
odfgigmpkhhhieicogijogfobfipijjh,梦想划词翻译—聚合词典搜索,
mkohdjbfagmlcaclajmadgkojelkbbfj,划词翻译(柯林斯词典)+扇贝生词本,
jhlbhjidoopkcjohfaphbmcnopjgngpi,B.O.B.C.A.T.,
ekiibapogjgmlhlhpoalbppfhhgkcogc,The Green Web,
dcibnkkafifbanoclgjbkmkbogijndin,Snippets,
akkcaimdcajcmdcehhjolamhdkgjfocd,Nihao Series - Latest Update Series News,
akmeopjagninifebigecedjdmmbfmibn,localhost,
cjioafbnjkmajloheecplkionjkdnadk,WayTab,
hpocmjkijiifppldckmofghmhjmmmcdk,Zendesk Submit Expander,
mlipaappcpbepmoeighdkkcfmjeijhdl,AIO APK Downloader,
iilpjebedgohcmlffhnkhbjhabkdhfmn,JS Runtime Inspector,
bglneidhakmhdnbiggoldnkdgbckdeck,GTribe,
ppmflfobpenildoefmehcdnmcdoefpei,CÔNG CỤ ĐẶT HÀNG - Vận chuyển Hồng Phát,
dejbbjgopjpfimmknlccfbhnifhbhaib,Givaways App - Sorteios Grátis no Instagram,
dgomhppkegboiaecgmlokeilcnmhcodj,WiFi HotSpot Status,
polnpijeccedkbcfnfhfokbmabngmiip,"Zeeker: On-site Discussions, Simplified",
nnmebjmgdonemncjdliomljdfhpnlekk,J CSS Reload,
dbnggcjabdcapjdognjmkjpakjgnnbif,MyTimeToRead,
mghflbfcpghfbcldbjfglegbklpljeie,Tab Size on GitHub (size 2),
flaidlbkbephgcedjicfkcedcgggjnjg,VUUB.net,
iinpebepfnladmmbflipgdkhacolecko,Banality of Evil,
cddchcifofganapfhdfkemkdgiopjlmh,Finaria,
hcllofidbkalfnhfapholimfflgpojdp,[CB] eRepublik,
eiffnbndpioickdjflmiakofhhhpgeno,시간표,
jchkcjcaaoajpabnafbijhamndjfklec,Work Mode,
mcphipnepdffmgaklcgcogpfbiffmooe,谷歌汇率转换小工具,
pmpdmpjichjpigklkhholiejpnhcjhkf,Ringostat Smart Phone,
ehdikikkfbfjjemfadgggcohkjoggoof,Bye Rupert,
kkhmpnfekpgmeljnlcfnabmpanhdmfjg,Form+,
bgddbjgfjaaihdgdibaocbdiaemlgdca,進捗どうですか?,
hdljibelgbclicdalhihclfnjkdnodlj,USDliner - цены в долларах на Onliner,
ijpjkabkgdgjbdnldlmbeagpeiplimbe,Area of flat figures,
iionippmmaooffnikjhmcjeikobbghlb,Adrenalin Extension,
dmbcbkljhdhomidncnaahkmgcnhbnmld,Jaydai,
ocmhoiiilbobfmailfagflkbgagjddem,Blue Prism 6.10.1 Browser Extension,
aeebcpcmmalnaaddhbahbjepgoehlbla,Routecue,
eplkdaobdpgjlmdpohhcnconlegalcig,ForbjddemGlyphComwerter,
fjpddilelfhopcckbdeceagkcnjlibdb,Codingame 4 Kids,
jafelifpfgmgjeekefigbgcabmhipaae,巴哈公會文章篩選器,
peoodjkcnljekllfedckepfejklfomed,FramelessApp Ext,
acnjihjglddlmccehkmhpgniifimglfa,Drupal.org Kanban,
fdablgnjokpmneileicdpaoincpgjhnp,chrome web filter school 1,
chaehnlcicncaiggobneeegpieecekji,Cardano (ADA) | Simple Ticker,
ldhedbefjfcbmipnjenehimmllgbgmoc,JIRA Modal Tamer,
kbkglhmmmceknllmjggkddnppijeemdc,Zomby_Survival,
hiiafoidfbddfcnolnmklcdfoijddelf,Search in Incognito,
bldbdinjoodpllmekjemhhbofhdghjam,random dog,
mcfnmeoeboidnjfijmmakjidepeabdgh,RoyalRoadLegends Proofreading Assistant,
hccingklchaidohnnogcgdabgnigenmj,Proxy Extension,
ifehdekkdpiljkefhbhabpngnjdhloia,VRCe - Manage your VRChat experience.,
eiaoepfmebdkpefpanmkfdapjcclghjb,Innoent CollectIt,
pkhcegjndpinamcpdhmhfdacafkbblpn,Yuezheng Ling Vocaloid NewTab,
mdlnhbpgienijefjhebmkpncagbnopdk,100% monorail bug description,
lophlnbmepajcpfhafaciibembckdpih,Server Log,
lgajepkgfbofenaeohcbbhhikedgnkjk,GEARSiREVIEW,
laennjhdldhnoihmkabiiphdokdeklid,new tab timer,
edbigedpjkalnnlpeieknilahnfkmbcl,enMailing,
abhnhlekfjjonoigicgiejphfoapbdod,Blow Up,
jafimgihjnecdnaimkhfeadhinoibfdh,OnlineOnTime,
gchmppebfedehcmemdmhojamlnanmafn,Seen Blocker,
ipbomjpcpbebobdnkoogngmknkohncjd,Narwallets V3,
pcaaifleimmlgckhmjginnfmlphdlndg,Aqurate Lens,
jllbgnjiffjogdmoljjljeedafbndamm,Omgili Search,
djgcdhmbifdlhighokoleaejkdfepfab,Cookie Law Blocker,
kmkjcgnagjmolnbchbokfnejaaledieg,Xλlo,
hppkmolfkplaopacolakfekiejedjapl,Netop Vision Student Extension,
dneobjfgpemphbpoabbngagaobfbajbj,Tweetのリンク選択ショートカット,
kkbecibbpeikmhohblofhbfmkdpioioe,"Shut Up, YouTube",
elnhhkaodhbgoeepohnmcdkfldkgmeel,Amazon.de - markierten Begriff suchen,
lpkkljaepfhmbjaepaoeoadlmfoipnoc,Jira Express,
djfebbaobnjojnmccghmglhjdjjcjdgi,Enjoy Watching,
apchoehihnabokdiamndmjdohlhehlmb,2048 (To Go) in Google Chrome,
beklnphfdofeopdeablnpgpjpfkfngkd,Hide My History - A Private History Engine,
bnijoafeafpofcpbjjfjjdlcdjcbdcha,TP Weather,
lhhhiehdjjoipnoedogmhnjicfdpplgp,FBA Shipments Checker,
jcjeomhnnlmopfjldbdjdaiikeddodhp,VNUF Pdf Downloader,
cpclcgemnnjhnemgndddgjglogjpnine,RIP - GasNow,
jofikieipejiceaccabdhlbedbfhogkm,React Stores Devtools Extension,
ninpebondnokpacahjadnomlbonjcjia,ベータSSアンテナ,
dfadmolfjmbhifhdcoldpjolnefcijbm,Stop écriture inclusive,
piflgkiojllepnafeidkhabgjjcogchk,Học Thêm Toán 9 ở Hà Nội,
koidpmicflkfdkkbhoalljjknjeehlph,URL&p,
foabmepmpljlnjdieobapdeofoplpmjp,暨南大学教务处助手最新版,
nleibbnhbnpjhmjdfeldaplifeejocib,PSTranslate,
gmgdckbaaehhiahdnjhccbnhpmiiflbf,UMD Submit Server Modifier,
leahfodnmklmoojkaccohakjheinpmcd,[BWST - The Betty White Space Telescope],
phibbfpngemonhedhaeopnminldbjjfi,Curse in Calligraphy,
kaipnnmbgmeenlopbleehngolapgpmen,Компоновщик URL,
neambpcjkehpbfgkipkcaigkndfllgbh,每日限免精选,
cldjebollgkncfhmfjceljidcndkogmn,Vesti-365-Novosti,
padapffebpejcbhcognimnjfbfofgmjm,CityU FCC Extension,
kbhidgghgflkbalnkoeokcipocmigkfh,Scraper Crawler V3,
ccedfcdijipjpkclkdehieejnddhdmdd,VanHack quick access,
eahpjfhabaafcjlkagbjajcjchcbiank,キーワード履歴削除,
gnemkdckbpnhffejcpcbfllicfmldjkb,Ph Icon,
fbjkpogjjhklbffmfooofjgablhmcnhn,OpenTok LMS demo Screen Sharing,
pmjjijdigbmcgnmkmgkcboemdggjgpog,Calculator+,
ockidfiihjhkngdalfnbeeepgfbmkmlh,CORE Discovery,
pffcfgeibfohmhfdhhpongmhkeeclbfh,BigCommerce Talisman,
alpikedncgbbdbbffpekodajnlkfocea,ckmedia Streamer,
kohffhepnoehkobcjembcchjhgnpdono,xiv filter mv3,
omhigihagjbdeocmmopgdnklnfanpbka,Yu-Gi-Oh-Deck-Downloader,
cjffmkekdgpinkpokgpknmcghmaoghip,Subtitling QA for ND4C (BETA),
hpjbefeabedbcmieiedpnhpngeacjamg,Mess,
fdelcmemkoglimafcgoekmhaoaiboggi,Developer Tools Plugin for Conkitty Route,
halgcbgkkjlnhamekmbfnkbjjmghfbjk,EmailFooterApp - add contextual email footers,
algjaegllfjmbphacbmmpdkmjgckbgfk,SmartPayment TEST sample,
poegkddcofnkjaclakbkmilkncnajglf,SigVer Launcher,
fpceoaopooclccopohgpjogjeilhdinb,SendGrid JP Helper,
fgnnjldhcpkgffephopliioangockjgk,Protect message,
ndaaedconjllfhffkjdeamjemacfpijk,PS Wishlist,
cmmkpccflpfnjdifllendlcdnelkgmho,Bonjour Madame,
kdpfkmkiaknkheelgdkhdbkjdenghcjo,Email From Github,
iolbllbmkpecgjmdhflgnmhdijgjfhbh,Picarto Link Warning Redirect,
fhpacmallpcgfnpiafacahommledfjam,Thx Ynet,
kaiiogccoonceidgeddlijhhpgghemhh,St. Mary Immaculate Parish Help Desk,
eaefijohnceeipapnailhkmihdplcnfc,Take a Drake,
kfhdopamocjnncalnifjpcbhkckbndlb,While you were away Remover,
lncellmbhnbdhcmbcjcmlkbnhepmnhce,Import JS,
ohmdlkcmlkalaplcocbkaiilcdlldlaj,Cache Buster,
chlghagaaiibbofnbfpjcnhojokjnpjp,Was Letzte Preis - Kleinanzeigen,
neonnmencpneifkhlmhmfhfiklgjmloi,Pesticide for Chrome (without hover bar),
idfmjdjoikafiimapdkidadjjlfppdma,Showroom Helper,
dgdknjdodnepkmgphlpadifnlpjcehha,JungleWP Meet,
ikdimglfjnihmbkaghnpcedcjddghcal,My Bookmarks Alpha,
dhokeechijknaledflfhcpmjkmibhblc,NBA League Pass Auto Login,
cgmcmehbapbaejkcjejdjddnbdfigegj,NOVA - нова начална страница,
lilgfbmnnahmbgmhlokebmmidaahknfi,The Record - Truth Verification,
epbklomkmclcfchhiiogggcghmhaojej,SmartyList,
mllpddohgalbajgppijpgpjkbinmjbfb,iliasLogin,
bhomekmmidkajapfdgkcediddoajoijj,Bookmarker,
igpojblljmeglebfnbigfbghepaeaedj,Essen Auto Highlight,
omhlcmlhlbbdieihchginhnhichneajb,LOC EAD Beautifier,
aeekmoekhdnnlapaflinphdioofjjchp,UMich Calendar,
cflanppcpbjbjekfpmfhnodjbpebelpm,#TASK334,
enfgannencjofjonlojjahlblnjnfhon,Github Colabify,
amfbgmjlngnogfdanhlfgfcbcnmpkbek,Project-CMFA Quick List,
hkednpmemnamdejfgngfhempeflcfanb,Infinite Gatherer,
dgkfpgncgmgcfpgbkofkpecafbagbpko,EECS Lecture Downloader,
ogjhdkblgbaafbfladgioagekbpildck,AkkenCloud CaptureME,
ojipbaajhgihobfdbpjhechembdljepi,ინდივედუ - რეპეტიტორის დამხმარე აპლიკაცია,
lkmiibfkglbonankgcbhnknjghpijejb,Countdown Timer,
bemkdkdpdcepkncpclmcphgaddaameff,GoHyper,
nhhlipcggbhlcpabpliadljghbpngdfl,CancerTTV,
fclfnehajbenfhbdbcbdjbppmeeadjei,EPS to PNG Converter,
pfkkedbpcodiekdmalhehealhabjlbpn,EIDLM video grupal,
lidfbanoebklfkkkflgdjejenbggahhl,Internet Movie Pirate Bay,
oppikflppfjfdpjimpdadhelffjpciba,Relay DevTools,
nohnijcnelfamhehknidmbcoblfcllkd,ClypSync,
fccfalbepgdoonppiogikjcahaaggfdn,Unblocked Games,
hgoanjhaboccoaefceiebdodiillhone,Execute Order 66,
faiocpdogiodnfbkcdjiecggniejbegc,Conversor De Letras ᐈ cambio letras,
piefpokhpcehbeelhohgcnbipnfkogig,Quickmarks,
emakhcohiapmkipgkjelkkkfaphanjdn,Annotate,
lpdlpdmpdfhmonhaofdcmigaonjinkih,Saleki,
ihfkpifmhlamfhbhbpdnfmbepeemlkol,Gin Everywhere,
oiofkhckpcgefghjaiojfofeglijehpd,Радіо Люкс ФМ,
oeclandofkfnkjkghibkmfllbpjdjmoj,"Imprenta online 24, tu imprenta online",
nipbnchheckalehbpmglmcamomehodll,DADT,
hdbkcjlhppelfoljjhfkgaeffmamkmcb,DrumUp,
fbdchcnamfopmbdchebfdfkboebaohbg,Rannkly,
cklaahipljbhommdkomdkmdnceohigek,The Daily Show's President Florida Man Plugin,
ogofbpejbcelpjpghigpepjnghlegeka,Quick Form Filler,
filihgjpaclkehdndcfefmdoidkilcpl,Site Search,
alogfnakemilhfnffefhakibpphibafe,LaterTabs,
lcfhmlelagefgoedglofjdnkghooenac,AZ Signing extension,
nbpackpophobgmngcbhecihpjabeijkn,Imageinfo,
kjnmhjcfddmocmdedaddefeandgbkmpp,SpoilerFree,
okmfdgkaapdhdokbacknedpgeieegbpc,Linkleadin Leads Generator,
ianaippdigmmfaeifjhkejfoikcnklac,Better 112,
dnipofgdkiopdfedcgkmlbjakdnheipp,Black and White,
jojofkhmfbjhedacakkjdijcjfgpcplj,StatsPlus for CoinStats,
mgoeaealpgbfijcafjebdpeglplafane,trituenhantao.io,
genlnamkabfpfjkcpdfnaeeigcopeldc,FacePass for Git,
hfmjkdempofbnpcpoighhfeeceoffnde,Dup,
idngljhcehlldghiagllpckckjajhadf,Obvious Amazon Sellers,
pdpjofojlbfpjbbkihphellnjecdbplc,Add Monument Coordinates in Wikipedia,
onlhphabpmijgblopkcjmphbbmeliagn,UserTesting Browser Recorder,
pmnmnmiigappdidmjcehmmimohbpkmjb,Blank New Tab Page,
dnnaekppbdlfpccahbhnnfghfjlgfjdd,强悍搜索,
oljgehhfljifmmnoliioipkneljhmico,IMDb Plot Keywords Sorter,
jboklgjmhdennhfldfbojblpphiffpme,ConvertCups,
oommfohdakaaifcnmddhlcdpjfpibigb,Qiita Team Extended,
naiegljfmojjaphollbjobpedcdnkkfp,Rick Roll Detector,
kodlajambhopdnlpbfakhgifpmpoflmh,Alqua Suite,
jojcgnmagkjleomenibopkhfpkkbpjcg,Simple Context Search,
cmmocffalgokjmiacgeddcfkjdhdgeep,TYPO3 - Little Helper,
gmpialjjhjgimnfmnmhebbpfaoehlhek,Eduarte Addon,
eohbhiifnjaolnamkknlmacahmddhhdi,Manipulate Kibana Web HTML Element,
ggbmfiledfmoeinemnnappkjldilblfh,Kobo 電子書敗家幫手,
afghpmjfabkbecmgeblmfpkjlieljgfo,Sorensen tobakk reveal images,
fgmckmbejhgjokoceblcilmhpgehfgkf,Google™ Search with Language Range,
chjbbjpkobcnbeldkjkgbdnjpjmpndmk,HNView,
glhpjfhpachnbgipcookemmoocedfjgp,Fast Search for Google Drive™,
hcggkglhggiegnomijleedobpnmgklim,URL Replacement,
hneapdifblaecbkodojedekgdjnilfni,Ozon: сортировка по удельной стоимости,
ibdhedhioajgfnmeeggemkjhgkknblko,CFCA CryptoKit.HZCZ Extension,
enmpfepcgocdhfbbagianaaapmoliekb,Quotidian,
kmgjkbbncmmflionbjlpnjbplacicdmp,Cloud To Arse Plus,
fhcgdgcbinfodfpgoekfonlnicccghpd,this is it,
ecgnnmnpjjohcacdemanamkdbboielml,Link to FogBugz Cases,
nkbkdlgipegodkjbiabmbmdacmhhnpna,Desktop for Chrome,
bnocffbiglfjjcgmifcampfmcbkfbhgc,Switchmark,
igccjampclofcnmjjiogpifppeiaegbd,ProxySwitch,
fapkbacablenedofbipccomcengpnjbo,Make Keep gray again,
hiomhgngghagmknaljmoggplloglmkmb,Trello feels good,
fflnlcblbeincelkfhomdhgeicmdagji,Ministry Of Commerce And Industry,
ndfpalboicbliijibfoakfmnjebhoabm,Сhord Extracter,
fkkjdepebfkmdgdhdfhnhjamdlpkblla,krishna bhajan,
dggibdmfbiokodlopfhkgoncpjhdkfho,Volume Persistence,
gigeklhepgkfmglclnonjblcchoalpda,Binance Valuations,
ogdepahlecmlmahpofbijnmlmpkhladn,Random Password Generator,
ffkpjcbmknggfnmdgmcgcalgpkdckejo,Da_Studio Live Extension,
emfgilocgkhajiidafidnbghfkiinlcb,Not A Chat,
fgjjjdmcmcibhfgldendgaoagjobembl,Josys Browser Extension DEVELOPER-BUILD,
naghppbojbkkekjklmiegecpclefljfl,The Ladyz Show,
pimockeojlggmlnknhicajgckmlggifa,Nau Tab,
kcmdechfafmngeajhaakccohdmcoaipj,右クリックからレシピ検索(クックパッドなぞり検索),
cphldpcbcghgkldfapjalnjmkgopbhdn,Wordly,
ejdaeiahdnabjhceoobekpekohcileep,ChromeBot,
cemfabppafklflegjeejibjehifhogkl,Weather Alerts,
edhnjjjhkecmdabmpbmjhlnpdlaokhlp,iLandlord,
pcpmcffcomlcjgpcheokdfcjipanjdpc,Salesforce Lightning Inspector,
jmlclfjgkjaidnnfodmmldohkebagnde,SOnliner,
momlknmipfckchdjmhbjkkeipegmajcl,Dota 2 Lounge Auto-Bumper,
ccnllgcbfegnbaokgodmlfdmocbechdg,EGANY Tools,
menlimebmioiaaeefjodjogkbddejhpd,Usher New Tab,
ijmlalgnhjbdeghcjjjddkfdfgifjhgh,ez-chat-screenshare,
cnkingcaomgkjfkoeogobpjidejlhiph,Accesstrade publisher link,
ofjfdfaleomlfanfehgblppafkijjhmi,Georgify,
ccbdfboekkjhdaodbmdjpgkhfpofgfbk,Job Counter,
lkjhcanjakgfcjhglcekkmhefnelphhf,ツイッター検索,
gedkbbiebchobgdapbfifgoglhabkjkp,ACID price ticker,
fpeodichdaehakgabpjjpoogkanogjgc,Digital Ops - Quick Links,
bfegcalbohnfdcgnacofccdjkakjallk,Running Redmine,
mbepkdkdoadkgmcmpgcigonccgoegagk,Mailto with signature for Gmail,
dfnbpdjgifkjpiimhkljpkpoplefdjah,Conectus Screensharing,
poijinapeobdgcehpblnoljlokofnmap,Sensihub Extension,
ochmkpnkoakeloajaodaiknojeloebff,ABnotepad,
lijbcojopabonmlehhajelhdaoklbogi,Nearby,
dlabodjigcmnanaldmfkpflpopgmdhii,Tooltip dictionary - 툴팁 영한사전,
hahdoalfngkdpndfpnhkaianoeolkgaf,Quotee,
ocfcmolkmckfebkikmlhfeabaicddeae,Google Counter,
dgcegochonmiggdmcgciignjoneaehhj,Nepal Stock Live Market Filter,
gffblkafpmpbcbonbdphfkomphjdlgdp,machinescraft Calculator,
eidcpcpmmfiolomceegcagooodnaplmp,Text to speech that brings productivity,
kocllagmdaamacaegmhpaknjgbkfpfag,Careers Page Finder,
ggbmidfnhocfelicoaeiekoijnhgoplm,Yotpo Support Tool,
poioalbefcopgeaeaadelomciijaondk,Thorax Inspector,
ahmmmjockhcjpepcbiacehhlpbbgofdo,SynthTyper,
fjnmafjfphgfkfhdlbibdjpojgkpomhg,Vanced iOS Updates,
pebmimnmmoiphfcphgfghdjnanlmffan,Read Only,
dpiifmbabdbccjhkakbhladphgjhhoim,GottaGo,
pbmgleaffioclkdhbpanhhgmmapllpgk,Timer,
bckchkmojoojfcnccaghndeckjmgpbll,PDSB BYOD Avatar Remover,
kkfphjnpfkleokdnkeidkkpfbkmhifed,Helper League-17,
hibagpmdekokmfekffpnknllndnfniph,Merge PRo,
pjihbndgjeajdlkpcpnhenjoplmmmhhp,Jira Ticket Rank,
ikofeeinmcingcdchnhkeljfmbigmjnp,Netflix Flip - Rotate Netflix in Your Browser,
pmlcphbonjlghdmgmlbdbfpgbcfadgje,Organimi,
fkgioakleapnihpimobdhbcdpndejalf,Log My Hours,
lkjoiakaidioklnfdejmnoebfbjcbemh,Jenkins Helper,
njgpoifkefbbhjohcadcngdomfifcflj,AIMS-Helper,
jojfabpgmodbkikhlddaebdakcmldiah,Readobo,
dbehendbhobjbcnpinmkhomknapjlkce,跨洋集运车,
epenpjchljckbcfcmlahbhldaibgeolm,APEX Page Designer Tab Lock - Explorer UK,
pgoiediknldikbfnomoccgjffgbbeeao,Snapple TEAcision: Hack The Headlines,
fjoehkbckalhgimebeibhgdfjgojneml,Readtronic Extension,
noadoillhcglebiacnifpknfceahbnjj,BademSavar,
ncfjfikcnmcljbjjkobdpilhmnjbmgpk,NaviVoice: Voice Input Productivity Assistant,
jcianemjlddjklgnbalnhljecehblink,BigBlueButton Screenshare Extension,
pmhfhhojhimheaohphoakadpfhgdlohf,TPN-Extensiv Extension,
iinkgkmmblamljaklibgclblomobdbha,Placeholdifier,
amnikpekgoejcpelejppemiglnhknhoe,Resource Links Extractor,
ldmnelehpegfnefohgbpnpjakebjjfja,The Un-Tumblr,
ppmefcgdkonlhmjmhkpengbgecccefgb,Ingradia AI,
aknbbfnbfpmmljanjnmjnbfeiagdbbhj,Tabber Multi-machine Tab Manager,
jhomeefaclimneefmpijmolekmejhjfe,ASZreakcje,
miiobfnncdpfcjeagckdmpdidjmaapml,Bikini Luxe,
mppaleojeldfmfianinedmdcdbnmikhk,Decide4Me,
pkojplemcllpmjdmofpjdhblnbjojcgo,Watch Wrestling Online Free,
gjnhmjafigingngeaeffgbeklebiajia,梓潼网站爬虫,
kggbjmnmkpglodnmdbepflphjlmblenh,Extension Twitch SussuleVrai,
clonoimfojdbdfabigcikpnalmcejlip,Rename Heroku Apps in Dashboard,
ldomdjcklhmbnbdkoinfkkpfhdfpekjk,B站助手,
bmjflojfndhlfkobaneohnlkhiahikmh,DQX 新規タブ powered by むいむい,
bbpejoghnefmabdhiajaklcjgcnnaggf,SPACER #1,
mnegpknjmdlefgelgjaoaccaikpedkbo,Check ip - Check My IP - IP 1s,
fideebkfndnnehgmpnoiljmhngkggdmc,amazon_unlimited_killer,
gocjmdoponpfkdgkamlmlmpjikbgjkld,Aorder/Tellix integration,
cncjnpmkggapklejcdboihglnffmcolb,Save to Marvin,
lhndgocheiajpcjdldmbogicpbfjokml,IBM Platform Support Quick Access,
bjlmlgdemeigjojbpmlndcdbddfijckd,Youtube View Count,
mihokpgncjiajbbcdkjpppallbeolcgb,Game of Thrones New Tab Theme,
dkcdcmananochmgmhgkhhmgegdnkgejl,Bookmark My Tabs,
eekmbglmbjmoaladfknpcnmpidpcfbif,KZO Screen Capture,
lkhfhapigejpokkofcoaddakpjcniijp,Paiger - BETA,
bkhfofapojmnikjpealkknlhepcglfif,Scoreboard Search,
lgallnmjflibiofogpfalipjikgdaipb,Quick Zoom,
phcdgonablgheojginepjipamehniehe,多搜,
coonncekemommngnmappkhgimeklggoh,IUSM Medical Library Proxy Tool,
niigbaamompjfenpngcbenboddklpkeg,Coursera Translate,
bmmcijcjdjnkcbopnlaglllbdichbjlp,Clickatory,
chiopmgmkefkhdkpdoknbjmfgfkemcof,English-Kannada Dictionary,
pljncndafanlcaojoeldbebjejpkmoch,WHINT MessageStore Viewer,
gdfiadonoihphoifnmeicopggilfmidc,Randomiser,
adcnfdiadlecdgnmeppmjpdmmacpmpdf,Coohom Tools,
ichiflhgcjafnbobdlhghoegdddgjejd,Форма заказов,
nmdpmbkcnfgilpkaciokopkejliacmnm,Pundit Annotator Pro,
difjakgijdlfdbmnfgkloecfikpiecfn,Campus Connection Grader,
aomkpmjejdlgpppabklnoacegopomlka,Black List Pro,
dihnmhnppjihiegkhhjpghjldpnjghbm,MITTAPP Extension,
ogimbcnaejhlbbjldgagfbnbgmjippcf,Better Learning Suite,
bbjjdfpajpdggdnklljdjlmhfioabfmg,MAJOR KEYWORDS,
ikkmbfgenodcijjfceadhfbglonffbdf,Paste to YoruFukurou Extension,
ideagdnlnmgjdhhbelgadnakbhphljol,Smileyfy My Facebook,
adckappbgpfekglboljfhlekkchmepbg,Paymore,
odialddippdmebbfbflcneemfdglimod,JScript tricks,
gbhkbdmpkmonfdlhmioafdccemplceba,Garachu,
fddkeaeipnehglogilahkfihgnpolpan,Dear Trump,
ccmccoifgmogllppkahijhkingoeapph,Salesforce Security,
hngcpdiglfmpccilgohbnkjifpdigcik,Make Trump Obama,
dbjklnfejfpbamlcgcpmclkhbodmmbko,Yet Another Pinboard Extension,
lncbelkmkkflemihecaapjpglijgocfm,World of retail,
opjfknmcemmpibekaeofpaiamibpbafj,Viborg Skole/Dagtilbud login hjælper,
kjphllbmnnhoeppbjpkjollfnlknefdi,CryMor Affiliate,
bkbmmfojgeeglghdifaobelninffapbm,Bon.az Extension,
aonfphdgolcjagpgmlejfpinabbckiio,1 frame back,
lcipembjfkmeggpihdpdgnjildgniffl,Reproductor M3U8 - HLS + DASH Player,
omnmbcgclimiokggjlaljacckoaieagi,Wrapper Bot,
aeceejhpimfdnbmdccodocmmflpgngjf,CoApp Browser Extension - QA,
ckjdjckafdcphbgpgblgbkckhdnlhdhg,People Inspector,
egjcdknemoffikeamobpkmejbijlbpng,Simplify Spelling,
ljghjnilolmecpeaailojojgbjbdofmd,Whipple Screen Sharing,
lnaaaklnmaanjhkfeblinjadgeapnmja,Drupal to Durpal,
dfkpkfejhkakbdjpcognfglggeofeijg,Exip DDN Extension,
bneckalmjgjiocbgannjaffookadphna,MTG Prices by MTGGoldfish,
jaajobjnjpnjpkflchjdmiofpphpkflo,Link Panels,
jilnakcenjjbfpdhaliefoakbgkippbp,Picpay - Salesforce MKT Cloud,
lcmadadicbflcamibnpplpgdcdahkade,OpenStack Eavesdrop IRC Filter,
kbblhieiickmopjklpkanpickdgjecab,HQ Backgrounds for Gmail™,
mgkgfodglabcfadonpgfagkpoihkobkf,Sepeti Kıyasla,
ldbbnnlmfhcgdkahhphhlambjacippmb,Media DPI Scale Reset,
iahpkecackmjdnmoibpaglpkpmmgiabg,PSP sniffer,
kbbfhhcbaaahidkajomclgljbilpijla,Qwikipedia,
dcoehgalcmebfjgkbhbpllfhjcclkjan,Net Usage Extension,
emmhkobkpbmoddcaejhpnffekhigbool,Measur,
pagmlhbggdomfbmdeebmeimlccjoccco,MM <> AR Adops Worklog Extension,
fbkckknfepmjednmkdkmplplcggkfbbn,Roblox Live Sales Count,
ofhcnghdbkacblncbjjpcdfmbknhckkb,AWS Navbar Region Color,
calgckkhkgbbefgebdlodkhophhjgcal,Pegasus,
eoficmnblfgpiccfjodljpdfkplebpem,Fussball-Tickets.com,
ikhbieoconddbegamcbnncngmppjfnll,Shopbuddies.de Cashback-Melder,
mjkchkgjmhbhhkbhefmafkiaeadnheen,Projinks (Beta),
kmgjfebkbgimpbenlegchdgcabhllego,Mr. Tabs - Manager of opened tabs,
dnfmcfhnhnpoehjoommondmlmhdoonca,PwdHash port,
haeebgfanocpddbkammjloaopbfkkpii,CKB Enhanced,
bnaialocmjoiedbmpibnmbjobjadbili,Brain/Out status checker,
jokfohdnjfaefbeaeejfnglpkegiebef,AirBnB Scraper,
bokkeodjhlniciglmfingmkojimjefdp,Page Links,
hmkjjfkjeenkelomcgdndcpflieocfdb,QAvMentor,
fllgnabhoilflhpebloipnkjelkfcjbi,Noalte,
njnffblfmpifpannonhbmfiellngpade,Password Safe Box,
abapdjeapgjjmoahkhnidippkjhdmkfo,TAU Factor,
akloeedfoicedcgaigjnglkfhpcbjlmn,Ad Review Toolbar BETA (by Google),
knapnimomamjogbajmmoefhopnebjbff,Boxcutter,
lmmobgephofdffmaednjooplcpbgbjle,书签快速添加,
abodlhfjbnnfjohlihnhcahonkbeciei,Promise Formatter,
bcindeckcicfjolninjhhcfapelgngbf,Ibis Vision Kiosk Messenger,
dgknedamkmabinpglhafjmcapomdhnmi,Decodificador de Binario,
ngcgigboclbkncklibdmiihppbhgfaln,Business Review Scan,
pagfmhdheinklmjkflbfihnjhdjecoji,PSNM,
hofnbgilpfchhlfjefbaelhcigbckncl,Lumken,
pcfbnmieeijeahdbbjefgkcbkfnccpei,PayTrackr,
nlbbmjbfkbfgdbfhaoicjignkbgjdico,Trilogy Url Copier,
lkdgigpepgaoipdobgjkoelocofeoojd,Share on Foodstand,
eabcjldodbebkbjidaojjlkjclljkjff,Replace Facebook Ads With The Bible,
pmaionhboofajejhmkheilkoifkmigfe,IPP/CUPS printing for G Suite admins,
jmjoillacjphggegfecfofhagpcfnhda,Duefocus - time tracking app for Chrome,
bppgoldjkboggngmmgikeabhfjoakien,CSSpotlight,
enkfenkadbidcbdajopehecgekcapape,"Incognito Plus! Search images, videos &&....",
jafjgociomehobdnjmcfflaanplmekap,satyr.io,
jbdjdmpficihfhmncljnpaghbdialhnp,BestCodes Launcher,
folmklejcpcicokjighnilbidffompgn,Donald F**cking Trump,
ccbigdfmdgjfelngnjfooccehmpfgapi,Launch It ! - By OyeCode,
ccngaogbjkcidegenddllcdkdnnajebm,Skulptor Resource Manager,
ackgoahjjkmdaidhemlmggdkmjigjind,FAskin,
kpikhpofjkgjdlflipacmkpindnlmeah,Belgium United,
cjhgdbmohmlomkjgbgkcbknncblpfanf,Tesla VIN finder,
fgnamjpfdanadgjchlokpiclkdgnnkdj,SwissTransfer by Infomaniak,
kekjlppeakkghncgobcelpmghgoomeod,Play Open Beta Finder,
jnfbljnollcdbbfmenlajfbnjgocifgc,Easy Theme for Azure Portal,
dfdlgijhpjjkiebiphnoiblboonihjlp,专利声呐,
naajadmdmkecdondddponjjdmflocmpk,Magneto,
ncebpefkldaiogkbhabbcgdoadfhpehj,Alter VIDEOS,
onlmnghpimdocmcalnmkppmdohfgcpjc,RateMyMatador,
bpbljbpabpkpjldkliboehpnklekoplj,Vitality Enhancer,
pfcamicmmpaihhjmapbmkdhfnophopoe,Amazon Seller and Dispatch Information,
fnnpkjfendiieociibokhioeflbblepm,Soft Wrap GitHub Gists,
omkbedaceogjlgadepglifcooojeapoo,Forget It,
pbihfimpapchgicgkkimmhiikinpipbb,Codecademy Q&A Forum Fix,
adgaaakkeglddacdbkfjlaekmpeilojb,Diez.md,
oigbdcfeaabngmnlneokfcacklmpkofj,Partial Page Translation,
imiagomnaofnmbggbjeaefcapgemefjg,SIA Plus,
cjhmkclgfcdhifojlgaldlebnpkfgjnb,History to Drive,
gnghdpkaibgnaboinckiackpokklldlp,Offliner,
akbcikghccnljfeckdahongfgjinldke,2amigos.us - New Tab,
japfellgpinphndfnhmiafdhodkljnpe,Dan,
mjggkkapkaafodmfgdkkhemangbbjehf,Obscureware's JM Cleaner,
claomemdakembjgbdbnjjepeknjabdgo,SS1WebLogExt(MV3Develop),
dpfnodemjjmfhfpmkebgofandmlcdhhm,Hootsuite Launcher,
bepdnmdfijnlajlgmaaeabkmhigcgcfj,Popular Bookmarks,
flhoeohmgeeedkklfhbcmimmahmghali,Browser Extension,
iamjcpdkgddaehlbegbdgcpnkbmggjeo,RaveT,
aokgcailpgkpkmpiekfjpbmeamcilifd,Celery Man,
knangeomdmdpodkchckbfcjcikbbddoc,Inspection Banner,
bkadblplgjpbdfapceakimmcjakomiph,Kannada Dictionary,
aogbgmnbacmlobiajlmjhmbecjohglnl,smartKey Shortcuts,
emjphcoeoofohgimppddgblomjbojnnh,HappyReader,
aciombdipochlnkbpcbgdpjffcfdbggi,LeetHub,
lcfofpomggapdbdngbnfachjabaabnec,AloTelCo,
edkpjcigojiaponkbmndbeaoponbljap,GDAMS Unblocker,
ipgnmpinhifjmpcnddnefmijkgignglm,WattPad comments help,
pgeenmhdlnjmaaeneackfkkiggpefmeg,Lightshot Pager,
fkepkjimfnadfjohpihiahobdoakedie,Price Alert Bot,
galhdbmnpdlnhgjebgbfdblfoohmdnap,Seller Eye for AMZ,
ebdpjhbidcfhjlfomjfemggkiplginpi,TweetPuller by Jane Ullah,
gcnpfinfodpcgbhllmfnkbmcibkepjaa,TaskTamer,
hankoakcgmgenkmfpbdebngnmhicbdal,Razones de Cuba,
flnjddpkdlcgdkjmncanbenljiodhano,Prevent Duplicated Tabs,
kfmdjelijhfkfljghijlofnpcmmiegfg,High-Way.me,
jccfbhillgcekaepchoahodacnlhcbnj,FireX Proxy,
mnpkknjicodebfaaemfiefmdepmloafn,JSON-formator,
cmejnhocibjplgciikcpnbhopfinjcea,azerdict translate,
kkdkaihlelebpjmppdhggecpnnlmokjf,Api Finder,
odeifdfbiipdgkhphmahcoebddpalebk,TFS extension,
edlonjmbjgmhbnceokljjknlgomafcpd,Ficbook+,
eekfnkibgmemnnbbmdglmjabjdfdjglj,Pull Favors,
akbmjajiidkhppbonehdcnbkcdpmplcc,Zen - A Peaceful Web Experience,
clpnioinielbcdmejojafjdjkmcejfcd,Twitch Manager,
jnbhflghoejheakmjimbbfddbjdponhi,Plant vs Undead - Plant Profit,
njgfkggbnficnmdehkbdhdgmglmhjjjb,inv数据插件,
mbgjejclnildnganbiiogkpgnhjceane,LDS Member Tracker,
gcehjohialgpogbchofhcbjmlkfdmfoj,Trustwave Web App Ext for Fusion,
dhgkaehhhamfbmjbmhnkefhioanhcoaf,Oreiller sarrasin solution pour bien dormir,
cdblcpeelegfifjjohmnghcoebebffde,Cloud Clipboard,
chkkhlgfgbadonejbgeoglicjoggnope,Cuck to Scary Ghost,
podmafjjpjkcjldlhcigjmelmdpignni,Hide chromium code search banner,
enjfocdkadegicfomnneeobapingbbkk,Nensha Live,
bfgeoemfopmcabphalgekfnngfffjoff,חיפוש מנות לאתר תן ביס,
pdicajhpekmkjildobfnokpdmnejlnfm,WA Emoticons Suggestions,
enlfcloihpdcbicopobfiimfklphjckj,ChatGPT for Audio Jungle,
hiaddgihenoiohaoelnclcbjgjjflfhc,EOS KIT,
cnaiffnnbnodlokggeohehegjdheppmo,9cloud bypass,
cagkmpcogpofcbdbbbagefmehbfphekp,Beräkna GPA LADOK,
egknnhhlhimlkijpclgfpphcnakhlino,Sprawdzamyjakjest skróty klawiszowe,
ilmgobcenicjicjnipfalfmhlaepindl,GamemoddingCOM InstDownloader,
ebhkpdjgjapciaceimeekidgaichlbag,Unicode Smiley,
hioplcanmaijcnoeedkaiajcadalkema,Solarmovies official | 123movies | putlocker,
feffmdfhanmdkmeepnmcdpjagojedlol,repo.events,
kmeimenmmdniabddljfffclffiomadck,Uncheck Subscription,
gkohcpjcioiioicmimiakkbmmakhjaij,Stickers Minimizer,
mlepenflplijdddjjpmhjcfnglcfdmgm,Quick StackOverflow,
gndlahfkkmgaanliojbppponkcpohhnm,paraphrasing.io,
pfnbkppejibkaadinnkcapdbeedchejp,Inspirobot #1 Fan Extension,
bgcckbkdlnoaemkoaomboofhghmbionm,SKE48 Voting Assistant 2017,
hapoboomeagolghkbdhabfbdgdadabhh,Modern latina translation,
peoidejngnikkpidmaojahlapknffjhh,ChimeIn,
knclkjigbiflbnjjhgghkmfngcpogpgp,Schedulist,
nnnmffmjeijfaklckaaalljcafllecaj,Typoly,
gdekabefnhhpnianhbcokcngmjhjnoel,Udemy seeks,
higbngaidekdabckcmnhfnmeehbdfbdc,Day Trade Review,
icgjpeoblejkcckgfahljlfnngegonda,ShelfClient1,
genkmoeepjfmnchdhoemhohigejfjgpb,TabNotes,
ibofplfdijnkhopfdmjdpjgijemaahbg,Needle-Be-Gone,
ellmcdfdplhhphbboplpgigkhdoejmcp,Globish2.Space Screen Sharing,
enampmoogmjoofjmpobfdmgflljfacnl,Crypto Correct,
fgenkfcppihkbapgianipemgdohblhkn,テキトー入力くん,
acimdmaahnephegelghpbedhlbcibcpg,Le Sigh,
chalefhfkbbffihedbcedaecadiopnfm,Salesforce Zebra Striped Reports,
obfmcphmgbdjiphgkmkdnndfbkhjcdfh,ポリティカル・コレクタ,
bncajibeolnealcgajapmffebjimahkp,Bọc ghế sofa tphcm - sofaphuocloc.info,
hgdehopdpbdinikkofpimhpkkhejlmhg,post.ch 2.0,
obohhklchlemldfnckmkiaphdnfppiif,Facebook Automate Friend Request,
cblalpojiaadbiimacpklbponocmjkkf,FreeSaver,
hffhidhdohcdcpodcdfdhdgpffajepeb,RickVision,
agpljdfjpmeanfkjilgmhcoppnjkdgmc,YT AdBlocker,
pkldnajagjpmpinhfdjjoikgfeefbmfn,Clean Reddit,
nggdcfbpffpkplofnojgbdmdphmkjcbn,Comic Sans Extension,
cledppeceojodgghbbkaciochldmpdfk,Twitter Media Assist,
njfpjaijaonpdmkclihikobhbmocgbcj,比率屋,
chefhbhjoglaeookjkambbdkokcblibk,Tuicool,
jidimjfdnkeepaceneijfmcifkfeanbk,Succession,
kibcamhgdmenhpbfnkbgjnnamhmfgknk,Swell,
cokgbinciceajpgphdliakbahnghainc,Penfield Pathfinder - Difenda,
nacjdocenajmlomcagpkmhpikhcdligg,Web Highlight,
klpdaigkfmlpbcnnadaifpabakkijoml,Kirjasto - Aikaraja,
achkngghaoohcmgbcjjanhoehidamemh,Долларизатор для барахолки,
pdciiffkpohaelhaekllejoabafnnmla,Kryto Email Signature,
cnoifmjcjggaphfkbkmgmnoapgghakje,Contextual,
leakgmkipjfnmnacgakpggmilnhlmbcg,IMAGE DOWNLOADER,
deohhololgmgabindpalajcieahnknde,Take Me To Just The Recipe,
ikijacnjbjgfjkiahcpchgadmenakpia,AnyKnew发布插件,
oiademebjhhehidoohcdndidkchndjkj,FTC Helper,
lpkdnfkjhdkcpimadpdcgapffceacjem,Reload All Tabs,
jhkhefjfpnfjnggijliihejldfmpnabf,Faceblock2021,
amhhdbdhoghppijbjfdkiaconkmfbbpa,CacheList,
obmkdnnpbekmdbcbmkchhpfiphoglnoe,RecruitON,
imgjebkhblhdobokockpoddkokgoiola,Meetrix ClassRoom Screen Share,
dmcplcjakmobkeanofhphpjecbpjicka,Opens external links in a new tab,
kgpkhdfhickhnbndagfkgdoloedfjagp,Screensharing for Vodafone Conferencing,
ebajpcdpijhglflihcbpjmklmmppdikd,BugTower,
aeoogadcppalfbdhkloaelhfkjhhdlpe,Designers.MX Enhanced,
hniehlfjhlakekcfeikpnlnmknoelglg,Шапки для соц-сетей,
mfkjokmoilanjohaahjpmhjdcoboceki,Goo Bee ASINS Extractor from Amazon,
cpehhocmbickbkapejcdojbpbhpchocb,ERP extension for KGPians,
bbbomkdccbgijimkaccdjkmgbopjedba,"Сортировка Яндекс Маркет: по отзывам, новизне",
oibghlflhmaoaeppjgbidiklajanbabk,Password Unmasker,
ladmdjdnjfflielmgnmcnljncjpnlklk,Twambit ScreenCast Recorder,
lckanjgmijmafbedllaakclkaicjfmnk,ClearURLs,
hclikkgidejiocibejkkkdokdkmmefnb,LeFrenchStallion Live Notifier,
ofkcpkkkeohanfdkepekhjakeeflpeda,聚合通,
ebajigpenffgpegjkofilaflhhknlkfc,Trumped Out,
kdabjjgkcfjdlbpneackoihbkdpdmodp,Outliner,
dlhngejlobicakmbdmpjlcmncgfbmhfa,Reddit Churning Acronyms,
fafnfkjphmgbpikjdcnhagpnojbefkln,Monito,
donipeddhpgilegoelaoamahcgggafco,Navigator Difficulty Hider: Manhattan GMAT,
fjmcbhanepcclaikmmmpaccaahlcchal,WerStreamt.es Listen Links,
ohcilgpfhjndanlnmplblnkgbaoemoje,Scrnz Desktop Streamer,
ifmjbhmgpinibcdnmgohohmoemgckboe,Sean Spicer vs. Live Toasty,
hkcgfpiinnbjikkmiacgnfhbkifjlaed,SIM Rede Desktop Streaming,
hjdbmemcjmjeemjefipmigdoigjpdbdo,Ika Forum Hebrew Support,
ohcafmmjlfbkepdbbfmjbidoolamnjll,HASHTAG button,
ffjgpapimgnmibnacmeilgjefnoofefp,Online Security Pro,
pinilooconkeddeliochhbmgoodpngij,Kanye West Reactions,
kpgmkamkehfbeilamncpcaafbdfbjmmc,Stopwatch Tab,
fiaignmlhapejpdfbephokpkjnmnaapo,Cherry Pie,
ibnohdfnjnfmkbecmopompapnjbnddfh,Jitsi Desktop Streamer,
apmlngnhgbnjpajelfkmabhkfapgnoai,Cloud To Butt Plus,
emnjbdicleplffjnemkgelicoddmlgen,Azure-Helper,
jjcahmeampcbaoojmjcdegllfkmdpocm,miramira!,
jkpglfaifjkpnbfephoenfbaejdgnjii,GeoGuessr Cheat,
hlhbecmohkifkcckldjglpegjgaoebca,豆瓣电影下载,
mkkhgmkdjjdfehkbibfeabhnncdolcah,JustAnswer,
jjpljkfmlfgnchonipkdkopefgjlfbhk,Bad Boy To Shit Man Text Replacer,
eakokjhgkhhijjoiemldkiodpeliffod,Gambling Blocker | CasinosAnalyzer Blocker,
ikllidhlpojnabkcphokpbpbdlnchiil,Sifta,
hhhcacbiiapbddkohlaeabgabfpmcdea,SutoFly: CRM para WhatsApp,
alimlomlflllnkokbfnpmjgjknbdhece,Elium,
naffjjhimecbmhadgpaieofeajecnnlk,Harvest mini window,
nnihmejgfbnnhehnpbhegllkfdhgfeld,FoxAge5ch,
dflmgglllgebfghgjdgnmdhpebbdkejj,Tumblr Titles,
ncibgoaomkmdpilpocfeponihegamlic,Web eID,
bhbekjhijjdecacddfmfhkifikofenod,FC Extension Manager,
nhbbmaodamfhdkbfbphijmfhmbaponlm,Youtube Room,
dalfpgoflklogpfibbjelegbgfamlhof,Http User-Agent Switcher,
ngmmpghjcpelapoaafdekeeacbkohjco,HoogleSearch,
adgekmhmbbjeodgpjjpcnfgmeijefinp,web.Glitch(),
pljmfmaidfeachglaofbhffflhbooggg,Jenkins Timezone Localizer,
fkaiddmagelkbjnnjcnekcnohmkbplkb,Daratos,
eggfldmgpfjpgdmnpgmfoaodlcbghmjk,Prevify — Spotify Artwork Previewer,
gnlobfhfakoiohcijojeffhonjpbmole,CrossText,
jeihcjdmlgfocmgflebfbjhehjdlghhn,AIProfile Linker,
oimdkjdedcmedjpopgnlcnpdjnbfpedd,Digital Acceleration Solution (DAS),
aoalkcfkgngjmfefmlekbehhnjefkclm,New Jersey Craft Beer,
pchinoolnkphgikfonmfknefckcdgejg,File splitter,
nnblmmglchphbcdolknpmmdmkmbachle,Gitrec,
jkaoodobipmplhdhbdckclkmhpiekaee,CFCA CertEnrollment.Hebbank Extension,
jnkckehcibleladajcnejjbiadbkodng,Hey Boy,
ilgcmdbjdabilhamdigkmakjjncndmgn,waterguru Calculator,
odmhlbcjhbhpbndooapjapihoipjhdik,TooButtons,
lbcopfodinnikhbkjedmjncmhhcdjnef,時計,
lfihplojaiglbfjdkelpjmkdkfeomgef,Crypto Flux,
cemfleddjlllfepdhabmmelmemodfjbf,PolyExtend,
ocfnoambijkloklhjcchaggbniiophpn,Always expands the Google search tool,
hhfnbfhcojlgbojpphigjibpjkccfikh,codedoodl.es,
elaneabphnapmkdgkkngblfnmgikakdm,SK kommenttien poistaja,
ogbjenlfagllcdflpaadhglemfndljdk,Azure Quick Jump,
bkniojibfdjjnfbdnlpohmecehkbfmed,rightABookmark,
bfobpnfmhfmbhfdafclleaddokoggdga,Переводчик греческого языка Escuela,
mlafpkdhhhebmbhkldkkpfojkdfbmckb,Vibe Cast,
licgjijkcdabjnhdhadlpepdigkjjigp,Chess - the board game,
djgagbfbbbdmehebhpemdgdgpbnifedn,danime My List Plus,
jdojhcokhpkdijmhpdgfmkbflaokjmgn,RecruiterHunt New Tab Page (Beta),
mocncjplnkbdejknkdlofniphdkfphkd,GCM Sender,
kiliibbgffnhndgbcpljbeihimcojagc,PIP Next,
hgkdkfekclpieaclmlpfgmefdmhfccan,Speak Thai,
mlmmdoeapfoccngibjlamgdgiagekmpp,电影评分(豆瓣数据),
ebgiibecpoinaeojckahjoleccmkpkpo,Quell,
gfgdplcieilpbfghcbabkfhbkcchpoli,VNChina,
egiigimapnhnomhaeoiamgdkjkjpfffi,AliScanImage - Search Aliexpres By Image,
dcohgokbnocjclibpjgimialdhfchgij,Site Ranker Pro,
pplghaldkjlbeaebchaabadnigijmfbl,Symbols for pasting,
fkccoblkjdnimbpjnbmieippndafniab,YOZOPDF-Free and easy PDF conversion platform,
memfmdoepcoecmpolkdgfnmonkmpfgkf,Webpage(s) Cleanup,
hdldceeeiighhmjgodphijoefcnnpgcn,GetFlickrImageUrl,
dilkpbckgcjjlgpkejlemkmlgceghijn,Torrentz direct search,
dcldadbeclcddjacemcemcfaedihopnm,INAI Academy app,
ciijbmbdcimdeoknadchoophilccdnif,VideoClipper,
jhojnacpjblmbggiaiajphhehigeggjn,LinkedinHey,
gpheapbnbmkpiihbcjhleoacdmbhjpjh,Hide Images,
anlcjpmmkdgadcjabbfkccoccneedfbp,wecom-export-plugin,
ocamfbmhpbkbnmkhaiobjgicbhioiake,K-Tab,
cljpbcimcfgheiodmefngjjmdjjkbjbk,CFCA CryptoKit.JDH Extension,
mpiepoibcfbjicpaicclndcjebbibpld,Pinboard Right,
knhhghephacfnefcllkedmbcmjfhckap,Amazon Turk - Show only qualified,
kcldgodcomnelgnbhoeleoodicimckgj,Suspender Tools_2,
mieggnccpkbgbgoleiofmaloheiiahbe,El Toro,
pmpmmjgcmgeekkpdaloalnjmdkcmcepo,Shadi Anudan Yojana-Utterpredesh,
kdgjkpndjfoffcchkgocmjhdekmihpae,Apple-nieuws Omzeiler 2.0,
pekjkkibkfnojanlicnhpinblamgcpje,Working Time Progress,
nbankkjimgagppgaghgeeihdabobjbon,QuickBit for Fitbit,
cjmcjkfhclcjmfgpdnbhkpkfgmlkcppi,ezChecker: Find It Easy,
iiljpliagllaoljkdinaklihgeefaodc,Hide Google Ads,
fbnhlpaknddgpjajidodjdidnaonmhcl,LanguageTool (old version),
ijanhdpchjigoihiakllenphkkknnjna,Daily Prince Chrome Extension,
efnlmhjlcioaeboijgibmgepoahkegpm,Nice Downloads!,
cajafnokdjgfjeidonimoineaofgbpaa,Willifier,
kjbkkkgepijgpihgleoimjmfmmojacbf,GoVision Web Trigger Adaptor DEVELOPMENT BUILD,
bleabhffpgoeopcfeapggnbdlhklbajk,六省发文,
fachjghnlggpjppbjhcofangdkmmopli,Harry Potter Reactions,
lnnmjmalakahagblkkcnjkoaihlfglon,LipSurf - Voice Control for the Web,
hmneahnfhmfiiidddiinhhpgfdiaojaf,Reverse Text Generator ᐈ Spell Backwards,
daogheeomfnjjbabmnmgpbhmamegpbaj,Simple Night Mode,
jkigobpicdnfpemkhgkgpdabgjgjkjbc,Habborn Hotel,
aoheddbjmmampnhaofbljogphofpbegm,CARDINFO FOR SDSAM,
leabehpocjbbepaecacahiahnpocofln,Product Hunt Rank,
denggifplbggoleagckomiilhcoeofka,Varify,
nipnaihaifepojdmgkfhmafkdljmgocn,Activate correct tab after dragging,
gbhagnkpajabmcejgjnphbphnjojfmeg,Torn - Track Vault,
bidmjmoodjdmilkcllcdclpdbikcopbn,OBT SQUAKE,
jcejljlbeabmlokpdgiegaonfokfokjh,Callbee Phone,
hhhhlbbpkihmgbbmohahdbepomghdemp,Утконос: сортировка по удельной стоимости,
mfjoamkodenloohdfidmelgcdkmlpkhd,Timer Log,
ajhgokhlpenmggljkhgggpamhdnogjni,Slack Overflow,
gplhofhphfekaflbghoggkbgfoblaamo,InoReader Enhancements,
bilhmoofdampcoaccakcdelibcaafopm,OneClick Share Screenshot,
fjejipakbdppaogacpnglbgfochdhjhj,Patriots.win Add Downvote,
apjcnjbhemlgjpfkbfdcmgopangnienl,CosDNA Extension,
apflonjgaacaipfnichljodofigiobhb,Missing ALT attribute images detector,
enolickdbgidllafeljefljfchkdjemm,Cotización del Dólar en Argentina,
pjbeoppcjalfpobcfcfcdndbjdoeikkl,Simplex Search - Direct Download Everything,
onajnlcpcfhahbmnppgkajefblapkhln,Next Page,
mbdppfboghpbddffcoheifgmbnbcicha,AnswerBuddy,
eejokkdiggcjajkeghppbpokdhiacdnf,Granny,
gekjmmnknmccficboacaoplipllmlind,NRJ Украина online,
gihlaalcladhocagbmgcodgpggbjmocj,Stoic Quotes Indonesia,
obmphbnafagblfljefhmiekhaakddoam,Marinette's Magic ClipBoard,
ecifmlcdgmaeehpcjcenmjkbmkafdjmf,2ememain/2dehands enhancer,
hmlpkpikaiolfjhogeacajgncbibndba,FanSub Anisearch,
jldgdjdekfakcbkkemgpbpmhkgmkjpmo,Shoper,
enmpfoepndbcligohllaecggkohmljkc,Pokemon Web Theme Pro,
klidifelbanngahllmnkkidofpclaibn,Consultary Screensharing,
pcgclenagkggjmceeohmifkdpgnaogid,Q Bookmarks,
hhghjobmooibifkclaffgamikihaojlf,Anomi,
lnkdhokcldefpagcodndlgpfglhkeeaf,Puncinator,
mablelhcnnpdnjhngmpaklbcbjhjadgm,Github Clubhouse Story Linker,
pacjmfodicicobdolgmgmijclblmmehf,Walking in Chrome,
kamjiblbgmiobifooelpmlkojmadmcan,Expired To Be,
omibgkikimhgmakhbaidnfdlehaoppmi,Pretty Quote,
keemeombengfdfboklkhhbgjpkacciig,ResourceDownloader,
pmljndefiidnkbdpipbcoiiakcpbjjdn,inTrello,
bnbkfponohpobjnkglgbiojemigolnhf,BoradGameGeek Image Viewer,
aogabobfbepcehdkbfagdflinolncebh,Taco,
ojpeljmamahkbfaclfkdmfioffdfeaib,Stay Away From Porn,
kdpfmmdlnlhgaanmbhhfklnocjkagndh,Victorize,
okkdgkgikhkpjiicidanbjkjfjehofnc,Công Sở - CongSo.com,
ngojjghmeadkemijnnmhneadjmboodla,Nukeviet,
bogfllabcanncipgehenphdhokehepbc,O2 Online Helper,
hoenfhghhhkkellbejnbokakelbgpiak,ExamAlert,
ebcbopiimofbmjgihhdabmkjhbeconia,Page note,
pabhhmphiolggebhjhaefmkpgocoeoec,Random Movie New Tab,
dgogifpkoilgiofhhhodbodcfgomelhe,wasavi,
akmdakmpooindelmbdppneijlchbifcc,Twitter No Text,
keappnbjppjknkkcaoejjdddgklpemkm,Cookie Clicker,
ehcmjoghediminbmabjnhogpaacceilm,TakeAways,
bmmpficfjmfkknimfadpkdddodcccidf,TU Berlin ISIS Course Crawler,
mjhjoilamaemcbgkecegjgmplapjmjli,Saver: Save items and see if they're in stock,
flmmmdhapnpebmiaccnbggdibafoomda,Windmill Infinite Scrolling,
epfbbgocokkgbhjnmlimdcdkjhmofjao,Commercial Property Made Easy,
acdocoafklgimekckofplmegjmfpcdcn,Synction,
dbphcgefoicnofkngjonipaoonggnphj,YT Clipper,
fdaaffeeeppfkcmiecfpkfbjfagjdjin,Desbrunalizador,
hloojnjeamlnbojppjgkpakkfkibibdf,SIÊU THỊ SO SÁNH GIÁ,
gplhdpkkcaffjheefmfgmneeaciicbaj,Span Mover,
jfknaapblnppeflfamkegnnonlfgokhp,Better Ctrl-W,
miegjjgbhpjfcipppgciejmldjalpmop,Don't push me! Github merge alert,
giigiakobnabpjepaocchngobehpbbgb,ADA ticker | Cardano ticker,
ehklcgfhalhkgjmjbpbdaligajmpofli,Systêxtil Local,
dojihbiflikelfjnoaljoeiklhgdnijp,shitpostify,
hbnnphjhkbdeagbpjcnihdgianfhdgoo,Gmail™ Favicon Customizer,
hldheamjpbaceigalkfkjogkfofankpp,Env-Guard,
nndmnpklndambhbgadlnbcibjblibolf,Axelar,
mcfoglmblbdjbamjlbcbpiipahmhpnia,Debrief,
eheedpaakeahjiakcejadlmmmjhoimkh,Kazino Latvija,
mkipifdfhcekkofifhbppmpkipohmaka,Reddalyzer,
imaaiilmcbpokolbjlimgccaifclhama,Bat! Images Hunter,
eoadhobkfpbkdbifilcekhabmfhhphkk,Nifty Photo Viewer,
pdgdgimifppkfglaigghmpkdgppelinc,ShowMeTheLayout,
delkjagmhpmcainbhhoelcafefepommf,Strawer,
bkmelgpkcifncmhcghoholgcngmangid,PR me,
amfofbccblnhpaojjleilldmjdgncjlo,Kitboga notification live,
gblfligopcaolbcnhncooiakjiefcmja,Grafana Notifier,
hpbfloohocfhppchgfkempmdmoflfnko,seotoolsreview,
nggokghmfinpljihgjkkbogpgbbjjjme,Coding Shout,
pmhgkgkcammgmdfigbbobgopmleaalno,Gebze Evden Eve Nakliyat,
cojddpgolleodembplbbefmodaalfmkf,Blank Space,
ijimhcgeahpgfdcgaheadagkjkiibcnj,Svorak,
akknnkafgnopejnkiifjoffhjpeobaod,Cricket,
idnninnhcleaikepmmomfnknbldalnjj,Imgur to Gfycat,
epbmcehmcglfomadgabmehfjhkkdeaoc,FBI-s (Form Business Information Simple),
oppnkjdlaopjgdbejeclhapcdejmlfck,Mixxxtapes,
jjkogedofmnmlgfcnakdjbgbcbhdakob,Serenity,
bfoionmbonendpcngjomdamfmmhjhhic,Cleaner Medium,
ihiopdbmojdmojglpehiphmckhkbdekn,Gridlock,
mfigocgdflddipodffjfpbjmplhhfbeh,PhishBlock,
bldephknoilflbcpdaliojnlnfidmlha,Rahah-Telemedicine Screen Share,
andckodfhlknfcphjcpioeneaoidlfjf,AlreadyReddit,
knekinkjckoglgfagmpablofmgdppphk,Yahoo Extension,
aajfadplooajoiepmofheifpbbhdakoa,OkeySC:Procurement directly from Chinese factories,
beleecfjbbdghgokemejfabhnkjohbch,Kitten Bomb,
eopgnfmokenljjoeidphdgamkagpoimf,ToDo,
moemamafnaemeponmbknajacdbkobjee,BugPopper,
fmblemadojlfcnnogidoloidlfanadkb,Z-Tabs!,
mpecggkeebecbobkbagfgjdjfjilmnhb,My Parkland Destupidifier,
niemgccefhbiambnhhlpcpfcfbkmoobi,Tiga - Github国内下载和克隆文件加速,
hfnlihmimmlilelpcclhdhchamjlopgl,Zing Mp3 Downloader,
knlcabijknicpjnodegjgnfpiakchcbk,Charmlive ChatOS chat optimizer,
fnebcmfaoeakcahilaekfmfhmkjnilmk,Coven,
bglgnhplihcjhkcleelfaabfdlapjhkb,My Playlist,
dcaiaffhccfkgplacjagohnchnpneoco,TritonAssistant,
ckdohophommpcidkmlcgofdnhkcogfel,서담서치,
ljjmecamgichacokaggdkdfllcgcfidm,Text Emojifier,
gnemiaebpbbngkbfaamogcegmbgicbnf,Helper.World,
pdfeeecemnlpbhdknchlknlgojgkhgeb,YaTa Twitch Chat,
lkpdeolhgoidcpodjdjlkjiidgljgloj,Pull Request Template Generator,
npbkckjnhfooeafhkjfpildbcdinnehg,Copy Fields Data - CTH,
becbgmfopholcneddndpkiflfcpmidji,BEMS Lite,
bpijhpalanelljfkblogadbfloocgice,Password Reminder,
joihjakhmapomondkhfndcklheahgbgm,Matrix Clipper,
okjgedpgmapalobcnngpnknnhocnhdbm,Sound Cheki Downloader,
cmdgkghkhhampfedeobokdlhhmcknpgc,Levné letenky a dovolená | Frantisekjuris.eu,
felcfcmlgjkcpkebcfccdbpmogndoijl,gibberew,
nclpifpcncckbajhpckhnnnkpdpgnfbl,Meeting Timer,
nlldbplhbaopldicmcoogopmkonpebjm,Extensions Update Notifier,
nophjkfldgflogmajalegdmlnocpefej,CompfloUploader,
janalkijliaejknaogckfkhdnkhlhdjl,NCBI Search,
igbondoibpiekmhaiikfpmafmgebgemg,Make it rain(bow),
dbaieelgmogdchkmpighcfejjcalgkmc,Saregama Carvaan Songs Extension,
baopcegdlpgikbkcnhhkcnhbmgdfpdck,Behave! — Offensive Comments Blocker,
hohdkaanpmcooenkhecbakblkepcnfop,The tiny URL shortener,
ffpibealclcjgmoghaocdlffiimoekeg,Discount.ro - Cumpara la reducere,
dakdfciljnhbkmmhibihjjbdahppcmfn,Scrapify,
elcaegdandcagckkngpjelhgeakcmeif,Easy Copy,
mfgajaopndhhdcgojghifbbfgoldiakl,笨標題好朋友,
hcdkpjfngokjheociieipkbhknnkomjh,Twitterぼかし,
iongocpkepafjiplcocgnnpmdcpnfmkf,Anti Tory,
lfocppeafakhemjjdaggefkcemdkmjii,Shur9000,
knjkahmkhjnimfbnakidkbdgchbmjpkh,神姫PROJECT APアラート,
bijjeiinbkgifilfeacjmplmfbopefgl,Jumbleberry Steward,
jceidnndfhmigdokmmehmfpibjjkmola,"""This Frame"" Context Menu",
oaflcfpfbadadlpedcaenffejghilmdl,Lead Arena Extension,
bieeiojdjdkkacfckmaamnbinloppgjf,Figma GitHub,
ikgnccjmdplkfcafdonimmjjbmjdpfbi,Ketchup,
lbclcmplknojkdfplippmdeifbpaibgo,Scrollable Pesterlogs,
nkpocmdddkpfofbliiljlgilfbahiiom,コピーこれくしょん,
mcgppfmilllaikblfoknoiilgkcmcepo,Jump Scare,
bpaccmfpmigikfeedodhkegmjahmpmok,Fenestrate,
ogbidfanipapghbojhlfieanolcemoin,Translate,
anabaalhdmohmalggpldieplajkfciln,XL24ONE Filesharing,
ohnmabfagjmejjpeejnaaajbkniighnj,PhishFirewall Email Integration,
kgelboecnaninhogndenfcgjnhmacjgp,Whereby Commander Life Counter,
ncppfjladdkdaemaghochfikpmghbcpc,Open-as-Popup,
gophpkegccafhjahoijdembdkbjpiflb,Windows Manager for Google Chrome™,
oopkaabclnmdpadlabcibemgkbanoofe,Noticias de Nerdilandia,
gkcnkoebkkppbapcjifgokmpcflfhbde,Regex Checker,
ajeaocdchdhkminjnmjlmknfmegmbjjp,JAPON STORE,
gplimmendbmlfjfilgkfgmdkgbcelkcp,CFCA CryptoKit.ZQKJ Extension,
khkbfocobajjjkojjgpmnhdgbmlnlnef,Gif Frames,
hgmgpallpkejpnoahccdohmgabnbokgh,Madrasti Screenshare Extension,
pjegjdlnpjilhkfmkaanpeekkphojbdc,LudToCal,
gjhpoggclfcmmppjjbcbdgobggfhfpjb,Trung Tâm Đông Y Chân Nguyên,
ehddnmgofimbganchpecibdhmdlaghno,Save Tabs set to Pinboard,
hadkellihappjpdlmdbilicaghigdafb,Popup blocker,
emaejjagnimcdjkijlmeoknogoachmdp,Plug 'n Chug,
agogmjlcdpmhihdiecbpkdpdppichkep,TLD EAP Search,
keolibhnlinmmgflfngjdeclbmegfbbd,Vapor Jedi Eliquid,
gdkkjkpebkoiknelgjflnhgikmcjmpgl,Millennials to kids these days,
fenocbinppabeonhfkbcfgbfnhidkgbp,CompanyOS,
iflpdlggmdkmjfcagkldobiedhnihppn,Logbee 'log it' button,
nndfogijifkjfnlmmeppndkkajgadooo,Develoption,
ihbafjoepnjdodohjcajljollcpmdabd,chisv helper,
ngieeanjalhiihkfajdcfilknhpceopf,360 翻译-右键翻译,
efodfiapdhhojbghfeehkkpjebgaafoh,F t.co,
fhhnkaiknjdobboabdjmgbbaggjiokja,BaCON,
jkekpndcknimbijdiafkmkfglllmdlko,French Symbol Tool,
obiippimcidlopomgoaaniiiajfdekim,VK Feed Killer,
djlkdalfneeoooaehkajnofonbnjfmph,Slack Channel Category,
bomlpocneecngaomhddeggcinnaoohgo,Free OCR extract text from ActiveTab,
kkpkkpocicdgdloknblblgpmmpblplap,DES Board (Cho DES Pull),
ldofhkbmbgplenhclhekpidbmgecnehb,DNS lookup - HTTP status,
boeopiibkonobninfcmagjenlaanmbgb,Поиск дешёвых и прекрасных авиабилетов,
lbgchcpklbidcojffpncpclnkopchcff,Blink Style Importer,
bbeipknhdmkklpjceifjnadphbndoikf,PC to Respect,
hakhnpegnplhinjknopdcendaimgdelp,Todo List,
pilpknampgedgohhjjnlgopoclgmbkaj,Hyperlogs,
epbgbigpdbbifpnaadichnlofhlogmco,Bryx Autologin,
kcdfmdmdogpfcmbdgafnphllmkloopkd,QuickTube Youtube Video Summarizer,
hmhgfkoeogiaopknabgfochofnnijnnn,Netflix Auto Skip,
oeobdgfekjhhibgbcnmmpabgkmglcpki,qiita-alert,
lleoahfonbeenjhjlkpmilmeengknlnp,JSTbuy - Hide upbit sell button,
mcbebanefpomfjifgdliooalnffcikcm,Paraná Clube New Tab,
oamnmjhfdeifpfofpkpfgldcfbblnmnf,AGEA.Trade,
bnddkccfeflceooalepeechjfmemffkc,iStores Funnelyzer,
cbfofgjgoefkpnkcgbjifcalncjefdji,Monotone Tab,
bcgjpploneipkpioeiciajfgbdbfaagm,URLBuilder,
mknhapjmflaollcibdpegglemkmdmcnb,Jumpball!,
ghkmholjmncfmonpfpminpjoabifocmf,Lobster,
ojgkjjklpamcnhcbcbllhnebpicgcagk,Vetary.com Chrome Extension,
ohkgbfcpbbljmmmidihgdfknhnpfkobd,JapariPedia,
eaeejmnfacdjjdgdmijgefaaokfkhihi,AmazonFBA料金シミュレーター ASIN横断検索,
dihecmfmleepppgolnbfbonekldannlj,"Bot me up, baby!",
mojhglbfmhgcocfelnnfgngefdpibfhl,Auto WhatsApp Translator,
hpdcheheebhjfkbdbialimlbhoopehil,Markdown Preview,
hlbfohimkhgmlfhheleaiaemahnblkja,Danhgiatot,
camfofaokidhoajkcchoddbdljemigci,Like Clicker,
dfekgdohehdhpkoidpddnoijinifmlao,SVG to PNG Converter,
jlngbjaopajblhgonifalnpfbnhcnncl,Path of Exile abbreviation helper.,
ljoepfabpflncpdbecegdpgohhnijedh,Core Posts,
pahebkacekdhfjconklddgpepkfehakh,Simplexi tray for slack,
ibkkjodagmdaggkhpnimoodejcjamlkf,NicoPlayerElevation,
dpgfepnlpccodooleppdmbedklkkbpdh,BAET.no :: Shorten & Simplify URLs!,
jodlifhapikdhppocniogknenmjlaiog,Livly,
phfcghedmopjadpojhmmaffjmfiakfil,mermaid-diagrams,
gicgjknccfbjiipicefanafhfofcjppd,xkcd Explainer,
njkmjblmcfiobddjgebnoeldkjcplfjb,Trace - Online Tracking Protection,
fejhallhnhclcidkbgclianhgfoendle,Post Likers Inviter,
binjbkpnlmnkdbdjaeeiefphdljhcbec,小黑盒 Batch Download Image,
lmcpmmnecclemnhobkplkgpjjddgnkej,#ДАНСwithme,
mnoeihpnphpmglpmnipbakgadjfpocmf,KennyStream,
fkmkefpehlolmdiloilglfcojbomaoii,NoImages,
gnnnghjolkebfmgablmplcboppcadiid,Gears of War 4 Forums,
ehmockgijbbbifdeblkjbjejghlmclco,Trello Pluso,
odhhnnmlahaiiknneggikmejhlmjnbdh,Human Crisis,
ipjicibdfmkbdohelfklnlbkbbekpnph,Soul Crusher,
ammonggahaokeolgmcliappjmaajefia,Soundtrap Plus,
abajgbabdajagdmfedgcdokllofbjdpe,Pardus MultiClock,
joddbnknjlimoobcjcpopomhlhcjjbhp,Hướng dẫn KUBET - THABET,
jkkccmdilclkdkhkfdmcbdiagpibmpne,Html Scan,
lbfpcohgpchbaihegikfdlfecdkkglpd,HotspotRF,
oaiagedjckhjgfmmmgfnnkjigbmplbhm,See On BoardGameGeek,
eoiappopphdcceickjphgaaidacdkidi,HihiBox,
codmlilnekiakndoeepaeafkhjiehnpk,IKKS chrome toolbox,
jlbmenngnppkommpmohppjpkglicldbd,Video Downloader Chrome,
ghcghfllbidkldfjkpghkeiopdikfbpp,Quijis - Quick JIRA issues,
kbhlojahjolanekkbegpolicehknfkgg,YOTPO Ping,
hblmelfajaaodoajgfmobneamfbomkkd,Bootstrapify,
gdnnbhgckfcnalndmmamdieelgahglcg,Cloud To Kloot,
kglocajkbhbkmkpochemoomjibfchaag,ChurchMapped Extension for Google Chrome,
caapeklncafkddgbhdhneelnoamcjkin,"Hey, that's a typo!",
hjfalpmddinkohmeleehbdojkjhcbooi,Sprint21NoSwapNoAct,
kilkjncpfoikdeopclongbeaglmfcpfl,KTH Canvas Fix,
cagfmlpplgmphpbkapnlogfapjffnjgh,FASTAI commerce,
acpnibgpffmfkemodnamajofbidgjlmp,Compartir Pantalla Duis,
bnggmdgjgmpipklopejnfekojkgbcfnc,Daily Feast Recipe,
jjjgbmppjlnmepdkblphendlefeaehba,Ripple Balance,
jfjlbdapmilmhjhcjmkjngemobhkjpgh,Shield by ThirdPillar,
fflgkfikdainjeckdabnmcaabkgfolpf,Invite Post Likers to Like Facebook™ Page,
lpdockknjagbfhoomeicjainlbaajgee,PP AI Voice Assistant BETA,
ifnkckdlnkmcmlmleoiofljanabhmjgg,Domain Hunter Plus,
jphkjjjbkeibmpecnekngidddkbiomli,My Zmanim Brooklyn,
ebmmaadhpbmbiihfefgckjacpiiegoel,ToGoal,
lenpkbkibmhekfebiccnbancinlhlnbl,NuitBlancheTV,
lcedleblbklabigbhhcjeieigoknfjck,GMX Go!,
jmhecgdkalhdileplflobaldmmmdlckn,Suku Wallet,
afbphoagjpegnkpeiliacmiiggojdabo,Online Tools by 10015.io,
pilpnpodjokgkjbflnnmamgfahhipnki,難以名狀的右鍵載圖姬,
affklpjfehnkiekjdoalajogpbmjgajk,Peach,
pagkdnmicijjclfhplcbjolhhloeabkn,"Vietnam Cashew Nut, BSF Exporter - Kimmy Farm",
njomgiljafjpbmdbnkgjjeoopgcikdad,Kecskésítő 2015,
midmkncnhpphmdjlnfcoinhcekapmkic,Netflix Awesome Extensions,
fmffjikboonipmpojjaihaaekgfoolpe,stock helper,
ieelccadneohfiecpoocjoaolcaglmfp,freelancer extension,
pahgdhoembengllonpamgkaadopcmeka,Amazon Similar Products,
kibalnfonkjeflihncmfdngdeekcmfel,Twitch Bonus Chest Auto Clicker (Enhanced),
eelfklplkohmhhmlfciodaljeeijoelf,SVG to Base64,
afkddkkabiabmhlcdnggaddkgadlognl,שער יציג ביטקוין,
jadgefoemafhcdkbhmeadkmodmpnfcak,Wormhole Escaper,
ehcogdnnlpanbdkgmdhfoefgjblmbhff,Add coursecode to Canvas course list UI,
dpjmcfobgkmjccebgemkmdjahabicjfg,CorpBanca Depositos a Plazo,
khclkgjdjddedohnomokbhinlmpclick,JSON-As-Table Viewer,
anaipjekjejhefafdeachjmjhhcepkgd,RogueBot,
ocelloogpfbcigahgonmlhbmlohblijd,Instapaper Restyled,
pdldjnnbgchhlknfcdgnlfamdflkhbno,采集助手,
cencjgplglhoongkfjkembfolebjdjko,Worldometers Table Ranks,
phjogflimgkcjchomcmgaoknnaichekp,Buffer Status,
limeoeacpekfcanimjnnbgolggamkogd,Netflix Remote,
nhoonblgekanhciolgcmdkebbmjpfokm,Traffic Trend,
jgmljkjllefmhipphdlpbbmhpmkamdof,TESPLAY,
gcgjkboeenpgohojgagdplcgdaemdibf,iPrintPage Extension,
aomnoofmdnaccffobkddehcmdihggcke,Bug 2 Trello,
poobpimndkmecgplnmojjpnmmgafbkph,9xflix Download Free Movies,
jibgihafbnobhcaankccoekndbilehmc,Playback Button,
pkfkoiejciknlebkekgndmgilgglalai,Skipper,
gffkdmepjpippahnkmhellmgoinojhle,Lookup Assistant,
bjdbpgfbhbmclnkkilmgclilipbonkfh,Daily Proverb,
gffbnibnknnnpjpjggfpapcgjfbmbnlp,OSBot Extension 2,
occofkaolkiibmfpenkhkgbdpmhigbhp,扇贝查词,
mhfedeapmfofjbbmgiangfhnadgloemk,English-Chinese dictionary (select->control),
dcphilgoafamnonmalgdhkkffmobnaco,Tabs Manager,
gkcdjihoaknkfnbhhgocndcecomfgcec,Undo|Duplicate Tab,
bgdkepmkpjnikomoegcdjonpifpdhflm,Smiley Pack for DesiDime,
phfbmjibajaglemojhpipmndkcngplpn,Onlyfans Utility,
inncfpkneoefpgnoggjhcnkjhbcdeimo,Overlay Blocker,
cmehpadapglhhambdiafddpfjdngonba,any-color,
daaofcadhmkehlkpcdeidchnocefpjai,TextExpander for Gmail,
ljplephkcffoeflfflmdifkmmfkjplnf,BTC exchange monitor,
egdnbfmdageehgajplfgipeofpmfkkgp,WatchtowerHelper,
gcnmclpoegolmaojnmjhceaidkejcajd,cooln memo,
fcbjlcogjgnkfeaacnpilopnaanacenf,Referral Machine,
fejapieahmlbaiijccemmhgijkfjomnd,GrooveControl for Grooveshark,
cjnieklajijeakoommahokclaegffdai,yyyymmddesa,
oaaphmaicdhcjpceibaknalefedehobo,soundsynqr,
kdloemgbbgecimccolnpbjefepcdimlo,GlastBoy's Extension,
ohcmmfphdpigpccfppacepjhamgcffjh,Mercator Studio for Google Meet,
dnminhmckfcflhdhhedbaaehoialageh,AyudaGamer.Com Noticias,
peebnjhlifoemfpcffdlbcdppmikglek,Bookmarklet IDE,
bbfnphnmidfofgejlglgckoklohmakbf,Funnel Widget,
jneiefgdpanjnbjgdiaokmgjnbhclaom,W Zoom,
ehbpjjjbkiglnnbikfdfnoicjipkclkb,Degiro free ETFs on justetf.com,
hbbkmaeblpikjngmojbcljhnocbcahli,paint with the [WIP] pull request,
bijcgcgbhmeemlnidoigdcnokggknikb,secretary,
egehbpolcfiodjjnkmlpfegegpogcefm,YouTube Sub Hider,
kccihdonhmgbmbncjpilnphlkgnaenge,FastTip,
lnllgcndlpkbmccljnnjdecmgmjikpkb,Gestmax : Sourcing candidats,
pbahnjfdjgphpmjbppjmpmglimalnckl,Hostname in title,
hhbachemiciblmgljajhobbcfcccoklc,rbutr Beta,
mcebidbgdlfebjbnkkpfbdclngmaando,熱帯雨林フィルタ,
fhkhkglnmlonnhjcfjdlajjdmlcjkona,Save all tabs,
fdppieaihhbblnhammclpldgbcbcdkbb,喵弹,
ppadkakjmpgeflpdlcibeogpiankacmi,TUM eAccess,
lklkckbjlkaiandcfojdahelmffhmlnn,Password Converter,
ebopppnmnflknmniiaggblaekaahmohl,Erinome RSS Detector,
pcegaigjdjkoenkpifjfjoaenfmgifii,TexAgs Winners,
glijolgpnhngmdgllhkhkdncgnijhpgc,TUNet Helper,
gdfoacealciadljaakagdlbipmjcgebl,Ga chống thấm Cotton LoveMama,
efjnfbfopjcidbdgonadfbgmgjdmmkak,allNapló,
aminhgbiaggfahohilolcjoliapemacp,entrepreneur product store,
fdenphmjbcefmkehfehjmgfhalmjljda,JIRA Helper,
mnfekmgjkelcejffgmobfaklpbgkjhlc,Positions or Ban,
dmgfobapefgmjedmhmonebgbmjbbjjnn,TMS Callcenters Plugin,
ajehdimmiidcihlmhnlhdeeljigklffd,AWS SAML Page Usability,
dbdcieepogbmfdakjepkbhfifddinmjc,Elma Center,
cbifdjebjnindebojlhccdccmgfgccdo,W3Schools Hider,
mbcllnijheidbcbjhagbloiplmddkacm,LiveReloadHttps,
ibccoidnfdgflpdndbjgnigfmjamncbj,CÔNG TY TNHH DỊCH VỤ DOANH NGHIỆP BẢO TÍN,
nbphjilpiamjpekilnacngnmchekpkdj,Switcher,
popfmfdcmbgimojlgdgeikdffbecaija,Amazon Discount Hunter,
kdcpkglpdmobppnakbpbnknlfckohpjh,Mobi,
chbdgonclbddhiefhnpdjfbcekgchalj,Impero Client Extension 8.5.45,
jicdanpdmekcldpgdkmlmffgfoafgckh,Tweet To The Void,
gepddagaajclednflogimfmpoejjkcnj,Steemit.com Enhancer,
gnkaijpoaggdacgdeajkblgkekhgjgga,Cleanstart - New Tab Page & Bookmark Manager,
jjllimldkgifclpeokoigimefkmjdkpm,Easeenet For Web Browsers,
nkjgibfbajglngokgfkioojdbkmamcpf,WhoCalled.Today | Phone number lookup,
gcadgdccaihgmemeobhlbkalhimpjmof,Splunk Fullscreen,
lbkokgnilbbkpjnkeamgpbhmdojajngo,Thaana Phonetic Keyboard,
aliojfelbfikbjfgoblclbgpddoecmhl,Kartenlegen Kostenlos,
bninlaefdmnbimgdpiblhjddfbgncgcf,ChatMark: ChatGPT Bookmark,
kdcjpeakcckhecgojnbjiohjnbfkgmie,xNotes,
ebebbmdhmmlfgiinnaengbeogfpahhaj,VM Plus,
pjmlmejifcfjenfmgcmmphfmjbbajhle,VanillaTours Reservation Manager,
jdkdfpbdfepbjjkcgpbicgffajbbmjin,Omegaluler,
gjahpikhkkhnejgopmgjomomknbaagpl,CodesPromos extension,
jleaiaokbancbkmpebmgfafnodjfhngd,Google Meets Attendance Names,
eaiiacjlknffjbdcbfcinjnkohoekndn,FriendlyU,
bcmapmbfohkpmhofkcphhifhofanodbn,Make Link of All tabs 2,
ledidodlffonochbejoldpombnlhfdhh,ImgGenie,
mmdmdndlbdblbjdphkpfbcpfmfjlcfjk,Bookmarks by date,
ingifofgibfkadhoiodcobmaniepipdl,Textkernel Source,
fcnjjeidjaohofhnegfpkpobnpcofcii,iHealth UnifiedCare,
mijnijeicfcodlijkmafknapfcilffni,Js-Injection,
egfhmjkdidohdeafnhiiajobghnkjham,Marketing Concept launcher,
mchnigcillhekbodnpnpcdfhmlfblkdc,Glossary Companion,
ehnemnmbeciffbkhjhliocjhlgfhbdcm,doc-ear,
mhikceoaalnjmimabofghliacpmljocb,Improvements for Google Tasks™,
pffeedlofllghbmondonppgbleaggibj,Context Menu QR Code Generator,
ebichgemfmpphjcdiebfmpbfflocnjoa,SMRZR,
mofejmdiddbfhcianbflmfeggoimkimi,CaptainA.co Helper Extension for AMAZON,
fifcepgbechdgkjogehhfhnckjaadhdl,Chalmers Library Proxy Redirector,
mjejmigoeapcfllbdmljhelcghiahjld,Lottohelden.de - Online günstig Lotto spielen,
noccljcldojleegdobephnnmjjpjidlk,おこめビューア,
gjacalkbpoekfffccejaohcdbapbapel,SEO-Dashboard von TechnicalSEO.de,
ndaoalijhhhicpgebbdbfchgnlpchhpj,Tabzone,
lkdjojiegmcnckccpmclhbkfinkedcge,StarLeaf Scheduler for Google Calendar,
faokihkggmdjiecnobbldcijlaflkcdg,Dijestify,
agdbgmnajalcgckpbfghgkoglkecpfhm,Tamperwolf,
higclgihaoclpabfngjkpihkkdfbgihh,Tommy,
kphpbojgjgogohhkaenjmbeendnhpedp,Edge URL Shortener,
cgjodoppdnlnjliiiddckimhdjjpjdmk,Autochecker Antispam & Checkbox Tool,
cgmnfnmlficgeijcalkgnnkigkefkbhd,Strict Workflow,
kecdgcdeoedlhpmljdnnahcllbgimpgc,FabPic | Capture & Beautify Screenshots,
lmnmekighficgcpmbpengakcodoafomm,VK links,
pilckihdicpogmikinfboaacmppnbgnd,tm.urlcatcher,
mjpbkdjohdhghfpaeibkaainppafkeee,Copy mobile phone from whatsapp message,
hmldbgdaabpbgjekkbfbmknobbnjkmcf,Donald Cheeto,
bpbkpegngbkknmghhjbeekjdphjhkdif,Trello My Cards Prioritization,
jejmnepcpbcgapdgcpoggjpmielacefc,サイトフレンズ化ツール,
gplnfodpmhlkmhgliekplkifjbmolcni,Caillou Song Player,
eghahgiddjgocmehngcmdghojooiaakl,Leads Explorer,
cglpngappopcccindgkkflonednpjmlb,ChromeDex,
cibaenbmbjebacejllkjojipobhcfafc,Research Experts Tool,
oijfhcehmeihcoaiineebhnkadidgjpk,socialteams Notifier,
bcodogjiiabnnmbiklkiacaphlfcdkfm,秀场消息开关,
jbelioooaleemklmpgccebabogakpbin,As Receitas de Portugal,
kjhpjckadnmiafbailekidjcfhnlocek,Convert Column to Comma Separated List (CSV),
amapllhcnbchdgmokdpepldjnahakkhp,CVSpotPlugin,
ilkgmfpjofcjfdbebpokjnedndbnlbim,Tweet Overlayer,
mljaeppcogkejonoejbocgcbilnmofho,さてはフォロワー買いました？今すぐチェックボタン - Chrome 拡張,
gdpmnbajflmbdjdmmbamgigmcdklbief,Tabber,
cnfnooplfaeijohhiknoebeboiphdmea,Breath,
falpcgfkedoeakcmjfpfkddflaebodep,GTmetrix Analyzer Plugin,
cphajpempdmpjmfbjaglcnomcppnnioj,Tractian S.O.S. - Service of Support,
doaamlfgfbkiofmbmaahkaaipgfmkhkh,VASCO Smart Card Reader Extension,
ojpmkmkbcdikejaobklghoobffmapimp,Tiny Rockets,
ljdgioelhpilcocffllkgignofaenppn,ZIK booster,
koiiodpdeabmjahjfjjbaamigdgfjeoa,Aalto libproxy,
ocndcadaneceimkfpidpepichhfgonem,UC Manager,
olcpbkehghlicmfdihfekbejejajhpbe,杂志式阅读·晒网,
kepemmpmljphklmpfgfmhpjhpdlccpke,Leo Dictionary Widget,
lglhmjchllhepjimifoflomgmajmnncd,iceluna-chrome,
lbonlgopoplijgflfalbbigndflkobai,BananaChain,
nmoodechkdgfacgdncceakcbpophpmbp,Xocali.biz,
hicjjllpipigafddmcpcebodllelbmoa,RFID Schutz,
iibhgjabjkjelhnnmpicehdjbailljkf,Cadeau clic,
hapeijdlgbbhjmijhmgggnakcgdcpfap,Simply Synonyms,
ffochpnkiambfombejldglggmpebjpjj,FiX3P,
acejjcnmaoddebemkjnffhakigjjjpgp,ARGO Athena DeptID Catcher,
nahnomhhjhhmalmfhfeolghbonmgijjd,WhoKnows,
icofppelbjieemfmipomloidmjpbnnof,So mo lo de giac mo Whybelieveinagod,
fkeikkmmcndnfbpehjjjafnbfhbopnoa,AI Squared,
eggigdhkehnhnbfgpjdenknffbocfhof,1ClickSaver,
ecnjlogogbdogbiddlkhleeimcnkeing,YouPop,
dfcffkjnapandffpkglmnbjfnfdififc,GIF Tab,
ggdmiakljmcidafmanoejhpalgphpobi,English-Czech Dictionary,
abgbcgpkejdjlhobkhpcnnlpnbacenfj,CopyUrlToMD,
looipdaohghcnpccpakpikbmpccacbok,YouTube Focus,
gcheahfkeioocaajjmfinfjhhockcdne,Blank New Tab Page,
gejolalceiofmiegnpmjkobmlkjapkno,0 To 100 Tracker For Igor Voitenko's Workouts,
caeijbdlfdgcpidackjbmbiepmnejnog,AutoConnect Starbucks Wifi Singapore,
cofjfghobnapjoeogfkflhcbghgdnpae,Optotax Assistant,
leebpoidhlfgjiepgjfafdbnlpnpmfod,ImageX,
lmgholkbkielplkgkfhokhdgdamhiggm,코인 시세,
bpcfiddccofanicfkkhkabaialcjhdik,Golf Scientific Calculator,
hdoljnnfmledphlpbiffhbenennghadp,Gitlab approvals count,
japehdfgbknnglkffmckccpfnaeaiceb,Magic Pricing,
loehpehjfhocaekdfacfkjbiohohafgb,Gaggle Chrome Goose,
bjgbiggjemblnceibgagelajlkianbkm,Oddshot to Youtube on Reddit,
hdjcnbpapbfgniklmheihogibnmdbijo,Stop AutoLoop,
hndgocegiaeijpjlhkggjnhoganphofc,Bundle Post Bundlet,
fjddglnphjcbiidehkejcpekajbefjka,"Fill: Edit, Sign, Send, Store and Print PDF's",
agjdiciiahomininjbanepahjidnkddo,ClipDic,
pbioadhkealfcknifmfoojhmmocellem,More photos and videos,
mlnjbccbmodpoolfcjefckjbpfdcjnik,Digikar_aichichuo_clinic,
nfjkbpkpeadhocohbaahiggmcnnbldgg,All about my child,
hokcldpoigjcmpkhefiglpipkffmbcbk,Switch device,
kmbellkjpnoeckdbbfhgbgdlofhhpbke,SustituCAT,
akndiebokmpldboapenhfcbaibjebibc,BTC Convert Extension,
icknjnmacgdkljanojlceaklcokplpmk,Paragonel scraper,
eehlmkfpnagoieibahhcghphdbjcdmen,ThunderLixianAssistant,
mfemjmfmgpcdmcjbpjmaegcclfnpeaog,raFarod,
oiikdblhocaplmhhjhfmcpjiodjehcdj,Hide Junk,
ffbjneeahjafobcedlebkckenpkppjhj,Stop Normalizing Alt Right Neo-Nazi Edition,
lbaglkfefnpgeipcdieoieojpdiikchp,屏幕布局能手,
nnajmbondejpchopiogmjbfidnoobdgk,ミラティブ コメント読み上げプラグイン,
fpkeipemgimghgbnoaccigcelimekjhb,Kept! - The Save Button for your Internet,
ndnpmogaageaponkcngimnifgoppggdh,Timezone.email,
igladeejmlgilkplcoejoodcnejhdiac,GRAB AR,
malimlglkbkgjkainkeemkhmedcbeene,Notetab - capture your thoughts,
oppdlinofckmhnjkgfjbmjgcpmephheo,Haifa University Moodle Connector,
nhaiofachoihljejdbidfdifmdbpmcbp,MAX-info,
pdojgfokpljieacopehecekakfldolmi,Amazon Smile Redirect,
iepflejobagclnhlmdgkhnfhphopojej,Saha8668.VN - Công cụ đặt hàng,
kcaagcahfknclcafhnmpenkhkchnjhhc,Hatena Block,
fpbbollnpcfogjaccdegemhcmpbeglkn,Sorted Stack,
glmjepecpbjeajhnecnjjpbnncppjdee,GXC Digital Sign,
mbokldhgijagdechaddhaplkkkihmnda,Ui Video Tools,
fdapfjencjhkgpkdopokdfcljppjpoii,Indra Jira LogWork,
jddlcajmgfdpfnekdppnapoldfhabkeg,Trello Birds-eye,
cmpbphecgagbhhociicpakhddeagjlih,AEM Front Extension,
lakifkekonihghdgjfjbdaoadfckkjap,Google Shopping List Copy To Clipboard,
flpahljjkojbfehefeghkehfophibjol,Analytics Woman,
glocgckbkeddpmcapcipljfbjfpbkkje,MI Extension,
glehhoifacnnacbocmbpgdjpmobfkgfd,Unshorten,
hhnjakkgnjgojfekbhenhoenidmmofjo,Octovan.com,
fhaeenakcbbeainjmanmdfbbclknofeb,ShowYouTubeThumbnail,
nflhamjkngakbdnihackfkjoabknmooi,Highlight Search Keywords,
hncmdohencefmegacfphphmbplacfjaj,SmartyDNS - VPN and Smart DNS,
hdncbeemmadlkelehboocphbgnpagmgk,Countdown to Christmas Day,
afchgkcegagiojbbnfinkadbjhgkbbbj,Sup NINJA bot 体験版,
adlheikjjfopibmkfcjpbgggfkclicak,yesterpage,
fgnhfnjgijopggbngjbmjoepcjidmimj,SafewayTPA,
lkgaephekdfkcpnbdfkagficadjajpdj,LaCerise - Jitsi Desktop Streamer,
nodbcjhlapenofbimeinhpojlcfaeobe,谷歌搜索大内助手,
dmhnbmflcfgnhgcbdaijlhpoecgnmbgb,Google filter by Lapshin,
kiaeoiohapfekhbdddlcmaipjkipjhnk,Eucalipto Arco Iris,
niajnmdkmjnamagghcnfddpnckcckabi,Medium日本語フォント調整,
imbllmhaembenfnclmpkclabdalghong,Binance balances in Fiat Currency,
ibelipohpfllolfekdliipleldblfimg,Dịch vụ tăng Views Youtube,
mghodhenofoddcgpogdkhooejejcpoen,Link2BugDB,
ekchappkfhfkbgekcleodkhlfcadocmj,Carmentis Wallet,
palmbjlffnlodcoeibhidnpflgeehndh,Tab Snooze,
apfgghagliglfkgbfebfaedpdcnkhofd,Easy Amaregna,
hdeikpphnbclpacdjdjjkpmbcacopnog,Talking Web,
bppfgbihmmcmdiokmoafejejgahilmom,Text Toolkit : (AIO Text Tools),
fflhdcocddlemljidhdcnakbjphnljam,upbyte.net,
aicpekjeghegigcnhhkfclafnkpgfohe,Medical Xpress - medical and health news,
holjgpedhpaonejepdoaigfmmdmebkha,Autoclick Twitch Bonus Button,
ijichdemdldlnbkilpgcfdlakdbnnodk,Ống nghe y tế chính hãng,
moppjllmnifniokaimpoklediapchnah,Bookmark Phượt 3 Miền,
kgfjnpnkadifebiaejpmgnolpbdhglaj,Trực tiếp bóng đá VTV6 - Tructiepbongda.site,
lnfgdekmfoghbhpabiecoloehfdafoim,stashable.io,
fnhigjljloiagjbmimpaokbpibfpiibf,Ruler 3000,
fjnapmokjlagcbibhioepcfijehhlbpj,Clipboard Sync Beta,
ijfagkhfkpdgcnchaelmlaieechajaek,TagME,
lgkbcnabknojommeiggfgjhjdljgdkbb,rURL,
pgfmbnoeccaheacamopmfejpbfclidhi,Watakushidekakusudake,
kcokddkpkpcdppfmdihagmapniakgdgj,LightImage,
iamafjcbkdibeiceembdmcdakbioaool,Enhancer for Udemy,
dffchaolhllnibbbkfmiokmbhkcopmfc,Udacity Playback Rate,
aehldoaeeknfbljnpnhmmedgnlfheadh,JSONEye,
kokkcakjpobjcccjgkfjdhhnlieppmje,Popsters Addon for Tiktok analysis,
nmgibjlpkmgmccjbihlfkinoenohmbcd,calories calculator,
kplmgkdgjoneeipcmnaceoghlckkepah,Distraction Blocker youtube reddit linkedin,
cpgaepnhfockgofcejphihfafgmenofb,Image-Toolbar,
pfoklfbdidhjgnjkhhblbfljabiijjhf,AutoNetflix,
nenchifcjkmfahicbjgpinmklenpfiih,Workspace Launcher,
acclkpakfhclgnilbcclfpmgcoalbcmk,Reminder,
hgocnapfpahehjogcjfchlbidfidiooc,強制1分間エクササイズ,
pcgdgdmohanaliaadnglfblncfgkaaff,OBERLO In-Processing Order Checker,
nomafcbgmkfdbodhjjiomjkkkmmnhbij,Incognito Mode,
khhjfahghejboenljmmpcfcbbljnhlmc,CM - REVIEWS,
eogdkedhgliiibnbjnfchkimnlklhfhp,Drink Water Event Popup,
iaffjkomlgjnnkmgjbiphdlackndocpe,Totul despre cumparaturi online,
aophelccflliecdocjnpkleffjelfdeg,Okazjoner.pl,
mbnelpdjfgnidbehdpapndgmmklikill,PriceToDay - Price to Working Day Converter,
ajbnlghnbhbhnmkpichpcaagjcpegckn,Shribed,
blabgegddnndfabfkcgibjomjliibapn,StreetEasy Plus,
hbambmdimfhkndanjdhfopdodgkfclhb,WorkFindy for WorkFlowy,
keooelbeblkmnhpfpfmofpkmdkgdnood,Offline Checker,
ghdjhbhfjdladdnlihldanpooolggina,Scrape Link — One-Click Lead Gen Scraper,
hpghdephdjllllmgeajhilkmkdbfmeal,View proteins with NGL viewer,
nehbkkmhfmpeiinaklahebjfhljmmkga,Search Football World,
lljekoepijafpdebkahcjdhbjaappami,gTasker Extension,
cgdodfachomfigjbokiodokigeggmddg,Amazon 中華業者 転売ヤー除去,
noeghnoecamljdddkjjcnijndkghpjpk,CBZ Maker,
mmpfnldhcpamokkfdnnkghdmflalmdfa,LePo,
bgkdjkeclbhccbbbbhchjoipekjjdbij,SYDSVENSKAN,
khpcbjppaikkkfnpgbbkjgnbponddmbe,utubehits.com,
lfkbkabamookepgfjjjmjabppeginpbp,Tech News,
hjjnaapgdoodoijiboegighddkhhabgd,Gifty-Fifty.pl,
jokdedakncfjhpgljeggkaponmhjlmdk,Notes Catalog,
bpioabnbfnbpemgoniiecmkmadaahnag,ZenTao Change,
llipknmdlnekkehfpikfikmhcgbgdphd,3D  shaking,
bnmmbhnljeiojmfnjiencnlllophjbak,_DedSec new tab,
dhafdpoeajhodjeidelbnkmjmmlhanlo,CDS OE PROXY,
gieepdnomenpomcnjmlhpjiinpniiapn,HIS L2 QTI,
hpbnbjkdemfjbhhapgclhlcooahggnbi,RingingRoom Simulator,
geefgfmfmeaohjjamffolfjfekjpcacg,PUCMM WIFI Auto Login,
jheacogkncfboflhchmmmbmmbmjfjdmn,Yahbinglify,
ehfhdfiepmimglpijcgmgclaejecmmmi,Cryptocurrency Price Alert,
leceanmnoanolhdkonbapdkplgikipon,Overtab,
nafipbnodflclbmahkhggkbnoocofaaa,Leads-in-crm 2.0.8,
hanhicecfpceikhgibimbkbjjanlkfgi,LookUp Precision,
pdjpgohimnaehjkddldennkocakohhjn,Tanoshii Dictionary Search,
blbfgjbhnifbelfbjiajlgdfbicefgen,Biomids Access Manager Extension,
llcdellnofncikmhimjdbkdjgpmcjbik,Internet-Start,
dllhciipngnohldkbodngekegcdagbkc,Do a barrel roll !,
njfihejokcdldghlncahkfgceclfmmhl,BusicMusic - Dice Roller,
jicoljffmaaajmgmafgjgnjjepglbdad,NoSpoilers - A NoSleep Extension,
bgncpgkglblopefkfibgdmobhjgcohai,Alexclick,
nfkhcifggipidklnpegkmgiopiacdljk,1&1 Go!,
pcddjjfchpkhjkgpldamfjojepmkghaa,Brand New Search,
jnnfgdpljkdebldkndhkeooejakfjcme,NYPL Digital Collections Tab,
mbhkbihkcpfgfjjgbocbhjdipfdgacdl,IM Leads Generator,
jgflbfheddfidgogfbpcacnamohcedgl,NoRuleSearcher,
ojkcdipcgfaekbeaelaapakgnjflfglf,Check My Links,
fbpcgiohpbnnalmkpolmlddhabdjjlpg,Learn more Words,
ncdkpefkincbindoojieajcilimcjaae,Meet view all,
oepcbomikanldmhhldjcbknfdohmgeng,Wikipedia Copy,
dleemkiajnjpodhooididdnocobdkooe,Reddit Stream,
hfkdhcgcelknmcccnmhbkpnjffimifag,Chengyu,
macmdnlopncdoehmjhfenfblflnohoen,Removal of Net Neutrality Simulator,
dphbpablanjpemclfifdaemnkpghfabj,Logg,
ehlmnfeohfahemdjnakciaheggkojchf,smarterPod: Simple and Smart Podcast Player,
eoiobfgaecommdnlkliagplphbbanmbb,option chain Sensi,
jhbllpeafdgnhdcfhdpfhldbafihaofh,Cryptoblade Winrate & Rewards,
pflpmlgffcjdbofbfdfanmjkbliadpno,Trump2Racist,
klafihchcpkpbhbmoipjhmgoomhmcjnn,"Magic Text - зачеркнуть, подчеркнуть текст",
dpadaelgpnkkgkkjepdnibeehagbahmf,EarMuffs,
dlbdmahiaadnbkihdklfkbdeoekfiefp,PC Protect Password Vault Assistant,
legblphlamlgfdbpmfofgjhdhecjkjko,Praca Magisterska,
jflkhbjjhncpogfmijkcflffmmfpdmhe,Flickr Exif Learnr,
illlbpaamkliemcheldfbgpjbjgmmgbn,Ferret Voice,
jolldmdafoaiagcliefnbaibnplhpbji,SAVE YOUR VSTS,
mhlbkeicaganfnmiceinkfcemhoihbea,Pinterest画像ダウンローダー,
hgniihpjiioldkafogebpkbaiflmpimb,Aniwatch Plus,
gfdoeoolghblammkopcnfdheakpemfcd,MSF.gg extensions,
oklcdpganbofeojpghdlbnlkhoopdmif,FB AD Profit Rechner,
eclkpaefihiedklkcgohdfmgoldgdgne,Toasty! Screenshot,
macipcdieancpbpglahapdhleajkpbim,sharedelink,
amkibnhgmpodfblhiiflnlnehebjibja,calculator simple and easy,
agogbphladgmcphhlkoednjllhlmjjmp,SoruCVP.net: Chrome Eklentisi - Kısayol,
fndkolbibkpphjiicambmnmfhgadfnoj,MABW Bettor Status - Chrome,
pcfllbjkbagcdmhokalelnfeimemabpl,ADVANTSHOP CRM + VK,
cjehphfmgjdhbhgbkgiacladapimabcb,Sprint,
djibdabhbdjgfipekjefbhijjjeagela,Slack Sticker,
lgnkfodppadkcieeejdoamoflimlocnl,Tumblr Posts Fix,
cpmaennmoijiboghaekpledlgbojhdml,Cloud Gaming Lister,
jilnghbagneicadihlfchebladkpfggi,Teklif Portali Bildirimler,
cokknnkbhfpgmaholfojjapjihgemjcb,SuiteTab,
hekjmkkbieagkbjfocpnegfpemdanhll,Train Enquiry Number,
fflbefjanbkodnaakflihokjlhbfcnnd,Gift Card Wiki,
eeggpjmdmanllejggbfncjdflpfpfojc,Merrie,
gmgpkfaklkchpfbihfligkdgigjicgbc,Simple To Do List,
becngjhkfeeldhnjgbgndeedogbnaejg,Webcam Preview,
kolnkomimpccnokijomddpefojoiieon,eToro Delta,
gomjkecoiaipbpnkelfoinmppnmpiplj,NoAdBox,
imcjibojeokeogfofjgaajlobobagbeg,Twitch Live,
dpofmaldghpbcibcjkndelgoijfamonb,Tippr,
mlcfcepfmnjphcdkfbfgokkjodlkmemo,Site Bleacher,
egihopfihghnngaaffbmfoggfmdbedfc,Stashnetic,
fdifnkjkobihiiogmkcfmlffdjbipfpn,Speak,
kepnpjhambipllfmgmbapncekcmabkol,Screensharing for Nextcloud Video calls app,
njmmghghjmjkkbofjlpfmknbopiemnff,TagProReplaysSound,
gkdlnjiadpdaoiccljjnkbmmcinfbjgm,Motherpipe für Chrome (DE),
pclbjeoeibdpdejeicjhjbbdomdcfmhl,MicroGram,
cpdonkkcpjkiekfeocakffgniijgnoeg,Sendtell Screen Capture Beta,
jlaehefbobfohjgiokhdkljoigedhflg,Einstein,
paepkgkmnabldepmicmooddlooebhnnd,Tab Me Up,
clicnfghdcbhpbphdloemifffomcbgkc,Last Renaissance,
plbgnbhfnefkeofmgoccfgfjmjakhfhf,ChampResumes,
jfiicemmkondhllomamcghhedjhnkefb,Cloudy,
hhmajaledekjceflbeefflgohgimahec,Shortcuts,
pjcdfaeckainemmmciknamgdmjpcjonp,Investing Plus,
cljgeamakelbidoianknbfedaejiocgi,TAOBAOEXPRESS Order Tool,
anpeoinhjjligmgoiepbnigjhmijblff,Rax Developer Tools,
fabmadpdgejialggddneekbjbkdaclnf,UnProxy,
flbaobpeildpkibhejhbapoleckbjkih,Netflix IMDb Ratings,
ndmepebajnlijbkcdeoabijhokgfnhgb,Know your breakpoints,
eoefmbbcheodkhndmjkfjicobhiafano,Speed Typer,
nenlcnhdcoljabljjebnefnocejahmng,TrelloTabs,
kamhejdggmcbihidemnhgeggfmngkeim,Goleando Broker Tool,
ndlblpcjjoeimcmmknbgpjmcaimmamio,Runeterra Deck Cost Calculator,
pcaheadcnfjlafoloaokahdkiglinbdi,Certified Messages,
mpejgchdkdnopdakonfflegngoehabca,Blind Review,
blciobghnlpcfoidlcigdpjmbnhpfehl,Mobdro Instalar Gratis,
gnonhflkapkldnogkjpbbfeejikjaccl,Canvas PDF Window,
lnpjmfdnfmaeheajhkamnechgjfjjimp,Trademart Extinction,
kllddjfkpdcjegmpllpganmkmeahaghk,GEDA customized JIRA page,
mmbnlmknpoccijcikhakkdflnfgnmbpd,Nyan Nyan Translator,
fpibcmbocabgonkaconeihagankmjijn,Mapsだけは日本語で！ for Google Maps™,
andmkloglbglamchnakinmfdlbjnamgp,Imgur Uploader,
pfaldkpdmjifkdjanigiihdidfpkeeeo,KANADEタグチェックツール,
lpkmpmakpijibblngppoclmggmjdkoci,iFleX Тюряга Скрипт (fixed by Borzow),
fidadahkfilmdojoobcbaanlbhdjnmll,Find your sentence - Right Click,
mlgfjlaooglmgdkfciaceealijdafikm,Presenat,
popkolfnihkkdcmemlhcijdfkmodjejk,Twitter Dusk,
momhohfmlhmoccamebakmblehnpelbnc,DailyDota2 Twitch Notifier V2,
mhdfkoddkdgcfmmhljfhekpadgmniagd,jenkins jobs show in gerrit,
mplpnbpgmpelgijcanaljeoogpiblnaa,Canlı Döviz Kuru,
bmffochbhkjkfbnkmfflkofdoajemfdc,Better DeepRoute.com,
fldajflbololikdfkenehickgniedbdb,Ruby开发文档,
pfceibkogclfmpncabjobnofpkmncmfb,KEXP Stream,
ddambnedoomhemicabplkcejegdgooib,Travel Sigiriya,
lmdmoaohfpdpcodgnfmjihijpkcekcmg,Rise Broadband Official Speed Test,
ejenkocoekafkcabmnonnpploodghnkh,Yugipedia Redirect,
gjnmgjcjcfipdhiccnaceafjgokhnmlj,Meet+,
dbgbpfefnifpdkieggikljahlmmbdial,電商印單小幫手,
gfgklhagphlmpbndhjkeibnogbkmjlnb,AppWriter Cloud - MV2,
aipidjmjhhaacglblajmohflnmmfennb,The Fast and the Furious Quotes New Tab,
hecdmjnokokoeabenpndblfjphgpcajc,QuickTask,
pkpejndjbgkfnkfmiehkpbbholhakjno,Новости и погода Красноярска | Sibnovosti.ru,
kmnjpgchjnhlenhhcemajkihfeoampom,Sexy New Tab,
apdmmebfdjlefbomdafjgbfjipjocdof,Link Scraper,
dffjbgmmkjmhjfmmpbjnmpicifihbnpa,RadioCast,
hjaekiehenniaokbodhnnhhckjnpbffk,IslamQA Search Plugin,
dfdlbjlmmnjdglgdnamhpebajbhnehih,Shatd,
mfgbojcehkmcfkpolijocfiajojgpcfg,The To Don't List,
mgajjigejpadffkeaadenehfkojcipoj,Currency Converter,
ifnddpanpkmkoikcdbedhabmniikalbi,AEM WCM Mode Switcher,
khfhibcomcajcionobedaggcipcdebmi,Plus.Audio,
jjodbipdabjebcjpedpcldmbajbiafdh,United Kingdom's All Newspapers Online,
gkpkodcbihlmjkncibbbogjhmapcmegm,Paradox (Lowe's),
lgeifnbknjilcbknjfmcapmjmngfdikp,djimBA - click and paste system,
beihgkeafliiggphgemefoaadglnkkek,Dusty Link Notificator,
mffibchemnbeleefiicbipeofabkkamj,ownsheet,
aidompfihhjpgdgcklcdiobfifabnapl,LY News,
hfadffifenbmocmbalegbpbdmgkocmop,Pages Sharer on Social,
lnackbdalieickokiinnbcigkiamojed,Klimt,
enccfambeekcojeecioipggknifajfpk,YouTube Music Hotkeys Lite,
aimdccilkmhbeebbddbnakinnkgpelpi,DuckDuckQuack,
jblojdkgpamepmiammlgkkhknojnlmai,Waze - Google Maps™ link,
jpgikddpahphnfaihfagojagjcmldgof,Shippii,
dekojdlmcphlnllnjbflaeiaodmfoial,Quoetter,
gdmpnmlojbfiknifpmkmpeegfboigaed,Van másik!,
elnngfdiiddneiinllplklpadfogajck,Myanmar ZawGyi and Unicode Converter,
okbkeneldekoacalhklpiigmbakmnnoc,Iwill Screen Share Extention,
egeilhinhpigcgibjdjfjmkoajkmmdea,Alibo.vn - รับส่วนลด Taobao Pinduoduo 1688,
cnahkbicdllfanbliikliinnaabdlcpc,Sick Blur,
nkkibnncmibldhhpgekhhaonhakgnilk,Private in Public,
kekhpodmbhapaicglgjpceelmiicakdc,Ayo Education screen sharing,
kohbgdkncdbkjnnaobcndbghiaggepfa,Combat Online,
hjiplglgkcahehmeifopblgpmfiamaoj,Bag-O-Crap | Blocking the crap from history.,
gfagkcalolmjecefbofbdaemfcefipnc,Tap BPM,
omfklpajhhfnfmekhabeahleminobdig,MoneyBack.biz,
nopljeoddjfojheljmiajacbplhnjgdj,Super Snow,
hekcgkbebmbmbclcgikaocemhaeafpbf,USYD Echo360 Loader,
mfkpfijgjhpmpfmnicccpglcekdjgenh,QuickGoDownloads,
flgielhekjdmadiknednfcaaocibicdg,حواء,
gkfoljiefdglpkdinblagkakfailgpka,Chuck Norris Daily Jokes,
nkaddbdpijbcaichmdjicnjafdnnkbmc,Alchemy,
dbkeidknbomdipncehmlhppailiggmab,"DanfeOnline - Gerador de DANFE,DACTE e CC-E",
eknchdjpnlccolhadmikdojcdeankdio,HidePeopleYouMayKnow,
beejegoimbgpafoobegjmhjnehlmnbcn,FUTBIN Updater,
hpdgkdeokgdljggbajofdlcacgdolopc,Tabs of our Lives - Manage Your Tabs Now,
faphkgofbmoafnefgnhpehcnhlpnfoel,Go4Go Spoilers,
aefhohejfocmaecoacjoklkcolonifml,Arma Tente,
fioalllfnhaoeacjmdinjdjljafjljhk,smart Checker,
onmnaegclpkfdmikoclheajeonnlmoin,Cherry Bookmarks,
ibgpcomkhjmnpkecjocehiphdodcafie,Finans Taksi,
ejfgkpndiembgmnikjbdkbiiobdmcgji,Reluminate,
bpihogjojiihcoaddgjmffmnelggbknl,New Tab Market Overview,
lagnlccfkgfidfohcjblgdejnmldcflk,LIM Group Jitsi Desktop Streamer,
kikddfpeggdakbenmfjhmnjffjlaenhi,Follower IN,
joghapgfanlihjaamcgdikbfeocjphio,eToro Technical Master (v0.74),
lelfnogjdcdgannnoddmgepkajiebpdg,Duplicate Content,
pocaibfgageoojnobofhembpjjkkoden,Steam Demetricator,
iljlpblbhbalekegomdbbilibeahankm,Email Spy,
akcekfmgogpehhckhclfkpcbmaojbcpo,Identifiers.org,
dnnijefgdadibfalnpfjgieiipdekcdd,Screen Mirroring,
hfiemcjbbibdkggfinmbmfepbbmehomc,pageTrap - Convert URLs to PDFs or Images,
mpbgbnfmoodnbbimmdafcemakknpkcah,CTI Extension,
ncapgeledeiafgomdafmafggglddijmf,Remember the link,
ikjiakenkeediiafhihmipcdafkkhdno,SaveTabs - Window & Tab Manager,
pfoggmhbblejlehpecckajkfeomhaclh,Height Calculator Online,
hhjohbcndidecmihgnnjmchjkncmgfhl,Wize Online Learning,
bbfobkcnjnepellnlblcngjnpdhpakoj,Gkey,
gmgebnkbiilgkbbejibekogfoacoiido,UCAM Course Evaluation,
akldenbhecmjgihnckjohjgbiaepifnc,Supreme Practice - Manual Cop Emulator Bot,
aidbnddnbmnfnhniclancmehgbogjdln,SEO Melbourne,
iplngloelmhigjffhhfjinpmjcdlfahd,Cowin Quick Book,
gmgeefghnadlmkpbjfamblomkoknhjga,TLSA Validator,
lhcmjfihagpmejhbbhkiapppaacgneoi,SNUON Assistant,
ojhedahfbfgpmifkalonfoojjfplldka,"Do IT5, IT6 English test, EOP - HaUi",
ljjpaogbkhfbmbcamjdchjjfpcopjafm,kindleit direct,
pgaaplkccmgbkncfaeiekjlbchmmciak,Launcher for Facebook™,
ndpalcejajpcckkifhghoppkmajkkbpa,#GamerGate,
fijaenjgknobfdombbdchngpamggajpm,Tab Number,
lopcpbdikdlglpalhmiemdpmpdnlinnp,Lasso for GenAI Chatbots,
kjnmgeafmnedmgdhgbdhmjnhbgjjefkp,ASU Campus Jobs,
ionekknfljfhnpglfmpempgninafkfdk,Remo - Automatic Coupons at Checkout,
clhjbchojkbihjjjejffhohocjhjhghc,Candida Breathing App,
nfndcigcgikdeofdojhklbohbmcbebbj,Quickly Append row to Spreadsheet,
oegkbiijomgfgkdgeeiakhfocaahbgjk,Annoffolding,
enlbmbhhadlemnnkljkinmlcadblpgji,Grand Pool RDS - En Direct,
iepegcodkeibakgdgpnhjlfpngbnegan,UrlToQRCodeNow,
pacehjmodmfilemfbcahnpdcdmlocjnm,Remove Cookie Banners,
lbkjefedfkdjhbkblnbkhgmdamjdddld,AbuseIPDB IP Analyzer,
opkhinockefobhojoppmjapjcpinilpc,LearningHub Helper,
ijkgnihgjeomlifgpcodfaegifehahem,DateTime Formatter,
njmkecaoeoaepkcbcaedladadaciadbo,Rankle.me,
njeijipoihldmgnelkdhohadaigobeml,Persistent Highlighter,
iblgdmlpmokbijhiebnffnffablkkedk,ToggleTab,
jmohojakfcnifbhiioobodlacladdkhi,Vòng bi skf chính hãng giá tốt - Ngocanh.com,
janaegfjobnmghakdaggndbijcccklmg,Dark Mode for The Bore,
ilgiileefdpbebcjglofffpmjkfjfbob,Caesium Time Tracking App,
adjlkmhgnjccbagimdppnminndehkmgl,Better Jira,
mmcoakfbchcckehhnpngpbmkjbpbmlng,Npm to GitHub,
ooilajigbnoajdapojdpglknkpedmcbj,YouTube Time,
obmfjmajpmjbjpmjnlpncccjgmlpcifi,Multistre.am Opener,
ndlmhflffabhofkhngpnhgbfaodijmpb,Cyberian Paste Pro,
ljbmkjikheoaglnnifnghjbknejbmhap,VK Flex,
folffjepoklmnclkciffhfonkgfikbgf,Zalgo Chrome,
ipfidnedfockcnklpkmbcinjfpfgbbin,DokuWiki Toolbox,
ocibimehndmmakcomjibgnbhkkpcoohb,Emailexp,
kgngoolkeciaabjhfepcocjponfmigck,your page view counter,
iebgofbeheocfimhilhjgjaeocdmfnkc,Bookmarks Browser and Explorer,
gcclopehapogkhjanenagheemmnfoicb,Skiney - Theme forum Dofus,
aflnjpfedhlfommgkgbndfohbicplmdj,Safnarinn,
eipahhalldmbinmamhnnbebiffdbnebl,Github Open CI In New Tab,
holnmhdkmdnlefbmmcanbcicakfbiopi,Web Ruler,
deaoakgliicphanjfoghfdjfafkfbibj,Mandala Tapestry,
hnpkfibfpjnliookebflfogcgmihcbkc,Tasks and notes tab,
bcjgfdfoicbioodilbffeddpbhjmmjdi,SupportGeenie.Com Enable Screen Sharing,
ckdmckmiaebddohdopdefdannklnpldi,Versatile User,
jnaeepiopohikhfkklbbolonccbkalgm,Soido Add-on,
egalbnfdbdhijjcohbbdkhfdgbfpjhll,Pulse SEO Analyzer,
bjeajdaodccabjpmihclhblpjghpkopg,Factr: Fun facts in your new tab,
fhfndnjlnahfnnnocegccejjfpigiioo,Unartful Labs: Word Salad Sifter,
eabiibeimmkdbjclijmgohlklgkpdjhc,Research Bookmarks,
labnmfcoccnijgoofjgonodfklfcgiik,Paste Email,
oafbglmlgifnidelomabhmppcniohgep,QM Injector Plugin - SFDC,
cgehnhajlaeaepgkpjccjlbdfijabcfm,My Top Twenty,
bcohekienkmelpifeeifhacpllfcajif,Brexit Filthifier,
jffobnkljcmnanmcbiocmgkodmiljgag,Stacia Kennedy Chrome Extension,
hkpljocdlpkhobhhgakkeglembmhgeed,GoPeer Screen Capture,
fpoogajipcflldljhmfagmdeajppbbnn,65Buy Shopping Mate,
innijcgopkmhganfbonmpokhddnonihl,BreakTime!,
deihalhihjdilndoidoclmhmgllebkfj,SOQL Extractor and Analyzer for SalesForce,
bdihekkpnckbmgafgoedabbebpafgfci,Netfix (Netflix Ratings),
eilndgnmoogfkhldhpniccffldpppdca,Focus Up,
lcbhjioifdnchgndcfkkhdpnfmnpddem,小裂变,
cklfhmnfapocoofjpkkceaabdkimgkbf,Animalese - Animal Crossing speak,
fhpoilmaaogbhcamfgjjniiagmecfmfa,[Bromeify],
eaieadhpfjjlkgmfnkmlhppdpjkgddag,Ponddy Daily Words:A Fun Way To Learn Chinese,
ahhliekflgdfbgofmgamanngngnbaibh,Shortcut Sensei,
fhmbcbdmkpcnbbckddaolbjfpngdjaho,sch0ngesehen,
kmmpblgcaoaoapilfbhnanpeggkjhkln,Zodiac Cursor,
hmoildjcecmecojmmefoeclflnojbflj,Odigo environments linker,
lamjjbgpfmngkknajabeoncednnlgiao,Stay on Task,
comcoiiifldaaejpbgbincdkoohihbae,Gmail message ID finder,
odcdfkhchdeidaakfiikmichijpkhfki,GitHub Open Roslyn.io,
efehbdpjbbaicbiiachenanhokedaepp,UrlQrCode,
loabipjaabmcjhnopnnagllpopljabnp,Garret's PowerSchool Addon for KFHS,
ejelglkjdolclnmilieajnjmgajadnba,баллы ИТМО [de.ifmo.checker],
jacahejefocaemahjcdinkkdgogmhdbh,TexAgs User Tools,
ifmoaiideadhbgdbjcckdbfpgmfplcem,Tiktok : Unfollower !,
daeaonoikogfifhkpkiccbmjpcmafbpb,Skyward TruTime (MISD Only),
cgbblnjemflmfmmbehabohenhpfbdkcp,IPhone 5 / Galaxy S5 free lottery,
njjjlolnnicemgigahffncnddbioccpo,Tricentis Automation Extension for Chrome,
gfoaliiacaaehpnoiocilhnhbnndmiok,Access Token Extractor,
pmejgackibjplnamahijhlbbjbjmhpph,Github Toggle PR Changes,
emidljilmghcjkocjalljhamgcdmcgla,Firebase Auth in Chrome,
ncdcfknpcackdbplekehegmoecdfanpl,Maldita Ciencia,
nkkgibhbokgjpkegobhnhhbjpljomedb,Learn Assist,
hjoamojdcbpeafcljebjffidicjchboh,Bookloud,
kcngcjgomejecikkkipbfdekeeehmcdl,Under Cloud for Google Chrome,
dempagldpchkldggdmogipgmlllhgobn,Todayincity,
fbegmddnoecjokdieeglakhganieihll,Tweet Page,
imhninlefjpfolflomjlejfieigpjjfa,Whereby Log Exporter,
cfpkfjibjpmhgbkoihopadfkdelkjglh,GitHub markdown ToC,
iohdldgpelafongmobdebfpejogleppn,Unmute YouTube Video Cards,
ojmfjacfbnjmdhddbjmilajollamngih,PkiUtils,
cfdlhdpdegfkhjfgnfcdoegafgnglfpl,Phishing Proof by IPHawk,
fpkeljnlgpemeplkbiiocbdpolbbfgji,Tower.im 的非法改装 n 合 1,
ghnieianpmlebkcjbdeelojakniikkjh,Ctrl-Alt-Right,
igfnpfdojjlchehfieahcckhkigeknll,[TEST] Nimble Prospector,
gimlmglddcldbdahiiajbofppanlllbg,Timer 241,
pofkdbcaeneekbdeclapnijhapjiepfb,Integral CertHandler,
mbfblhpconbgpgmphhlonlcbnmebdeme,Image Rotate Context,
dfcmgednolpnnpnmefhkiifhlddkfapk,Linkedin to Roam,
akfpmeomihbkkbejcfefdbanhhnljbkg,Graduate Data Extension,
eblodmmcjlbmmnlolomphabooehpjfee,Kanji Inspector,
ogfjibgkfldokcpabmmddijjljcdnaai,Global Search Extension,
eegeledpanjdnnnonnompmlipmpiacem,Responsive Dialogs for VK,
ejicegndjlfahakhnhfphjdpkeckngah,MapIt,
knelbnnoffmegmopennmedlnhlkkomgi,Tribeloo chrome extension,
hnilmbjebmhjnenmhnnibjcdgibkachg,Cpoy UTF-8 Url,
cmcgopcmdcniaendplgpegcehiolanob,Online Copyright Registration,
lbenbpjiigbogcmofbmoojbkojdmojfl,YouGov Safe,
icimifdanbeeibnjegkbeeppepnljhbi,Procrastination Alert,
phkjgidaednepcinnjgofdfjmajjngji,Nobitago,
calhjniaimjphiknkbpflbacgnagpdao,RandomLemon,
bpoinaajmddigpifcllncafoienemiid,PM for Trello,
iceeoaljindflhbnhneodonaldjnlnck,PassFORT | Online Password Manager,
hfipegnjbpgdlgifpfdcfnjnhepckmbf,Britannica Insights,
ngjkhgdhjgeekapmglagecjigmlmjbja,do:t | The daily dose of inspiration,
glomjfjembcojbdggejgcdkgfiejehgh,Guard-Cross,
ldoeenjcjpiblnboiiabpjepjaggmnnj,CFCA CryptoKit.CFCAVerifySign Extension,
pcgdbdgefiadeapocfhikcindmaeohca,Chatwork Helper,
cpblpfcekoijmpgibplcpijkbmilclag,WDI HipChat Extension,
pnfibhfelcbokechjfmghnmgbchpijaj,Sorry Tennessee,
fchiidmklgpacplfdkfflpokjapncloo,Hasker UTC Clock,
enjefpkmlibebgbbgidmhpmjhcdffhfm,Save Image to Downloads,
pnkbgloafongcchmabnlmnanemkiinml,Cordchat Desktop Streamer,
hlaefobohdfmcigckkgbliiecjgmobgo,Automatc Candidate Importer,
nnoeimpjmbfeknnckkdoibjaiobdafij,ClaveiNova,
ndccpjjadppbehafiojmiknfihpmaodj,Hurry home & 下班回家,
ibmaldnilecgfffgaieglcpocgdfbllb,Meet Extension by Mitel,
lobgcbjldcompfnfkiaahnbgagkeafbd,Inventor,
jlppfghjhedncfcdidnmighflcjeeada,Audible Tabs,
ckgaafkgiajiabimkgpgkiamnolncfkg,1Stream,
kpdinddojclpdndplpblgckkfepjplie,URL Redirector,
apmkffmcfbkjpjaimkknlpdgcjnfiefk,MSOS X-Frame Buster,
kobhgndjbalfbieppfglfamlglgdfmah,Battlelog BF4 Player Count Checker,
npmgkdbcfkhcipgaefnipkdfcgjadmhg,LinguaLeo Russian Search,
gnlanakllhhldoneeennbednopiaadld,GitHub Add color to recently not updated file,
gcfcmfbcpibcjmcinnimklngkpkkcing,Always Video ᴴᴷ - Beta ( PiP Automation ),
cepfpldhbcfaklnnldhoaahgliijehap,Open Tabs,
kpgdkkdpfcgpfkooaejaogabppdmpple,Nocks Nimble,
bjfajccipdkcahfjmmfhpmcdcnoakdpl,Screen Capturing,
npefmlgcoeehbeibecekbpmjgjpimmnh,Millennials to Adults,
pdelfnlllmbfhpleodmhdnghokfkield,Twemoji for Instagram,
cicadkpdoohiebpaknjpnclckhlffami,KEYSTONE Coaching BLOG,
iepcieifochckjkodpcmfpbmfohnemkp,Immo,
mcfdmgknjdbbhpclhgdnjnnghenafpgp,Decide - Before you Buy,
jckclpeikjdlmfadngaodkideicigcmk,Koni Vocabulary,
fcghgfdfbklclhdcgpegniccdncnlmap,VenAutomate,
jbfnfkmmbgepliobopdjdcehfkiemcje,Dark dcinside,
inghifiioocgbkklhgmednbmpgdgkfek,CKDU 88.1 FM,
ldmfplldfpmdgjcijpeigdjbjdpfjndn,mdn switch,
hmbonbeafhmjcpcfeabnnodjjlhpaedl,SiouXtrack,
pgbdcgklbmnibedgahejncdklflckkcb,Calculateur de cage à rat,
aemjehgbihpagiegcggpnejhljiipobf,Smart Screen Recorder,
nacilieeoboaajpenepcenmggeheajgf,Better forum.autoua.net,
iodoiabakenodlfilaoajfpoipnnnain,APISANDBOX,
pkhllhkcehbcajnafpabiegolmcekchi,NSE Options Strategies (MoneyScreener),
obgkppbjkickjhpcgkojcljnibpkmflj,Rapid Restore,
kfbkjmofblefhdbabmjfecidcglggoaa,Chrome Mouse Gesture,
dfhmmmbdieligfjclleenpbkmokbmlni,File Download,
gcfmlannfodegabfedmiojbjgopfeiak,WA הודעות וואטסאפ למספר חדש קישור להודעה חינם,
iggiehifadfpclpfjbgineomhgaeomlf,crossfoam,
bfnkcnikhgopcghogibkidhfoafifkpd,Dịch vụ BacklinkAZ,
olmglecnddphcphjnnghefklabkmjhhk,Zaqwes Remover,
bkopkbbbikgjdajlpoclcniakgceikha,Email Analyzer,
eeiajhkklebffdoojgcailedcgpneiac,SalesPath - Staging,
pjnpalcebijghomiebbpmokmejfpjaml,closeOnUrl,
cfpeepianegmpapjhdffljllbhjfcdha,wallpool - Wallpaper for ChromeOS,
nnpcgabpcgicehmfmlimcmikialcfhii,Putify,
iojmpgpkdingnfinemcdhckjdjccehdg,Reddit Boardgames Infobot,
ogipappjeopppngodajmkffcbfbdlcnb,Hourly Pips,
cofaekpcnnamkcihhlnnnopkemnjicce,Shitter McShitterton,
pgdflgdejgmnlhdgmcbhabmdbdanaiga,Printet,
knipommgdbefafccijppfjoiokhcedgn,sitePass,
gmdhkalbljdblbogfladannflinppnji,Super Linkomanija,
giooeblinjlaboljgjhmbgolgemlpppo,MLPLounge Trixie Theme,
jaafpdamnonkkkbmoijiokclmkgibkpi,DelosUoaPlaybackSpeed,
foejegkpnomadfpnaofmhcbgmfejboge,Your MemoPad - Simply notes for Chrome,
cgjboagbomandmimalebfgnhlpepmcen,How To Set Up YouTube Ads (Checklist),
eplclajgcobhpagcgidociiiggafjbph,BARTist,
cjeenmkpfahdbhhgobcodngnjoahebpf,10bis price after discount,
lojcffoglefocnpogllpfhppjoebkofa,Now Tab,
ihkhbfefhibmkngdcclamikcbpeepfgf,whatsapp link,
eghodkdkklhjmfmgijbeoheippidphja,Bacon Ipsum Filler,
aiebdchpcnnlkbdccjdhjoodkpiedpdp,Trello Filter Mine,
ejafobmeidgnfhhdofbgdodbbahegobc,Mass Ping,
kjicapmffnbcaookmdffegfoojoccfej,Ask-AI Deprecated,
kcnjfeppclpdinikcljfjigoongebpkh,WaitBlock,
imgpklbhnnodibajljmeabemcdhhjddf,agent-tool-bar,
nodgmoeheljbcahbheejmjmkafmgedhn,ARCACLAVIS Ways Web Extension,
ndmcnigjigcnglbmgiahcdcbgimlfnbo,"Because, Taco",
jljhicbdjdmlkfllfabjigbaedlphhcn,GreenTerp Extension,
goeeolknplhjegbfefjgeekeobpehekf,Skater,
eoabcbdnmkfjhjlelibgbojolfomehan,Haptik COD,
ngjdmmdgiehhjidefanipbeoeobdjkkj,Pronto Screen Sharing,
kgdofgjeidgppjkamhldifcjdmbcpipi,World Clocks New Tab,
mghlpehggoiecmpcdadkdbeofcheghcc,Codext,
elhnjaemjjaaabmihkffapbfnhhgpngi,rePorpoised Flipper,
giojjefcklnloleflpgbbepmdfonomaf,Beautify-me,
dpgajohhkiemclnadfagfbhcdpcinjdk,Rapidomatic,
gjfdmgobhbkkpjaabdkjmdlpmjabmide,QrThis,
dikpenocomjknagfbfkonjfapmlkiedj,Picpic,
loidfdfogdolkcbjcjfloehkfikifnnn,covfefe,
cdmkfggcepnalcgcmkejlenoahngfnal,Proji Dijital Pazarlama Ajansı,
leljgoliocpdnnmjnpnajeiinlapifde,Steam inline listings,
gaohpdolanckbjbpcfiilikopbjfbkho,github-activity-filter,
amecdgjendemfplkokhllpbmmlpddoaf,ZIG Scroll Bar (Green Wider Version),
cdmpmfcgepijfiaaojbahpmpjfkgdgja,Transmitter for Transmission,
oagmafjnibbdcpejjpjobfhnpiipknck,ChatCat,
hdfpaoilmgadohecoopgobegjbljndfa,Mailswipe,
fffhmhcillaopdbhllfffhfhbcnkioco,AllTabs,
kmlanmcianeoifblholdcojeomddihii,Amazon To Backpack,
kldbgfbmlgoobcahdjlahmpbfcepglof,Smart Scroll Polissa,
cakgpagboibckijdpobichompgagpmnl,PriceTaco,
eeoccjmekoaiddjmilgcbfcclhopompm,KinaszKit,
ifpciodbicpaeoajfbfkibnjonikhlai,Smart Link,
banjooknkfddfmhhndbheeajkfeaigaa,Convert LinkedIn Profile to Printable,
ahieappfkblneagblagpodhjmnhcbfdn,广告屏蔽+页面元素隐藏助手,
hcfahcbjaolpfghelfanfepghajfbkdg,Pomodoro Timer,
jgcegcgnjjdcgkgnoknlgmeppkolnpnn,Google Search Console SEO Enhancer,
cldokjdnmhmnghopnjhgdpojjngcclbl,Aayley Live,
bkcbikdhmjhempddeffocedjfgpjjomc,CSV Converter,
kmjcnbdahgjagapjigblfpkggohhceka,Bitbucket Patch Download,
kcfamdkflfbojlhmbdoejbfgombiblil,TheEBTeam Notifier,
kkcpmelohcenemcomfjaoilhmlellald,Roam Backlinks,
bkinjmolhgkcakfgfoikkkobonkjddke,Wordfinder.tips,
ajafloldbkdcemphhlfjlcpdocdfpmei,Tab Russian Roulette,
leafmfbkokcceoiagejllolppihmkaec,"마트모어 - 이마트, 홈플러스, 롯데마트 가격 추적기",
bdhpdbnheikejcahjiafmkadgnemikdo,Amazon Search Link,
afgjgigbgcncilinpbbgpbnficpkmjop,Naruto 2021 Wallpapers and New Tab,
nlbbfgbmmcpenmfigioafabgagacoake,Teambition Enhancer,
hglclaglpeemoiijobneldegpnfkhohm,Báo giá chứng khoán,
oimablecbeeidagmalicemiaofegncbp,code paste,
dlolgdaphlnaockefljhaajpbgabmcjm,Goodreads auxílios,
nglopbedkicmfjkoedigkhblfplocmbl,JS PlayScript,
ebfhfdmncghemmnbecpblnbfejfpclcf,My notifications,
cakggfgcjpldigcjmapcgkmekjkdklnc,Eurobeat is fantastic,
lgpobakgobhddemfmegonaieifojaajp,Office Rooms,
hiododaamemkeahlimkjcdnlckbjidga,Github: Blame Them All,
bfaljebllekeebnpajhkoambfhflhjfk,Deflame,
mpcfhjajgjpenljhimjaeablmiapekjd,SOLAR,
ebnlpahabbpbkpfcfdkcegkippoboocp,Nay!,
djlmnieahfnepmnamchpldbdnfdfdfgc,Russian Author Quotes,
jplpfoopdddolelanmhkhliampbpomog,Kelordur,
npombpbdhadnjdkffjfboamoamfgnoac,Weird characters.,
jpjkaekegnficmcdgicgdbnpnjiaeldi,Document and Image Converter Toolbox,
dfbahifidpmengpoiilbpdckiphbcegl,ICU Requestin',
blmhknfhlomoghpidfaikjobkpldhkcc,Auto Refresh,
jobjpeeepghfnmbijogojhmgnggjhcin,Oliver Korpilla ( GewerbeAnmeldung.com ),
jfdkcfkcilnboiknegehnhoihikcgpfm,Statut de la chaîne Twitch de Kitisias,
nhdbjkkagiifngkplndgijiofkgeobkb,得力数据助手,
cichkeehdccmnagmbeboahficmmcpnjn,Replace CSS URL,
pjmkdadbnngibmiemaoilpbpglgfpoof,TLIY - LinkSaver,
abadcojegfgglajifpanpaccmmiefoid,vPass,
lmidnaapihgahadpbpciekmocdhpbbcm,YAMAP活動記録バックアップ,
dbhmafmepmnifiofgpcekhbcnijammpc,show-upvotes,
hokbmjgeoljkhhacflhecmnhhejdkaap,Popular on Netflix,
mmhgglciecmmcekdmjnlmdobnephpbdf,Automatic Dark Theme For Youtube™,
mnhloedmkpojjbjgpicjknlfcbpipgol,PCS-zen,
dlkihdobijikobpmhgeghgmpjmjbifcf,Portable Bodhi Tree,
ohgkcbbllhdfdoohgmpkgdddifcofopc,Hide read donates for DonationAlerts,
gbmlmheknojbpmagkgfcjlalpmeiflko,Contribute Cloud Cast,
fkfobnpmnhdlgfmdfiipjgfdhenlbhpo,Columba,
gmjmppoploolicfodlbmephpiplppmmg,Tab Purifier Lite,
chadkhhmielfefgnfmgaaehcaejhdabi,Search Utils,
kfegaajjmiaiajkgoifbmhieibnkolhf,Shopify to Aliexpress Fast Orders,
cmfcdkambpljcndgdmaccaagladfnepa,Gif Delayer,
olmkpmgmodifgapdnkmmjaigmmldhdhc,VS Code Cheatsheet,
hjfbbljeokclbapmanfbcgcpdcpdaifc,PRE-PROD G Suite Arkea,
lmdbhgdffomebcajgjfhpolkgangklkg,TabTidy,
iiliknkabfelbmgbgcihfnhokakghbfi,Vimmers follow status,
lkmlhcgmkdoljddcbbmchekijkfllmfk,Issue Tracker Dev Tools,
aacmadajiomocfofkfpfjdcbbgdlonkc,SenecaAnswer,
bbebbhmelpcfmijoanocdliephmoahln,Think Exam,
hbdfiiclfngbkmkfgjoghadfhhgbcldf,Latest,
bfokhcfnpfkhdladeojjaligmilpacob,Fontiran,
liiihcjlcbfkflfeemfolfoaifpkmfmf,Zammad timer reporting tool,
ephggokhejhnhpmhpmamjoebajjpcnmm,Additional HTTP headers,
ghfpmijhgnnenjapanmngiohgnpfpakf,BJPrint,
ipdjcdgloeflhmclicjoknpohlbignhg,WebCoreVital-HeatMap,
nlpeojfjmliooebmcnjhckdhaakbaggf,KSA Fast Shops,
pgkiebdipbcgcpdeiegagingndijhdal,1Click blockchain currncies Balance,
hahdphefbledonapfcpdjjabcdgmnkff,Barakhadi.Online [Marathi + Hindi + Gujarati],
cgekgnbelcgogfjcclgfiifbiibcmpgi,Unstatism,
lkaihdpfpifdlgoapbfocpmekbokmcfd,"AutoControl: Keyboard shortcuts, Mouse gestures",
ialheeckhdgldeahjcagmkjbdedpfhcg,Lemon Learning Editor 2,
ijennmbnpfcchnmhmmnoidafgaepdfkp,Tabs 2 Text,
bifnedfngfoboonojaffnkocljefgokc,iRacers online (iRacing),
jpbionkbfklnabgmkhbdcmlopkimmpoi,Clock Badge,
jgmmhndnlacimnjmgplphnokhnlbhnmd,Bookmark Keyword,
dlipdffgmdlelcagomicaolmhonhnblj,Bela Automation,
ciojlgkdnpcgplilbjmfgfkfecakbpgk,NoScroll,
eohmobclladgdokojdegkdfdcphlbgdd,WSBot Stopper,
ljaphbchlaeibfcnabgfcanjmghcplip,Weitsicht,
aimjomokjdddlnemlmbfgjdnjlllohol,快邮通,
jdligghbgnfinbopoimmeffnanebllie,FragomenRedirector,
hfkheekboooabofpgmomjebejfmlkdal,Renamenath,
lcggmkngmpmkpjmdajnfecdnelmnnpah,Facebook Redirector,
pngmojdknjabdmgngjpehcjnmhlohjhd,FUT Calculator,
eckkmemfdkbdcopefllbfheimcbhnapd,Github Repos,
hfjdohkbhgeaifgmmhoenpofjcagfkpi,Pomodoro Counter - Count your daily pomodoros,
afhljoikdejhfdhfffaemffkdjhlolkb,Jitsi Meetings,
dbnilnmohcdilfmocogmgolbbmahofel,Any.do New Tab,
ligdapclcokkckkeecondiaklckgglhn,Cherwell Drodowns,
leojoakcmcfpoaojibhkepbglljbjjjp,Top Shot Helper,
fbfomemofnpjpehfekpiaipfmpcelkkp,Nows to Meows,
honcehejjgdoekonnlgfffppgmmbfekk,SPACE,
pdkcflgphmdmilehdcegmjnpoldgmadm,Ofidy Shopping Browser Extension,
mdkamdbpmpagfajmdbdhfiipmaiobkpk,Fello,
gaceediocikjkndgppcfihbfjledplda,G+ auto reload,
ojpmgjhofceebfifeajnjojpokebkkji,Gulp Devtools,
mefffpccbmcldcbaapcifgpkcobaefpm,WA Customizer Plus,
hbnjcjicdodldbfjcplllfdimjoocjmk,yourSpace,
binbcncloagbmidhllbdplcbnjmacdgc,Learn.co Buddy,
ageppcakgcojogdjhdnabcmlaodkbggb,Takedwn,
jgghhonicjikbioneblcjhoghndmmcba,Replace Text,
ibklfmkdcaocoihmpjampgleiaahldpp,Powerschool Grades,
jfaffmmgpchfnghgbengkgnonbndkdpg,clickHere,
imgcmmgmbpdckkndeoojaoojidedlhhe,Din Arcada Mamma,
nmkhmoelmjodcdpnfflfnndnfpakncdf,הרכבת הבאה,
nphkkkbjmlknhhafhelmfnimkngfijcf,Guild 1Stop,
loggcajcfkpdeoaeihclldihfefijjam,Green Turtle RDFa,
aikmhmnmlebhcjjdbjilohbpfljioeak,RaspberryCast,
lkkkfbmanabankjdgniagginjhfedcfn,Kevin Williamson,
geabaefapmjcgimhhifhlelnkmcfegci,Lastwolfplays,
efmkodhojilpinbapdnoeikgabdclhfg,Cointrack,
kgjpogigdljpkpodedmcibefgokdpjbd,Bitbucket issues prettify,
mjhjmlmabiniamdimdbalnfeoodcogfl,Tatrrace,
ddhjicgpagclnphmhbmbblnnkflpjkin,Monkey Tab,
akikhgecfhfbdmiccfbgdmcjjbaiohbi,YouTube Live Chat Enhancement,
bajnnekiodbnlfgdhihedondcdpfcppo,ezOptima Chrome Extension v4,
faloaaibkepbbcfcnofjpjppadnfeleg,Rupert MurBlock,
oghimonmponpchmplmnohfnlkfkhegmk,Кэшбэк для Алиэкспресс и иных - Zozi.ru,
ofknnmbnpjlfaanemppikdlijkmkameb,Pet Parent Life Dog Training,
pkabofkemjjmcdhflkkonobhblcfpaek,BIGO Pixel Helper,
hhdfadlgplkpapjfehnjhcebebgmibcb,CanJS DevTools,
djmfklahpcmoleknenpemcgdbhllklij,Recruiterbolt For Salesforce — Beta,
acdgpcfalddclncfdfkcahghpjfcmnak,CHIẾT KHẤU,
pnfgoefplafmjghdnlfbcjbahdahkdgd,Vスキ,
kdmnhmfhnkcnffnhlnkhddoefkocekkf,swork-extension,
naeeohopejehgjckpkmbdojogdipklbj,FilterBypass,
mhbcpbdapglmecjmjbdfpelifeoonbpd,Easy Crypto Trade Automation | Whaletail,
ccibncaomkijadkdjionfgeaedoenafl,Bật Lửa Cảm Ứng Vân Tay,
magbfemcfckboifcggcbnmljdofaeiil,XTag Selector: Visual selection for trackers,
bpolfaeiloeijemmjpcjjpigpiceiapl,DialExcel,
bfjfaokgdgmbgiibgdcbhgciafjgfjkb,Colors,
pecdaanbiabafoglifakjdegdijbplfh,Alitoolkit - Aliexpress.com Product Importer,
lbglfdbnmnjiibppmpecgohnknlnihbm,PredictiveLink,
hgbibhlipjlipaehjflbeaihojllpamj,Save Point,
moklelmgfnoiljdjeajjjnjgahhnemnh,Netflix Filter,
gcbffedndffjfomopdahjbaekcepimja,鱼刺,
peilgijmhiocdmdeglhiljipigamfbjh,EmailDrop - Extract Emails in 1 second,
imnhamoclckhcjpploklgladhnbolgcf,JSON Formatter JS - HN,
iadidpgnefmaaaonpjgeacecglkncmmc,Linkedin Chrome Extension,
odmcpnggdfdafcklbgjjlaehgojiolde,MyHabits,
eikokllblemkgddljooeiegaogoboiod,Mystic Messenger [EMAIL GUIDE],
ghlacfddpeaehigcikklneiclfblgjmk,Tabdo,
llbiogiaiclnplhceppghokifoepejfl,Dịch vụ backlink BacklinkAZ,
jieggnglabfikcmgfdkmbndojpfgglne,Search by Meaning,
cbmhjlfmbhihimmlofbgkplnhgbgiipn,Pipe Screen Capture,
ihadpecfbccmcbpdlinbcmflaiddfion,Google Meet Matrix Rain,
ooaoapplhmokngdidalpegmjmkdbdgjf,SavePosty,
jgfdkpfnepoinddnojaiefnookhjdhdg,Performance Observer Extension,
icpgpoiikflpniipkfjfnjgajbggmhma,Better YouTube on Small Screens,
bpbalpgdnkieljogofnfjmgcnjcaiheg,Meteor MiniMongo Explorer,
jenllplbncahmaikpkppcikmfadialdk,Tab Label,
hajiemkhmpidjallgmdkfabogjdibpfa,Anti Frequency Nullifier,
bicpefioihdlhhhfgjajcebodhhkkach,Today's Quote,
pdldjapecechflnpdgpeiklnbigamggl,Brisk Boost,
agkckhaodkgacbeiioikncgibfomoimi,Secure Web World,
nlgkimcegcpjbihecjbbohmmfnohapfg,Millennials are people too,
ieoednnknalmcifojimjpbamnmdpniio,Objective-C Apple Documentation,
ojmckliekdpjjkpalggmmdcfmpocmgbe,Event Code Builder (by OM),
jnfhbbkoimbokjhnpbcjafhlobcmckem,Elevator.js,
djemelcnkepihdnbcjejkcfidmeclbeb,G-EASY,
hkbgnljbklddbfmkmeaoolmdflbbofmi,Breakpoint Sharer,
ldghbkpojoachhbjigmapkkllklnlpld,Word Finder,
oaihfnoiihagifdgcdagfkecnafncefh,Crowd Cookie Extractor,
lgdnbbdjbnideafkhpplilmgoclpbpca,Rouming.cz improve UI,
ehlpbiljoppfbljcgkmjgenaolnlkccp,AutoFocus Pro,
ealjoeebhfijfimofmecjcjcigmadcai,Discord Token Login,
ganpmkhmfjeppnmcanikljnjljpccfdm,My New Tab,
mjnojfphbdbgcnndaknnllmkpgaampkc,Forget Me Now,
pabcpkphcbamcdeobmfjkgjmogjdbgjn,Jigsaw Mockups,
pnkafpodkpnigbkdmplabdcdmfagpibk,How to Work on the Internet,
nkimffhpgcdokjcjnffnpdajfbapllpk,MOPs PROs Toolbox,
fpmnbmbilpfddalbfkjpfaefdipiocbi,v1r's Custom Scrollbar,
bpcnhgmiogaomdpjdjndcbmijpilombg,Volume Helper,
jfkpaggmaipapoabojpgempkickgljad,Add manga button,
aiedfpknnolnpdlecijpjlgglkmkfbko,Apothicon Translator,
hoeniljpppfenpolkhbjcnhankinghgi,Chefalarm!!!,
biopmbdheeooknfhjadabccmhhcdpiec,WomanVation,
mfbnjcfflkhefklaghlmpjlkgbegnbod,Meet Auto Admit,
fhlfbpifkkfkaheaohlkbldbbfpofphp,OrderCanceller,
djfpbemmcokhlllnafdmomgecdlicfhj,click2speech,
ilgalnmhbhnbnlhlnaebdnjkobmkdelj,Pabu's Press,
ipeengognjcgfhjmbidhcanagdffofhj,Free Twitter Marketing Tips,
djamiamgnjcpjhkknjddilkaibbhmhgc,EthicsNet,
aomhngakklnijmbfboppjgmfpibogbga,Codecademy SCT Viewer,
aohohljhdaoocopkonnibfchooglcjmj,Cumulus Web Beta,
poeflkglgappmjephddifeacfcakcgfp,Full Moon Restaurant,
eooobibhgbpjalcenmenlckhjbmlfigp,UXTesting,
panlonepkimbkecmkpmjafolpbjplibj,nonhk,
meehjdnjjpdjnlgjliagmagmlalnibjl,ExpressShare Button,
bpllocjpeadahfbhkemllckplmhfdhhb,荷包小幫手,
egdpkgklhlhmckklngifpnjfcmgahpnk,Stash PR Helper,
hmaldlpfgpmhhljpiihjidjgemodjogi,Penguins,
kgpoealmkmflbdbndldacljkgobdlknp,Gradcafe Auto Checker,
igopmeppmijehcoikklecabcdflhopgh,New Tab Google Translator,
bdangfloigjkflpipcbfngfdmagfghai,View Furaffinity Text Submissions In Browser,
oegifjmgljecjkpjjpdapnmpjioodadp,Fantabtic - New Tab,
bohjncaffmheapjgfgdjejjmcgoaalpo,PeerTime Screensharing Tool,
lhkgkicabppnpjfbbfbiliadliocpjje,random-qiita-article,
pagnpeldlihbccalamofecmmcejfimlm,See Tow Form Filler,
bhmicilclplefnflapjmnngmkkkkpfad,Gliffy Diagrams,
fgfmepmmboldiehdelelkandmkaiplpf,好！,
igidfbjakkimidkpepjhemkiidaacedd,Mist-game - расширения,
emahnocpdldndgflnapbmmcclpghonbb,臺灣港務公司臺北港-工程標案管理系統輔助,
blchhkbbijehipelagipdngfhiolahko,Attributes Replacer,
bkoeglnnidiebhahjmlodfakgfnhekmm,Logophile,
eghmnmhmhdbomicbppnpjacofbomkoel,JstVerify - WebTest Config Generator,
hmgjphkhdnhklnmfffmmicgcpmmggion,Formal Measures,
aeigdcdidjpkdjepjllbnbgbielnepfg,皮皮实验室,
gjjhdmhepdioboienikcmliehiidaldb,EasyConvert,
cdjnmaghaohllcneanebfmbgnhmohabf,TabShepherd,
kekheeglmkohncfpnengnmplcpgachai,Pomodoro Timer,
fpogikiippbibkaaadonmacliopjoaok,URL Redirect,
dlpfamleaodfgmfnggonbfljhjggbdbe,K7 Webprotection,
cdmmjdegebepfegldinlegbkmgdnocoe,Incognito click shorcut,
aablgilgiligfphhiboookbdipjaiiag,GitHub Checker,
eimgjimelnlofehemeimmpagkdeodmib,Live Data,
iifblnpbaahoopnoefdbahfgpibfffae,Disstream Online,
daeohababjfejibmakahfcffpjdhhanc,多瑙影院去广告 Dnvod Ad Remover,
dhilagpojppnemdepdbmohjjeognhicg,Get Clip,
ogpopnbejkodenopnihpahafkggdbcnk,Pokemon Showdown Team Sharing,
ccbaciopikekdjokoagjjefnfjlkoefk,Monash University Codeforces Tool,
hledmlpbeiablkglomlminfemnepgjlp,Pinyin Reader,
aeamjednkhbchaaohngknnemibjmddfd,HarajPanda,
pkihbahhbihfoebgdfkibnblbhjfgefc,Free Best VPN PC-Chrome-Unlimited Proxy Guide,
cbpdpknmgmmdahedbjndogpfgpolidif,Quick Audit,
obaednfbipenlilejfliekcaenjjidge,VOILA Link Converter,
mkfgddohnhmamhidbklpobhmaiemkeac,Zen seasonvar.ru,
onoibhfgaknmkfikoffmhdpbpfiknbam,PipeCalc. Трубный калькулятор,
pmcofmoongmalncliajiedohhpgdcodp,Genconnator,
pajefmllpniklijmdenljfbibeiajnnd,Nhà thuốc Online - trungtamthuoc,
flndfbcgdggjifijidpmepkgilcmhlng,Enhanced Highlighting for Twitch,
gafgianhnfhfjgklohiefomdficbnepc,Vault for Chrome - Leap Motion Integration,
ppihgincnjlcneflieegkhegfjjgbfej,VocaForMe,
bahdodildhegeleheheiogekdbggnedk,Auction Watch List,
hgnpnninmcjjnigajajkajhocoegfckk,SFMC Transactional API GUI,
kablbkmaahokokniapmgopldeellfcpd,Backpackers Trip,
hlbdnbkgdlkjaompnlgfhphdjhngijfm,http://247taobao.com/,
higlegnlppjcblfdcdeoggfhjhlkbmkb,Asset Store Links,
ndgkajmambbiknophepokfnnangenaab,LiveForum,
naphjpgakccjpmdcopfbbaclbnamofcc,Hide Political Facebook Posts (Hebrew),
nokpignoifionpadnkcjemigebbfeden,miki,
nbaiplfjabpgpadfkebmcfnhdhaaihoa,Ogame Defense Queue,
ieciaakbiogiindhfcpkhlcbokihohaj,Surf Security 200,
dpbgiddoaknbmedfaonbnoldkdgaacmn,Telemed Screen-sharing extension,
hpndgjogggnfjjggepfcaljeoifmjkhe,History Lesson.,
bokcdibagjbdcgmffolegbabmakajphe,RoA Stream Browser,
mlehpbcjnlpkhffipmccjckiphflgcej,Plug 'n Chug,
mhfkipjbjoggoibcnilbbhdmojekjico,Dropship N Paste,
pbpfkabjjkbnenfmpcnkpfiabplihndp,Infinite Scroll Blocker,
ndkbcljkfigafchkgjacamkkomjmdkpe,Trump Replace,
malfbchbmmlhkjjbepjodfkmnbngckoi,YouTube Tweak - Boost Your YouTube Experience,
ladoannjbdnikmpnicbfmclepnamdmcm,Autonomous Angries,
ljnpkkdpjldjbaijkclhafiihonlkinm,AEM View as Published Shortcut,
ngcdipomlocjmhfdiddadkpjenaaoopf,Auto Ad Skip,
lfaeiohecaphkhcmajjmgaldaloimkkl,MM - PNTR - POPS,
mpfgoobcbfckmcjefnmmgolcgdgigdma,HLP-NewTabMod,
demppioeofcekpjcnlkmdjbabifjnokj,Markdown New Tab,
jhkihmmhcfpiaflhlcdaanjegmeokjeo,HTML scraper,
ljdanpfpkjjnonglglheablpamhgloma,LoveWins,
neahgdkklbjeknmflgaalblilcpemnbn,What did you say?,
hkljhfgiofjjfmckifnceipegancihoa,MongolianClusterfuck,
iacoifmgngnkjphlhpencjhenbngoheg,Smart Searching Tab,
dlkggljhmklpnjfmndeheiccbckoclag,MidwayConnect Recording Extension,
kmjchogfpoahgbidpfgfnekklemjgcpo,Nicknames for Trump,
klodfdmeoiicjmmdgkgagabnilbhnepa,Comptavoo extension,
dakalomkmhaghabajlglaocoecfdnamm,One Shop Extension (Beta),
gfpbkobnljcamnblmajkbpfoafkkobij,页面二维码,
ojolaifaiohcbjmpmiaflinfimnfeakl,Google Events [ANTP],
oilglcpmnfogienpjdblnggpoaanllci,Selene Actimel - Twitch,
okfefjfpfpglahoabicpkddllnielhkj,BTS Random Lyrics,
lbmpedpligahgbjbhfcebblghehkonkj,Cronômetro e Notificações ᴳᵒᵒᵍˡᵉ ᴹᵉᵉᵗ,
ekbjpmbokamgafmdemdjnbhkehmdbkbf,Infor-Apty Client,
milnnncffhlfapndfglcbbgbmejhhbji,Z_Trahm,
ccfdipkacmkaghoikblhbkmlanhepagc,Transum,
ggonllaomlopoinanbapoaamhomlflao,Coursera Playback Speed,
odcbghnbfkjpmdibfpckmaalgemllnca,GC Linkbot,
nljeockamnjfpihpcmfdgknpfhiceoep,Packagingle Bells,
phbpigdhlpoafflidhmbefdekpapakjd,News-Bot,
jpnnfbfhbaennjipkljoohmknmpmglcd,Search Safer,
bnhmbcbdkdboeblhkkkbpjmfobiohimb,Kitten Placer,
malobiheadbehlnmolbajnjaiedjekdk,Booking Real,
jimkjhodbbijcdfncjdiefalhfnnpcgn,eco1,
jlcfmpcogghopiobecfjjocabjppmbfj,QlockTwo Chrome Extension,
idihngmfkbcpglaihodahdapnaacggeh,Bandcamp History,
cbcbneadkpnbbgjnnoohhifcldhhelje,Lampoon It,
jghllmjecnlgfekdbfckljaebagmbahh,WorkshopX,
cabjdnbkkhahjifkjgkjdgfocmalbgik,Comment Protector,
egfhbnhipddilloojfjppooglcnghoha,black hole -> all-consuming elder thing,
lehnmibfjbbbpmfableamfaoieocghgn,谷歌搜索助手,
bahffpbndblnlnckncfelpbglaajhheo,Ten Letter Word Finder,
fbajfoofelnepdephbmffkbemhiocaoe,Snail Wave,
ahkekmkphijfichfheaolighelfmifaj,Finder: Find email addresses from any website,
iiplcgnhfinpdbjpiokbljebejhmgjgf,Chatterbox Screen Capture for DEMO,
nhfoelijkemiamcojheajehijpnndbel,Show All IP,
egkgleinehaapbpijnlpbllfeejjpceb,艦これウィジェット (BETA),
acfnffcajlhbanaaaompjnojnmacefck,PGP for WhatsApp,
ppnbojkhbkmkhpkanjlmfdoejfemophn,Friends-Eliminator,
oanebiaiakkpfipgnkpmcpkjfnclbgfi,East Control,
kiihecbifidfeojniocbomlenpiagcgl,ヤフオクリーナー,
ibonhcfjofebjemepbpfofgjmmfainim,Blocker,
kpkgbcfhfajhfgeodinlkmfddfohgapd,URL to Tab,
dceabgpbnaimhibdgjdhgbabiocgimhb,Kitty Helper,
kpapekbedehhbojdcjklkjoflfncfpfa,ТСН,
oiajbaepngjfcgimlkaedfkdjkklkfhh,D&D Beyond Campaign DM Screen,
ikdaacpllpjooemhjngjcnldegjmcekh,Work logger - one click work logging,
lnfapiabbmeipfndgkapdalinfmeikkh,Pardus Missions To Rank,
oknemnnjhmkbhendaboojklikdlnmbah,Công cụ đặt hàng 24horder.com,
jjaeodeafkbbimejiboehejbdgpebjcd,Word Changer,
aoocobbmjfikbnjmjhkikjkehbkeaadk,Remove Netflix Subtitles,
mjahcojkjjbimcefpjemaihjndglgbkm,Bobby Three Sticks,
ococmcafpbjmoliifjohemfeofijkadk,伝助入力補助ツール,
jkkabihhhicobnelkfaagnedkcbfoehk,MET Cast,
hiaikdahnadhfaghnbcgenjehnndmaha,"iCareer, Central Test Converter - PP",
iefkpmimpeibbpdnehedkkgdjkfihmhi,Oodalicious,
ficldognmnhipammpechgihaaabofaod,BBCode fix,
moallfilhaepegjcnfapjlfofndkaenp,Alma Print Slip,
ncbkgihfhglaffkbefhpncjnpokbibma,Do That Thing,
kjoieegokhlfbfjippnfccokkkfdmghk,All in one Html Compiler,
onkmaodnfkhnnlcpfdffgeeijijekcli,ICONIC,
pdonlgemdelmcociimallnipoijcfkac,InstapaperBookmarklet,
jcfdjcddajhamemnlnelacpgigadknco,User Bug Report,
ifgffjogagmhnlccjpopjfianodjlagl,Test Name,
cbjhcabimjmeokngojdenfdpiccgekmd,TextBlock,
fepmobbgmaplghhcfehholgnpbpfkanj,Mall 502,
ndbokmlckdedklapdcgjblhjedaemfjp,CyberThreatAware,
gjgadmpbpojbdcehgijdlboanljfmnel,Zalmos Web Proxy,
mbmhdciokdfmafnlcechbnopmbfgbegl,Beyond Enhancement Suite,
fhkconleiijpolngfiiggodoeaonlacn,Calm Start Tabs,
nfgnnfofbienmmeeebaekpjhckpfinmj,Reddit Slash YouTube,
dhlmedmmgehppcobfhilfdcefdkndgmi,CÔNG CỤ ĐẶT HÀNG - ORDER247.COM.VN,
eaohflokjlpoeokkdmleihgghiphcmje,CFCA CertEnrollment.ChinaTRC Extension,
gbglabnehkahafeamgmdpclnlokfeleo,Firebase Auth in Chrome Extension Sample,
kdbpiafajhankgbcglgdlihiojfofdea,Pinoc.io,
chelhfjncfodagiaajlcedabncohepag,Buy mode,
aenibkimigleofgfjbpeecddlcffellg,Orimazrafi developments links,
jdhklkokdndbgpoochmpjkbbkbgipbmb,Tiny TRC Ticker,
apfkfobmhibgfglddbjebgjeibmidaml,Defender of others,
oabndafjflchemcgnadjgpcjalgnghgb,Data Science 2.0,
bnkjbjpmmjkheiapehehpnnhcpclhmea,Unicodefac.es,
gedofleghkpmckgehefpllkfdhhaokmf,Escoffier's New Tab,
jgkglpjefbdpchopbafimbaffacbkikm,Analyzer Plugin,
jcdnefhhiabcloefaejmgdihedgdeplg,Wordpress Stats,
dkbppogebeckcokcmidnedhgdfmagbgl,Extension Easy,
bbcbmnombempnkacaecflbcalflanckp,Guid Generator,
bnaikdcclddgfgmjklfaolnglhfijhed,WooCommerce Orders,
oemnemnbiamkmfmjohcioekeecdkoepl,A culpa é da Estrela,
jciegdpdoijocnobdcmdhbagjncapdfh,Measuring Box,
fpjojfopbanoeilonljglkpgkknbkjob,UIUC GenEd GPA Finder,
engnnoaocpnheomghdjebjnpnmnnkbjo,xinxuelin_screen,
mhpjihcolfmanjipbiileobmpljepjod,AcFun-CIP,
dojdgmidjgpcdnjapkdmlhnpmjhmjpek,Extra Characters,
hmafhfeahiiffkfodebojgbhikgcfenc,How Many? Staging,
kmlfjhhcdlbdnnphkgfjahkheahcepac,Copy GitHub Issue Title And Link,
lpplmebffmhpihkicchamhpcmjhinjcc,Wiki Game Cheat,
lfjoeconibeegnfdccnipgfkgbeddedn,Blockchain por Linhaça,
poniibjidlejblpigfeioadciapppopm,KING OF TIME 押し忘れ extension,
eddfllfofdmdhafjdocfkpcknflfgfbm,Gobstones Night Mode,
ijdoeikelpfbnhhaehakkhcckcocnpec,Sync Hero,
ggkbiakmiljlbbfhjajlpjgckcjanbab,SourceViewer(zvSource),
bbjigfdandgkicncfcidbgjfcjfldkbo,ZIRI,
ceohoefapneebmoilaicplfenfkmfoni,jike.k,
dfheomfpopjjlmhdhlodbahiemdmhbma,Indian Newspapers,
ifhgjbjejfocglfphkdecifccicemfll,Send to Google Glass™,
nephehdkdelkjgiihmhdjpedpoinmpjl,Shortcuts Guard,
klgfbfafpkfkchoeemoeicggojkdgecl,Quotemark,
hgloafakiaongkcniidbckhadgbfgohh,LockDown Browser,
lhdccommkdbadfgjhlccfmcpdhmepjik,Ao3 Series Downloader,
gjfjicodnpgjdbhbmhagmbmdjlokjmeb,AccompanimentBETA,
gkafcombkhhkfejnbipheehckgghbimf,wlw-dashboard,
omneonbfgmjmgmihdgicnipfkmcefhhg,Monopoly Deal Online Plus,
cphmahgfagbjknpnebjhaepehnplnjei,Nepal Ad Blocker,
enilapeolanhnnjfgbnelglklmobpokh,Registro de la Jornada Laboral,
dphmmehlopimmcipaikkighjcaknaecp,HOXTON'S HOUSEWARMING PARTY,
mahgopphbjcjnmjhobdaflmpgboafknb,Talks extension,
edheecocjbcbgihjojigchbpjokiomkc,Calenus,
oaaiopdkhehimlfmjjljfaaofohdpogd,Start Clean New Tab Page,
jffncbnjkamcedlflklkmfiianoajhkg,Straight Pride corrector,
afnheoagcolhdefffibhgnkbddklfiml,Exigo Tools,
aeaplligbgbdhbdjibdfpnfdbefobgll,New Reddit Redirect,
mjneomecnecimfpknmmcnfppacedhmoj,Trump to VoidBeast,
ddmglodgdhmljfkjegjoaphjfkbcohic,COVID19 India Tracker,
onhmcfcbcdkoeejbeebidpnjmemmmogh,ZenAdmin,
ogmonhnolabdebjebfafnhnkemikgaja,MOODLE Exam Solver,
npejgikdfbegopnfhnjdnjmcmekjdocd,Halalit TV - שידורי החללית,
gjlihcibieeinniemofkmfnhjjljemlm,Résumé Downloader,
anlkppdonjnooadgmjjdbdapadlimhih,ClassIn helper,
enpfohjidjahphmacoikbhlaeaibfnoi,LCE-Language Change Expension,
jhnnjgfcadpedcbhmadkdnhhbbfinjmo,4BestPrice,
gicfigpkdpgmmachpdegpdbdmohmdkob,Shoppernote,
clkkhfkadebfabfjjdfofjjlkbndpggn,Auto Refresho,
nkdpamnjhdjoncifjaoojhmfdmdknamo,Hashword,
jndppgillibbcdinjecnlpmdkldlacip,Link List Assist,
ghaeganaeffedmlbfdgcmndopfmdknka,NTUST ID is Not Password!!!!!,
jifnokgbglfegkimjdociknefoaapfpe,DRCast,
fihngglefckohecdebegcmlppcaaflfl,Youfind,
njlcnhdghligjkhidmfbdgaekmnknbgk,Bandcamp Search for SoundCloud,
mlilcggodhdbceoocljgnaijlechiakg,MyMXS,
fnhdnmleomidcaamkdgngiodabonickk,Button for Get Married in Denmark,
anlkdalpfdgbdahcbmggimdejddpkmao,Cover Video,
ahhjcodoennbpoajaciidihppmokckhg,Anti-misfollowing,
alokfdkpiokkgpaldkhdeiboocmepfkp,Jira Sticky Header,
nmmjlkfpmjldpacpocblimkniapnigff,My1Login SSO Connector,
ifkajejgppbjgnfdocghnmaehhjblfkb,Apty Assist Studio,
echhaafegjhpmbbkbdagcgpknfbmhcfn,VOCAVEC for Kiite Cafe,
ihhdbombjgehogdkhabdjngpfhfnkgbh,Webpage Color Switcher,
acpeofbmnfodpnkggocnlmknhffjodlc,Chruomo,
kpjjcbcnpalgohklfdcaahbgbpidhgkm,VocabFox,
fpmflpkpfoonjgpklijaedfoclngdgdn,VistaTherapy Extension,
elfnjhjpmnbfpenhhbnoblcblfkggjlp,Fast URL Corrector Kit,
mpmhaihhcehljhfjkcojppogapbijbpn,jWheeles,
lcgbimfijafcjjijgjoodgpblgmkckhn,Tracy,
ekmblgfmdeknnonciijjoliceiajohgk,Motorro,
nenjfdjpmgeoollancmilgebdhbibine,fetch: unlimited LinkedIn email finding,
oajlecpdfllkfpecidbmcajlabponimh,SeoVisor,
mjkbdgjnmpbodalikndimhpighoebpij,Meeting Summarizer,
nflobcmclbppodiegkakkbmkloajjchn,Trading Risk Calculator,
fjhbfffgipoaogpiljkpmhlcjfbkjmmm,PlayerQuant - Esports Analytics,
dmpckfekofghjeophciflagkhgkekdje,DFP - Daj Fullscreen Piči,
dnhdkeaffcfanfmmjnfagdmaiflpibgh,Are You Crazy?,
aminefmphnkhimbdaccdhbjikhjlcmao,SOMOS Assistant,
mmoofdchnhgamecafaceoidojbdoikof,Guillotined Chemist's Handbook,
ombeajhonpdpiagilbahjfhgkjnjieop,Orbstick Webinar and Screenshare,
mkljnifggpnpaniaokhiaobfocgaiejb,DevCamp Video Player Enhancer,
bpeamkgphddpageolelalockaobkhcie,Boss extensions,
mkeipmnlplbbpbloiphffaifbknebhcb,n'alt text,
bfgjjammlemhdcocpejaompfoojnjjfn,PrinterLogic Extension v1.0.6.1,
mndiplffmgmjagclpdgbbopkngnjjalp,Dragnea Autocorrect,
iapfkejbdocokogdainbnnicoefibedf,Recapin,
fdaifolckhmjnlkapifnkphgdolgabfb,Copy to Trello,
adfeafegnagonimkklgdngjoiopglcde,Experience Project Image Viewer,
jcmgkbgeffefdkadpbfmlbpkollgkpfi,Image Searcher,
nepgdipmaaojonaipkgcfbbajjfoeale,MarkBook,
mafgpjcblmgfpjjbchopchldhgdgmpdf,Mail timer for GMail,
pcfbckddgnmniimphfeoioghgcddifcd,Blue Contributions,
eplindodloikpoelnafgdpjiebefecee,iCloud Reminders Shortcut,
jdedpdhfbhoeepijlkjlffkdklmdgaen,Tashfeer,
mbonhaimbjdhphgdpfihdanaimpiooan,R1 AdBlocker,
fdehldbleadjkgomndkhnciddeiohjmf,SnapCss,
lneppipaolkejkfgajijlididblopnee,Agoria Desktop Streamer,
dhmflgfbafgofcnihnfnkgkhhgpelnec,5BARz extension,
gfedcgdbdlokekhnkgmgcdjoaoecocaj,Calculadora de Tasas Judiciales,
hfcoofmkdafpgfdcbokphafoefgecloo,slack-status,
bpmaclbepidfnlfdnaoblbifgehgdalm,Ku-nya,
hekkfepgceojjjhgcihopeccdploffkf,Børnetube,
dalffmmkadmfpfagclclkagdigdjnhae,QuieNet,
bmaicdachhfghjehplmgiamildligkfp,RBA Export izvoda,
nfadmchhfglmdpfdhadlekmjcgkopnkl,1click Emoji Everywhere,
jokhppikkbhlghmcihmppdonagecnkcd,Jotit's Students Tool for Google Classroom,
kpaggmgdoddhikpbjldalddcoognpdje,Gói cước 3G Vina - 5GVinaPhone.vn,
fpfmcfgpcopalkpfedalkpmcnjicfnhe,PNR Checker,
egaejpfbkjamgheoingidhokbfnidlpi,Symantec Extension,
nffopkpgkajdjjdbgkeailemblmflpko,Mail.ru Checker,
mbldmpdimcodkhimlehfhhfecnngmipp,Ultimate Rickroller,
gokijpcjnbdpolblfkbpgcjocmjlnopa,HomeBuzz - Comment on Real Estate Listings,
blkkpgddeffcccbhkpfnhifdekngjjpb,Loookit Screen Share,
kjmfnmnpkmelgfccdjejiigikfbakncn,Team Liquid Ranks,
iljpefbhclkoadkooeidbkkmfgcmmmok,The Hindu Revamp,
nibgpkigllobalelhkhbcdhcilkkifeh,ContactHub Connector,
amlhefanaonigjbonaaoabcloodjclpe,Hostel 2,
bboepobbomppgamgmbfedhimcboceapf,TabFlo,
jjbmijeemphppkckmpfdjfbagmhlebbk,awesomifier,
ajpfgljldffcnbjenpnkcbkkkcflkpbo,Vookmark - Easy video bookmarking,
mdcalafbjmpoakifofkmkcmocdkilbhp,Chrome link search,
acdcaafghpklfpebjgmpogihnedbdekb,Alibabaexpress Add-on,
nkpigghobpnpafhpnocbdamdnbjgjfan,All The Flavors Order Importer,
ldioohgilefagnheacoadblbnijeicln,Crossover Chrome Extension,
hpifhhbpfinncngkikdombfilamngefm,Wdc Pricer,
ggiokgahenecggcpdafpffnpelpfkjam,Search By MovieFinder365,
heapplaglgdgjapdomnaeoohjfnkoghg,Dinbendon Notification,
chmkgbchecaliljnmpkdencihbopeodo,Transcription Helper,
emilnmiaddhlfpidckmgkdiponidpeje,UKItten,
fldpdmbefeiemcjaoppolmaignlkdmnb,Journi™ Product Finder (beta),
lcjfojjoofkjmphnpgfgnhenllkifeoh,Barton Web Screen Sharing,
jhnifiocgcnpjjamkieebmjicmhlpiee,Zeroqode Extension for Bubble!,
lacmiiahoideajihiclkhmdkikkbjcnb,言葉 の Tab,
kcllahhmlhhmljeppnpdggmjilchdojk,Random New Items in Hacker News Frontpage,
abalkdachbhegipefafmdbnliajjflff,PulsRadio.com Trance,
liifdcccdpgdgkbcffjbopmdlbhcbchi,MrFiston Stream,
efoifpoojedodmnniflmgeengockbajf,Make it She,
chlhiiabhjabnjaaefnmdopodheonjnp,Basecamp Notification,
kdfjafldmdgledccmljiadgmbdcicjee,Argos Stockchecker,
lophblbfiiemhmpfpkkbkfpbccikfmlc,Offline Bootstrap 3,
nmabofdoojmpgbcdcleaiaeajicoofgk,LivePhish No Spoilers,
aejinhhnclkjbmgknhgghkjkaaolpgkj,Jmol Tutorial Creator++,
ihejfbdbgmomalidhankbcknnkanbfmp,sitemod,
emcmdhbblifmpnanccioifmlokbmgicb,HipChat Web Xtras,
ebiaphflamlmbolleaeamfacdpofcbdi,HydrationStation,
pfnkjinigobpikbknmddegplliiochdb,트윗바,
jcifonfobhabkfbammclciflkaiahiem,Replace Trump Supporter with Republican,
hfebkooaidmeboeblkkejdoepilnnjhn,Google PageSpeed Insights API Extension,
bdigadaagfmpnpgnoecipjfeecokcngb,Statr,
lemhbecoofnlbmnmlhhgloghogioebek,BiliDownCast,
nienncdeogcamkahjjmaaipnojjokbok,Flat Colors Guide,
pegeamjammjhpgdddkbbpfodepbflnfn,hello-word,
dgcdoobgpoahlplleocbcebebckcgclg,Amazon Trap Blocker,
oddbinhopeegfapdcgdgpbdcacoekbpa,UCR MFA Helper,
eacglgacamfoclhibdlpdfnjkfekamol,Query Parameters Editor,
gjpaafkdbabcakhoohnokdbfncmhjefn,Hacker News Stylized,
kccplnalblipgghfoodldcghgkekfblo,かんたん画像サイズ測定,
hlpccefinpildddaohjbonjdddnefnmg,grpc-protobufjs-devtools,
hbgbdhihojnfmdojfndaaabjmaanokak,ISK Helper,
fblacdcnbihflkfcjbejaacfhahielgp,Мяудополус - поход за колбасой,
hcenkfpbempkddcklkclcpbjojgdnlfk,IZIkea Кнопка,
fcemgaafihbcbkoiakphaloclfhephpf,Productive Tabs - have only one tab per site,
caobgmmcpklomkcckaenhjlokpmfbdec,JSON Resume Exporter,
lbmjimbaagiohajanfoemoaedfibhinb,Stat-Covid by Aman,
pbaclanlopikmijoedoaendgacalmfpe,Toxic comments Identifier Twitter,
pilhmclmlbcgdanljcmiolfcbeogejpd,Congresstributions,
oeginjdhpdkgjinibadhjminapdeccbh,PowerBI Slides for Kiosk&Signage,
nfninjeljianmmehdihjhnnehniefcoi,KARMASHEK,
phgcenlmpfjpcoaldfcooljchpnfcjng,Weather in Winch,
ljahidjjldpfofafdiehghcgmeglolho,Twitter Follow Tools (Alpha),
eefokcleanogblmeeiiidnomhfjdhkof,KilleuZz stream,
ofolgoniaiedciagcbfimldjhadnkdjg,Fantasy Baseball Top Prospect Finder,
eolmlanpgeahjnagakiooldgmmjhejhf,Tabulous,
eceikdlanhkmlcghmnggfjncikbmmkcl,ElCiudadano.gob.ec,
eacdkojgebncnihnpbgaiofjndjfedml,chusedu.com桌面分享插件,
paemnmfnaggdagfikajbghgpmgjhphkp,Focus Time,
klpjddpheckdeombeniofpdlboaaghae,Compartir escritorio - Comunitat Valenciana,
nlkjkemkonahlpdjffgilcmgpghfphbj,Twitter Video Downloader,
almkcbodlclgojehjliligepnbnnfnoh,ArboStar Browser Phone,
bpafgghfpbfffjekbikjbccjbefekpff,ShareKit.io Quick Access,
gnciegjlcbniffbifabplbjpimfpipbd,Unity Live Help Screen Share,
ibcbmgnobgloeimhdhdphbpbcmcliolo,"Google-Doodle да ""Дня Волі"" 2019",
iaoghbeamaalcgoembjppfekhelajipd,Refresh 'Em All,
cgamemjjkiapnidkadephhkneocmcino,Stack notifications,
lhhgjpemkeanpdgdedcnpanpldajdcig,You Mean Racist?,
afkglhifebfaabejgnpdkeljeohdgdej,Reddit/4chan Randomizer,
jjpiidhpgdiiojjidackigmnaemjaiha,Facebook Video Blocker,
pogibncdlnomiioielcgkhhgcmhokcma,ChRAM: Simple Browsing Data Cleaner,
jidoejecjnhiekohpiaghodcknodoibk,Đăng ký 3G Vina - 5GVinaPhone.vn,
obkkcbooklgamggcejmfnkcmmgdfiefd,The Offset Smoker,
lcidaaknkinipdhhjhlogggldcogfjen,Conversor,
cghmigojnbaajmeigfphpaiepjjhcbpe,Messenger - Theme Selector,
jioecnejljbjflacjjkcecmlpjkioidi,每日财神,
gmikhhlipajlljfdkdmiamhoedkpdkch,GLOBAL 2000 New Tab,
bommlebcdbhpnlmjdokpdcongnpokkjc,Automator,
jpnnoebkgpbjdbioilcnhpmkdkpdnlbn,Daily todo List,
hmankdkgooppamccokcjigmhciihdpfi,Bullhorn Chrome Extension,
pbgpdkacmoanpfooimignmffkikceiko,Preenchimento Issue - TOTVS,
nkklgeklbaokjpbhmlihdopfmbegkkpl,joind.in 日本語化,
ienkklcnakbadapndalaidhcefjmeepo,Your Last Tabs,
adcaneppdfmbcacephjjhealifgadeod,Listening List for subreddits,
mjokgonphggmacmlgdfeeddkpjmdbakf,Steaser.Ru,
kndnnifekmngbncmmpfncpjamofgmikn,"EarnsSurfing - Browse, Mine, Earns",
efomjmkljllnjdmcclhdpaefofdhknfo,無言ブクマチェッカー,
mibjaigahbobmafeokmmmdjddmajhgko,Html2FB2,
fplghokcfgbdedalpmbmjlafpagclbef,Better Cardmarket (MTG) unofficial,
afgidjgehbbbbffodcdkkikanjeilfei,Trump To Butt,
ajjdehfgjbdjiinaipdglfppekcnigjd,Element Text Selector,
hmjbdjehhckbmehbbgjkhapacfbapmnl,ITPROSPT Technology Blog,
lflgnjghielcddlkdjdcjalabpakebng,Show-English.club extension,
kbeadiikddehhidlolfikmpcdfnhiejm,Text Reader,
ikajjpdbfocfkbgkjibhhdlkcpkdapmi,Search Now - Shortcuts for Instant Searching,
edafomjglmkfbiieocpflnhfdmikkhbo,BibBot,
lfpomjoecfkfdjhnccdjombaplkofpll,DRI Job Pauser,
ffmglcfbbhidemlkdgbpdcadbmdffgbc,Screen sharing for Video Call,
lepkmkhffhcplagkfejdhafepfhmcjlg,Sfi.St URL Shortener Tool,
joocbpialfjanpabaijgdibdgcbedldk,Spoonie,
lopmdbjphdlbiaoellbbnfnajmbfjjgp,Light New Tab,
hejcfkngjnkldnopakhhkmngdkcigogm,SmartGMAIL Patch,
hdbcmghlgegfaflnidgmoiflldeddaab,arah.in URL Shortener,
edpffhjcpneccdellhllciobdjljnomm,n01 Caller beta,
gabpkhalildfokapocbidcfihobcenfd,Quote Buddy,
oenfppcpacghbbbghnfdbcojonhebbkk,Tab Domain Closer,
oamnlagfdfkeknledfohbhioadpmacoh,net,
pfdcopdimdhfhdaiiaeddjcidkjbnpll,Tab Workspaces,
dkalclkbjdmlppeipbiaelfbnelhfipm,Vinted copilot,
bmojcahmbhfkmhbiinebolkpdmekgehn,由你集运 - 中国至马来西亚集运代运专家 - 一键代购代付功能,
jidcihllhnmbjbnoijfepopdpkpgeobe,Spotilize,
keefgegllkbafoneklpidccocjllbenl,teamlink,
kfgpcicheodmhneglkflmggjhflimmaj,Collocation Dictionary Lookup,
kaiblbjjcealhldhdnjhpjmckgclnbca,SimpleUndoRecents,
hibiebmchcamifpgflokbbnfifoeaiag,RoyalStory Helper,
ebmkfbgggiccfcacbbdpogkedidlanhl,bargo,
djohocjcheabcpjfaokeancojipglfbe,Calendar Dark Mode,
kkghlodmjnejnoglndlfmpnafflcgjdh,word-butler,
nalahjddfmnnladcohkpglgjonoijige,Aurorachan Extension,
ehcmlbkgacgfjnabkmnboldmlpkcipjm,KeChollos,
fhlafpdjfmnemncaeglkalapcajehmhe,Resurrection Gladiatus Script,
pakilipafnfgghkpekpnkbfgjdmodmai,Select filter,
kadgnkenkplabailjamendpglbdfmmcf,iChat Intelizign,
hanagefkggieaghgifnhmjnkeilgemda,CSS Breakpoint Button,
kkmjnhmmeibepfpgnfpodpfjfahbmalm,YouGreen: Save Data one video at a time,
kpmljjobhmgmoinonmejnkidgbndepkc,Summa screen sharing,
dboagbgmjeghbaiapgdglgdpefpeemfi,Digikar_shirahama_clinic,
fmonelpbplmmidonoicpngnonpdpapoj,chatwork custom background,
jhpjmlimnihneablnmghbioaiioanldg,Smart Plans for Busy GPs Full,
ccfkokpalppbfbcohadcibgbiokfkaoh,Online Weather Tab Default Search,
fnafakokdackgenphimnmgldgejcdgke,PlantUML Viewer Multipage,
cglcieehamdjeneoebdkoogdhifbcpog,JanaSena News,
kgcjajcnclhemnmaggldfkokilekmhbp,Web Designer,
bdomldaaddhbppcmmcjjjafbpkmgjmeh,Cursify,
bcjnappblnebnomneeaefghbdengghnm,Member Stamp Sorter,
jhdiopfbhjddmnopdhahgdnaghegodkj,ASIN,
epgpmoeepjhfjplkkhkclfcdfkhmmdna,Calculator,
mcedjinjmcpfknajacebeokngmnlphik,Links for GitHub & Jira,
gbejiphflkbmdbcbienhmebjkjhmiefn,Sharetivity 360 prospecting,
ckgiglkbjigimhlgopfdfainbedgdine,Videolink & Agendalink – Async Videos & Smarter Meetings,
dijmhobjlnnmpdlkpkglmkanadbkpalh,Chat to the Max upgraded,
oofngcfgfkpckpgckabppceffbpmmnmd,everiSigner,
lppaogojmfkmdopjfgclkphjemdkcobi,Commentim,
agjlinkblpohhkjbdcmknfephkkkjnal,UnlockKuGou,
pfecioefjddbjdhmmhoekhjdmhgneaag,BlackBird Inspector,
cpflfpndiakleehooekmjggkeibkelpm,AliExpress Button,
ecpboehekcffiaikeidadmmaeoaeodnk,Currency Converter,
gnfjhlmgpenollnogengmjhimkponeel,Demo,
boendgdehpboclacaboehhdipggjphmp,Cookie Manager,
lpkpcliecpgjbkffooidajhakoidhidh,Thesaurus: Synonym 4 Right Click,
epggkkhfcgcdamgkckoapgnkngogepah,Quotes,
feoblhnbamkgohonimdbjgahoafmokeg,SpaceShips,
jhakcknejgdhkkncgimahplgmjiiodkb,Oodi Average,
nbijepeciaicckcdidancjpjmigiiilf,Test Text Generator,
jlnbchoppkiodnpohcdpaadhlfkpejgn,Most of your friends are cats,
ogbfpcjedgnojlciphiocpihhohljbih,Browser Routr,
cchdejcobhhiclnoaobhpelmhdenhlop,获取淘宝订单信息,
acnjdilmnleddbcipfcfbbmhlialepcd,drupal-patch-color,
hpepmnkdgcikbgfimpagndobgjpjcfcc,Video Recorder,
ecncpdaaopimgjpfolockddjghbncpbj,Drive Watcher Chrome Extension,
gfodggdicbkbopiiamlbmcbgjbenfbdi,Such Xkcd 1288 Wow,
fgaeagebmhhloocjbmhlkgfflecadlhp,Dinamik Whatsapp,
cjiophcggodkbolhfmblhdhnioldnccf,eBay Blacklist,
ibdcogemnhnhbffdpiaicgamkbnplmjk,Source Highlighter,
bahhfoidnfogingiolidoidmlkogjlhp,"Chat Overlay for Youtube, Twitch & more",
nbiobmcefegaeipnldbllmniknknoibj,Firenote Update Testing,
bnjaljncfkimlpaochgbbphnegmficih,Professional Calculator,
djfkicajooephlfmebeckinidakdichn,Rubrika,
pjngomjeobbkciligapjlnoemohgfmlg,Return of the Plus,
ndffjobnoekfkfnfjalhiblmkdhgkafo,"Whatnote - New tab, new note",
cmoccnblfpgoffpdefdhiikpohfcnocf,Google Map 2 Ingress Intel Map,
cddpmbfpoghgmcpbekiblfagclhibnoo,HEYBitMEX,
ikfngnkicddhaeccmccdlohnnnjmnhge,Font Generator,
dkfhelanhfeoogjicihmocgfndmigffm,Indice de Lecturabilidad,
llmkippdhakojjngnhnibbihfnomlbmi,MLB.com Prospect List Expander,
ahjejhiehlhdhcgpifiappdhdjhbhcpf,Last Tab,
balaaohckebjfjbhblhpeopfcmapaiod,FreshService Usability Upgrader,
imihnogajbjbjaajoffilelekedgajkn,KU Timetable Wrangler,
gmlpaaphhbillgipemeigfgkccalcclm,Fontfully,
ocmfmbommakddmnidbpiakcnabobnoah,Depo-Provera Perpetual Calendar Calculator,
mmibinblcokneaollhenbebgimeblmcj,YouTubeリスト拡張プラグイン,
dlpaifcpommmdiopeaifhmhionggccbp,Boxing Fighter Shadow Battle - Intense boxing action anywhere!,
calfnhkklgpaffaeknikkndbepedpmfm,EComBuddy,
jjagagcgljmlnihcilbpbfcglnopepjb,Closure,
bamaaalicocehmmabeceobbkhkieplgn,WEBTAG,
acfgpmagealjmbmhobbldfkhbcfnkhpd,EarthTab,
bdeifmcaonlafkglbdpbbhkeecjnkipo,Quick Tab,
aabnolighedpdbhpipfohakmnbbepnkn,Key Surfer,
gfgpnlogdlabglhbldbdadhpaplacjbo,Change FB Messenger Notification Voice,
ajneblahkhibkepnggdkhnikcpoenppp,Scrape It Extension,
ccaddeihobjfjhpidfolokbffjnacfae,ripple,
oeblinppeiicgpjpbjnealhfjlnenlpa,Full Spectrum Cyber,
hmohejfkaddphpbhlcghjglclikdnjkh,Meet Math Support,
aemapjnikiphnefgmocicmlmbdhodkea,Vision Translate - Smart highlight translator,
cobacmigefkhmogolgdfdchhkkhimcdp,askfalcon.com,
mmidlhdellhcbkmmkhjlhndohjfahlbe,inlyse Browser Security,
flapomoagkbllphhhcikajjjahiklonl,MakeMySummary,
lmpppcajcpfdpmjjlebddklhilpehljo,Legrand CRM,
hpemgnambnlednljabfagaiagihdloig,Design Labels for Pivotal Tracker,
kmhmfkedbpleogeegeeelhhdlipbpnbl,intab,
inbmbkfkikgfjcjhgkoofielljhoipfe,SaveMyClips,
eoeepkbhiholnepbhbedcpacginafkec,Black Box Experience,
hfeekoedplbbgolodiikggooifbjnlff,SP Switch View,
fhjgmbfgcdkaiioeancdlldgajahfnnj,!@#$ Corona,
hdneaoibdfdmifgfjjlkbkceanhjmgch,Clip64 Base64 Decoder,
aaiciohliaellcbcdhnggnmlponboahp,DPmaniak - szybkie menu portalu dobreprogramy,
nljikebhkdebfojgmniokhaddbkliaeh,Zebra Notifier,
eghhpgoclhemdonoimliommobjpjenea,UL Call Automation,
cjnbibjejbceccoalmohlmjldjpnnhmo,Proxy Library HSE,
eelojgpfkmhiikmhkineneemcahoehjo,Symantec Extension,
ghihpjhpgdepnohngpgfcmcijmkggpaf,Screen Capture,
ncjaameocjfjjnjcijikhkhifncjijhn,Word Highlighter,
peelndknhgmbkhdmoaommdjejpojdobi,Klue Side Panel,
odpeaedbfdjhafdndpjaiijdpchnknel,The Grator,
ipodddjpoagkaecbkadidoiedjkomghp,Dailypapers,
jnombmcneglonighndojiidfbpiolplj,Maze Speedrunner Game - Race against time to escape the maze!,
idoopianoajblpolcijhofapdmplgiln,Paris Bahis Chrome Eklentisi,
mjfpkdfjfeabbhchimmmoafmnmgefacj,Qema,
jclkllnbeinfcglfodlhcoefpjdgjfmo,Ikea Add on,
eljhhkkglmmemobnmcahanodlcbohipa,Sky Works Banner Screenshot Extension,
gpadnapnfkcfcgkiflnidldcehcnglph,Fast web calculator,
ebohhnjecmgifgfgfdcncekoddiaobkl,HowStuffWorks,
gncnjghkclkhpkfhghcbobednpchjifk,Cookie Glasses,
gbacclkcifpklolkhmokpdohkeablfpd,Let's Get This Bread,
ifpdmiacdhklkeonhoocnackpfgmgcdi,Algorithm to Wizard,
gdcecngnncidncjocpgmenlcjfidebif,AngelfonMin,
mmcdniekbifkdmadkcnecljmkdclmkjn,RunnersConnect Unit Converter,
obhhlfnoofmjdfaabkgdcinbobfbknlh,CheckPoint Attendance,
ceklojgcebobpcbgkajgiiefkpmaogla,Jsonize,
dmfjeefajfceaodhgcogfkioaoeoabgd,SFDC++,
alkmhpbfnkfhgenpnelnifhpfpjojfpl,Sio,
ohnmokjnholmeiapcdhgaceeiihbghoa,CallRocket Desktop Streamer,
eepjjjjplcaiebldejkkfhlnmhpgceno,Lodestone inventory grabber,
enphflaephhmabkpchhgkhkfcblbhiip,Crunchyroll Intro Skipper,
ahppmhdkkijciejoaoempelalddjaabj,Ad Block North,
kmdcoegkocdjoahepejdopdijfgfpfem,Visume - Candidate Profile Import Copilot,
iiolkehjeklhkdphaakkceadenbcdahj,Do not close browser with last tab,
imfhgjlonanfmekppbdidgpknmklbahp,Safepost,
lffnkibaadgoclbhfajpnhlobdoomfeh,IPFS Search,
fkmpnkcjocenkliehpdhlfbmdmdnokgm,drrr chatbot extension,
lopcpcdkpomdjfaeahaopebjjbfdefod,New Black Tab,
mjglinopkdofebaamonijiemkndjaopd,FoG - Oddschecker o/r calculator,
eimcmceojaapnlbclajcfnbkdeidfdhd,Currency Converter,
gcabfllbdgilohinpamhbfhncfajhbjn,mini,
binnibppcoleooofilccaphdkoppahkn,Just merge windows,
iljlnbifckmihcloaildpbfapgnnhdbd,Link Crawler,
cpeddbaihddojignldpdabddpklmmjmj,vKappa for VK,
amhdmooncdllnoekdgggjhjlfnlbkdei,"""Trackgo.ru"" - tracking of parcels",
icdjcpgomfenaadchdiboabnhegenjol,Classminder,
ncnnilckkcbigajknhohhodjdebannnf,Life Calendar Chrome Extension,
ebogcdjgkeejkfdbhagnnbcelfngfibc,WLFSys JDS,
gdimodggclcfachocbnfnciifajkmfpc,Słownik an-pl,
ccjohjeepdhnjjolpbfjfhgaphnndagi,Asto PiP,
oonbncjjgelagngflfgmbionnnoaoddd,TACTQ Launcher,
anjnlhdbcnfammmkhbcndcaoojhefnnh,ElfBite - Your new tab page for charity,
cnpnjhjebdegnailedbagikccciphohk,eziitbbs,
ooojmllannhkicjegpkfojlloihaklem,Countdown to New Year's Day,
nhhfpdlccblfofockeabmalggfhelcgj,UberConference,
hmifahagkfdckakpoimfmkekhjaodphp,ㄹtoF,
ollcbgopdclnjaggekgnlmgbbgohgamo,Cloud File direct URL,
alkhccdimloekfddeboiklganibdnfek,Namaste Video Conferencing,
hclhmdgpfbmmlmebdipibijpfneglofc,urltoqrcode,
jnlljhkekmalhoebdjkbpmfkdkkgcmog,SkyIsTheLimit Extension,
dnbpmmmfnbboglfbokkmoedmghldmmca,Cleanup Data,
kcdjjkdoipjipflpjkggcpmffkoickbc,sfsu-scheduler,
cjednklddameicjagmglkjkgdcjmmgml,Resala: AI CoPilot powered by cutting-edge technology,
lhhpifdkcdahnllampbkpideiogbjplm,Google Meet virtual backgrounds,
hmmoolenpgjpklhfkhomojilkjkjaomn,20 for 20 - Eye healthcare reminder,
mnaepacolclgckdjjpeebdmlkimfpjhf,Herald,
alkfjbfooklnnnfmiobgfeieamdibmph,Brian Tracy,
bdonejdbekbhijaebccapfnjepeadnom,Voteus,
ljgajnigbmhdnfpmobjdbfdphgjkoooc,TestMate screen recorder,
ofoeigeaodhbjogdigckajfhjbonaofg,e-pity - dodatek,
afppbmhaflplbefgdccmjfcgkcidlpfg,Big KA,
aofaoopimmkgfklodefoeaclbllnmbpe,HMWorkingTools,
liagkeaohklpkejapcepbakplhlanade,Gmail Dynamic Images,
knaofabflegldmmpokpdccidgkkonkkk,Expression Excavator,
lgdidkfcfndfpgfjlfnngnbjkkndphbc,Mech Hub TimeTable,
npkfffnhbbbchlgdbhdcgdkbfljmfhea,BCA Schoology Calendar+,
ppikboiodhojhhpdnclocdjnmjckcijm,idiligo inside,
oohiolbhcpebonenodlkdmlidhihfdbp,Wander&Aspire,
kfhmememmflbdeceaokeakdejlndmddo,LAB Terminal,
cejignpcodcddlklhkkpocfnodcicnek,BitPoet,
dmkdbenabcpdaoiiccpaoeobebbinmjo,Ender with bowtie,
ockddcaogdonfmcfhdblbflchnjgiilc,Refined AWS Console,
eimcnajcfhkhfoobfimnphkeagddpdgb,Refresh always in Menu,
ddpofniaeebmhemmfhohegpdjaoongee,Onliner Notifier,
ofdhgbjblhdkepgmafdeppjcmaaegllf,Handle Stalker,
aighmaglmagnflepooogjdonhiihloef,Where this call?,
pnmdcoaajafdppfpioijldebfbpogopn,Browser resize,
icgkmjbgjfhaofgfgolkeghoincaibhj,PixelGuide,
ckbeemdblbpmccbpggjolncfiooammbf,Bloomreach Experiments,
bnohpdhmfoohnnligokenbgkmjofnaej,Dò mìn 4.0,
cclgnclajodgblhjndnnanhoefihckhp,Hahaki,
lkoljobbpnilnncneobfnbnjbgifofih,Continuous shooting,
icpmhilfekpdgkfliliocpagfleebggh,jsblocks,
ilofiifkfegmedanbkmbfannebakcehc,Tokenview,
abmohcnlldaiaodkpacnldcdnjjgldfh,JSTorrent Lite,
jlhmegenoilhfkhacgpboanimafflkej,IB,
hmbjbjdpkobdjplfobhljndfdfdipjhg,Zoom,
onjagdlodpelngdcbaocbcmcnbpppeim,TweetShutter,
pjfembikpggobcoooioekfbijlbnoipj,Everywhere Cash Savings - SavingsKey,
hpmkaagedkdgibcindaobjflbineoced,Pôle Emploi connexion automatique,
lgadfclmbfhdhlncihnnodkmgokeoeii,Vause Live Extension,
cekkjidhkmoilcijlamfbkecmlckgakl,Coupons,
iioflhiclipmefbnlfphcjidamknmckc,Chiasenhac Downloader 2,
hmjofdjfgjjejhgjigakoaddbgldgjai,Twitch Control,
dijacdkpjhehbpkhpikndjfengacahdf,Cook County - Reconcile Recordings,
gimgacfdcnjedjjplklalkonbfihhhom,Dave's Right Capital Scraper,
plbecffbacoioopdelacokpbffenpmnj,Reddit Bernie Filter,
emgeioodbdkocgffmnfdhjldnefeikeb,TweetBlock,
acahdkmldidehhcandfnccicjgomlpkh,NCTU Awesome,
ofmhmbhdaimgokfiepfahfppcbagbbib,Yahoo Finance Portfolio Editor,
pbcekclobcikjpjfppoodgjbiieckeik,Vegarando,
khnnjllikjnfpdmbbiapgdmfpekfgbon,shitemove,
hfllccbpfhekgekjlippaalabbankgpd,BiliForeign,
mdjljoiaeenpboejapmbogfjpdljjndh,REVE Chat- Screen Sharing & Cobrowsing Plugin,
peblgjafllfpndniijaemianngmokbcf,Inspect API calls,
pnaakcbdjnoonepgkjmjlhkaabalaccg,Scout Message AI,
ednimgjohjhheeichenpnbidkmjmdhae,Transform Qrcode,
mjpehbafabejicbgnchgmhnleppcbgfi,DataLink™ for TriCaster™,
bfbcpdihkdmpoofmickpcfpnbfhcgppe,Salesforce Labeler,
jnopklbodbdipinacdplbniamfkiilko,SK Liner,
mgddlmpcgnledineknbjbbgbolhcppem,"Tagmmer, store any file & any weblink.",
pfblhojcabkhbbljcalohlkpmmnkkjdf,Twitter Noti,
hkgihfjgjijemldpkgjlkkhikpkbpkgo,Gmail送信ボタン非表示,
fdbennihdlknligjbmnimidhimbnhkoj,QuickQuran,
ajfifdakgacpjllamppnabgkechmgbgi,VCS Screen Sharing Utility,
glaffjplfihhkhanmgaajakfjfmjifng,Vivec TV,
jhfmaajnhaefnlhhhaegnnegpgbfmjcd,Event Anywhere Recorder,
fekkecoifalagdiibmfnmjfmgmpblogb,Crypto Miner Blocker,
kknadfnioehgehbfhiadjdjjcpokdbph,Gmail AutoReply System,
idohdjandeakafhgigijglebmhfflhfo,BS Finder,
jgobhmekjaocibnfnenbpeeipkkpdlia,Tread lightly,
flaapcahnfhblpeecnkagoefeeapaigf,FIGHTBACK.club,
ajhngnoepmkjnglolfehdoihcoljpjhg,Whitenoisefy,
jnjncihbldalfbjfjdenmkgpclamonhj,TDSBuddy.in,
ffbaiaopjdfockjhdjphfblionkbimno,Insights Extension,
ghfkjegfhjnboafgiihfipifljjlgibc,HeroTab,
pfenekhojchokjimnefpabfmcghjcipa,video play speed,
ljpepihlcaghcgodcbkodeednogneeep,CPL MerlinBeta,
ljcbjjicindakkogedmfegopcpjdbdjn,AdFr.ee,
jfbdagichcdaofdpgfafbhdmlfegibnd,fraud_alert,
fcmpknibkojfpfelgndildinbpknnlbp,Intention,
cdkhdaiknbgcdjnlmkeibnegkbmcpnae,Matrix Operation,
chhgenchnbjmmdhclkgcmimjppnkjfad,Forced to Rhyme,
hipbkcongpofpopooldngkdokblfjkhc,Time to run?,
ejolcffacbjfnnejndogeigpibkhbgnp,Better SEC archive,
phnibnenhhconakenehbdpgedahahboi,Astuces pour les canalisations,
iknjhcclpcildaklifghhjblmbjpkole,Flowbot44's Axie Infinity Extension,
kjdhdamemgfkkhblkfomomoohigekhll,Unimelb WAM Checker,
fobleebnacmobpnalfiadomkljppdpnh,BuinCraft,
kpfmkkjohindfmbmfbogbckockamiffc,NEST,
ghkcfafdidmbelnenmpabhopldgabcdf,ESLTwitch,
cdcgjiipejlccjkbcabdapfggpfhjdoa,Kneon HyperMedia™ Platform,
ldljnodkpcaoenfndnmfpehmeacpnnbk,TimestampHelper,
ohjbjcpiglajhcjabpgmmdeihekgmhnf,Pobuca Connect - Contact Management,
bnanndnbkeednbkmmpceidkphbcmkomn,NGI Eolo 10 quotas,
lgdmnghdmjmfnlcponkapgpmdijifoff,Undead,
nafpaehhiebmplponikkijlebkljdnni,Bandcamper,
fghnfpdniphacgofkmokmbikefohfgof,Mad Stand Up,
jdbnfgenpefhbpcfbfemlmjeknlbccci,Save to Readmoo,
fdmmnlngdjmlkjebojeeficgcehnakda,Page Backlinks,
feoddkggeangnmgoomlcdldcffoidake,YouTube Recommendation Decliner,
odmfcflhaafdhoaklicjpgmimgpeoifo,右側龜龜-股票看盤工具,
gemnnoleeghoopacifipccmkpiakghab,广告精灵 - 最强广告拦截器,
koglokeamlegaaidhjnjdbifcpnkoafg,Warn Me,
agojidbchpjclielbaibojabjojbijnb,Тема для YouTube - Темный карбон,
hlcjhadhddnemecoplpbcpggmcpjlfjo,NComputing vCAST Extension,
hcjehejpankhfgchggllpehjoleheidm,GitHub Approve/Deny,
mdndebgmmmgdkedinbdmifkjllbibjjh,Original Content Only,
modhnfpkgooaagmmfncaondnlajjjmlf,Neopets mail enhancer,
jdkladoagcdhjdjhbocfeagmifoacohg,alt-right to modern nazi party,
pfaadngdpaokechkeccaimodnieinmlo,Chatwork To All,
bmmfmohfjjppegklllannmmbbnopdnif,markdown mermaid,
hmbbnfkcmhgeaaifnieaiiifcoogkjbh,BreathWatch,
apdkclopegaflhehflfdieginkoiejjj,Five9 Softphone Extension,
lfllckjedncenonjjdkgagfaabimhigm,人狼日記 ブックマーク,
fpaaamgmddhehlkjfcknmnaigbdnkeci,Virtuo Desktop Streamer,
jjeknnigbkhhilfjhoijbddeaihdpmdi,Perfect YaHei,
akafbjhdchpcpmgjhfjboibjhgnllnph,Dark MTUCI,
pepkdfjfojjgfkdambeebddeannkipao,팝업메뉴Fix,
deiigoeobcgcdnheaniijmmknbmikpdh,GitLab Comment Focus,
feakgihdgfahcdcpfkffdgllafcbklck,DeepSeek Search,
jolheiipneamokgnlmfbnmkngphjpnji,Selection to file,
gnofllnnijbicdhkcjhjnieopjgmmncf,QzhDDR,
pgjecedjgcljabpepdcgnpbgmkemhfmj,光子易信息采集工具,
fkccjmkhdcnogpgaojnglaheohcjodno,Fancy Text Generator,
bgoiffehmhngmehlbmcepkfikalopkgo,AOSSIE Scholar,
hcikbhaofckoicfipnmnpaooipldiboa,Heart Flower Wallpaper,
hhdfnabgfonofjfafeiiaakmkkfaedfi,TinySketch,
nlgbnknjhnheljkebhdcipbpobghkngj,Jade flower wallpaper,
kfpcpkpikobohejllkmjclijeggohlbi,Wikipedia Preview,
dibilpekhfnlccjpcgkkancjamoeljcp,MagicScript: App Store Connect Automation,
bmeagdnojhgdgaoeiknnahagmdeakhkd,Disable FB Auto-Refresh,
jdemnnnmkdknnoinbfmeonmlblfbpbnl,Unreel,
acooapfojjojiggjhbekfelolcbjnaeg,Free Trial Extension!,
npojnlhhfjfahofkahkjpljalfmbhcof,ComfortView,
